/*******************************************************************************
 * Size: 34 px
 * Bpp: 4
 * Opts: --font /fonts/Montserrat-Bold.ttf -o /fonts/font_h2_data.c --size 34 --bpp 4 --format lvgl --no-compress --symbols °—• --range 0x20-0x7F
 ******************************************************************************/

#ifdef __has_include
    #if __has_include("lvgl.h")
        #ifndef LV_LVGL_H_INCLUDE_SIMPLE
            #define LV_LVGL_H_INCLUDE_SIMPLE
        #endif
    #endif
#endif

#ifdef LV_LVGL_H_INCLUDE_SIMPLE
    #include "lvgl.h"
#else
    #include "lvgl/lvgl.h"
#endif



#ifndef FONT_H2_DATA
#define FONT_H2_DATA 1
#endif

#if FONT_H2_DATA

/*-----------------
 *    BITMAPS
 *----------------*/

/*Store the image of the glyphs*/
static LV_ATTRIBUTE_LARGE_CONST const uint8_t glyph_bitmap[] = {
    /* U+0020 " " */

    /* U+0021 "!" */
    0x3f, 0xff, 0xff, 0xf0, 0x2f, 0xff, 0xff, 0xf0,
    0x1f, 0xff, 0xff, 0xe0, 0x0f, 0xff, 0xff, 0xd0,
    0x0e, 0xff, 0xff, 0xc0, 0x0d, 0xff, 0xff, 0xb0,
    0x0c, 0xff, 0xff, 0xa0, 0x0b, 0xff, 0xff, 0x90,
    0x0a, 0xff, 0xff, 0x80, 0x09, 0xff, 0xff, 0x70,
    0x08, 0xff, 0xff, 0x60, 0x07, 0xff, 0xff, 0x50,
    0x06, 0xff, 0xff, 0x40, 0x05, 0xff, 0xff, 0x30,
    0x04, 0xff, 0xff, 0x10, 0x02, 0xee, 0xee, 0x00,
    0x00, 0x00, 0x00, 0x00, 0x00, 0x03, 0x20, 0x00,
    0x04, 0xef, 0xfd, 0x20, 0x0e, 0xff, 0xff, 0xd0,
    0x4f, 0xff, 0xff, 0xf1, 0x3f, 0xff, 0xff, 0xf0,
    0x0c, 0xff, 0xff, 0xa0, 0x01, 0xae, 0xe9, 0x00,

    /* U+0022 "\"" */
    0x5f, 0xff, 0xf2, 0x05, 0xff, 0xff, 0x24, 0xff,
    0xff, 0x20, 0x4f, 0xff, 0xf2, 0x3f, 0xff, 0xf1,
    0x03, 0xff, 0xff, 0x13, 0xff, 0xff, 0x00, 0x3f,
    0xff, 0xf0, 0x2f, 0xff, 0xf0, 0x02, 0xff, 0xff,
    0x02, 0xff, 0xff, 0x00, 0x2f, 0xff, 0xf0, 0x1f,
    0xff, 0xf0, 0x01, 0xff, 0xff, 0x01, 0xff, 0xfe,
    0x00, 0x1f, 0xff, 0xe0, 0x0f, 0xff, 0xd0, 0x00,
    0xff, 0xfd, 0x00, 0xee, 0xeb, 0x00, 0x0d, 0xee,
    0xb0,

    /* U+0023 "#" */
    0x00, 0x00, 0x00, 0x0a, 0xff, 0xf2, 0x00, 0x00,
    0xdf, 0xff, 0x00, 0x00, 0x00, 0x00, 0x00, 0x0c,
    0xff, 0xf0, 0x00, 0x00, 0xff, 0xfd, 0x00, 0x00,
    0x00, 0x00, 0x00, 0x0e, 0xff, 0xe0, 0x00, 0x02,
    0xff, 0xfa, 0x00, 0x00, 0x00, 0x00, 0x00, 0x1f,
    0xff, 0xb0, 0x00, 0x04, 0xff, 0xf8, 0x00, 0x00,
    0x00, 0x00, 0x00, 0x3f, 0xff, 0x90, 0x00, 0x06,
    0xff, 0xf6, 0x00, 0x00, 0x02, 0xff, 0xff, 0xff,
    0xff, 0xff, 0xff, 0xff, 0xff, 0xff, 0xff, 0xfc,
    0x02, 0xff, 0xff, 0xff, 0xff, 0xff, 0xff, 0xff,
    0xff, 0xff, 0xff, 0xfc, 0x02, 0xff, 0xff, 0xff,
    0xff, 0xff, 0xff, 0xff, 0xff, 0xff, 0xff, 0xfc,
    0x01, 0xcc, 0xcc, 0xff, 0xff, 0xdc, 0xcc, 0xcf,
    0xff, 0xfc, 0xcc, 0xca, 0x00, 0x00, 0x00, 0xdf,
    0xff, 0x00, 0x00, 0x0f, 0xff, 0xd0, 0x00, 0x00,
    0x00, 0x00, 0x00, 0xff, 0xfe, 0x00, 0x00, 0x1f,
    0xff, 0xb0, 0x00, 0x00, 0x00, 0x00, 0x00, 0xff,
    0xfc, 0x00, 0x00, 0x3f, 0xff, 0x90, 0x00, 0x00,
    0x00, 0x00, 0x02, 0xff, 0xfb, 0x00, 0x00, 0x4f,
    0xff, 0x70, 0x00, 0x00, 0x00, 0x00, 0x04, 0xff,
    0xf9, 0x00, 0x00, 0x6f, 0xff, 0x60, 0x00, 0x00,
    0x00, 0x00, 0x05, 0xff, 0xf7, 0x00, 0x00, 0x8f,
    0xff, 0x40, 0x00, 0x00, 0x5f, 0xff, 0xff, 0xff,
    0xff, 0xff, 0xff, 0xff, 0xff, 0xff, 0xff, 0xa0,
    0x5f, 0xff, 0xff, 0xff, 0xff, 0xff, 0xff, 0xff,
    0xff, 0xff, 0xff, 0xa0, 0x5f, 0xff, 0xff, 0xff,
    0xff, 0xff, 0xff, 0xff, 0xff, 0xff, 0xff, 0xa0,
    0x3c, 0xcc, 0xcf, 0xff, 0xfc, 0xcc, 0xcc, 0xff,
    0xff, 0xcc, 0xcc, 0x80, 0x00, 0x00, 0x0f, 0xff,
    0xd0, 0x00, 0x02, 0xff, 0xfb, 0x00, 0x00, 0x00,
    0x00, 0x00, 0x1f, 0xff, 0xb0, 0x00, 0x04, 0xff,
    0xf8, 0x00, 0x00, 0x00, 0x00, 0x00, 0x3f, 0xff,
    0x90, 0x00, 0x06, 0xff, 0xf6, 0x00, 0x00, 0x00,
    0x00, 0x00, 0x5f, 0xff, 0x70, 0x00, 0x08, 0xff,
    0xf4, 0x00, 0x00, 0x00, 0x00, 0x00, 0x7f, 0xff,
    0x50, 0x00, 0x0a, 0xff, 0xf2, 0x00, 0x00, 0x00,

    /* U+0024 "$" */
    0x00, 0x00, 0x00, 0x00, 0x07, 0xbb, 0x80, 0x00,
    0x00, 0x00, 0x00, 0x00, 0x00, 0x00, 0x00, 0xaf,
    0xfc, 0x00, 0x00, 0x00, 0x00, 0x00, 0x00, 0x00,
    0x00, 0x0a, 0xff, 0xc0, 0x00, 0x00, 0x00, 0x00,
    0x00, 0x00, 0x00, 0x00, 0xaf, 0xfc, 0x00, 0x00,
    0x00, 0x00, 0x00, 0x00, 0x00, 0x00, 0x0a, 0xff,
    0xc0, 0x00, 0x00, 0x00, 0x00, 0x00, 0x00, 0x05,
    0xad, 0xff, 0xff, 0xfd, 0xa7, 0x10, 0x00, 0x00,
    0x00, 0x5e, 0xff, 0xff, 0xff, 0xff, 0xff, 0xff,
    0xb2, 0x00, 0x00, 0x9f, 0xff, 0xff, 0xff, 0xff,
    0xff, 0xff, 0xff, 0x70, 0x00, 0x6f, 0xff, 0xff,
    0xff, 0xff, 0xff, 0xff, 0xff, 0xf1, 0x00, 0x0e,
    0xff, 0xff, 0xfb, 0xdf, 0xfd, 0x6a, 0xef, 0xfa,
    0x00, 0x05, 0xff, 0xff, 0xf7, 0x0a, 0xff, 0xc0,
    0x00, 0x5c, 0x30, 0x00, 0x7f, 0xff, 0xff, 0x00,
    0xaf, 0xfc, 0x00, 0x00, 0x00, 0x00, 0x08, 0xff,
    0xff, 0xf1, 0x0a, 0xff, 0xc0, 0x00, 0x00, 0x00,
    0x00, 0x6f, 0xff, 0xff, 0xc2, 0xaf, 0xfc, 0x00,
    0x00, 0x00, 0x00, 0x02, 0xff, 0xff, 0xff, 0xff,
    0xff, 0xc0, 0x00, 0x00, 0x00, 0x00, 0x09, 0xff,
    0xff, 0xff, 0xff, 0xff, 0xc8, 0x30, 0x00, 0x00,
    0x00, 0x0a, 0xff, 0xff, 0xff, 0xff, 0xff, 0xff,
    0xd6, 0x00, 0x00, 0x00, 0x05, 0xdf, 0xff, 0xff,
    0xff, 0xff, 0xff, 0xfb, 0x10, 0x00, 0x00, 0x00,
    0x38, 0xdf, 0xff, 0xff, 0xff, 0xff, 0xfb, 0x00,
    0x00, 0x00, 0x00, 0x00, 0xaf, 0xff, 0xff, 0xff,
    0xff, 0xf4, 0x00, 0x00, 0x00, 0x00, 0x0a, 0xff,
    0xc3, 0xcf, 0xff, 0xff, 0x90, 0x00, 0x00, 0x00,
    0x00, 0xaf, 0xfc, 0x00, 0xef, 0xff, 0xfb, 0x00,
    0x34, 0x00, 0x00, 0x0a, 0xff, 0xc0, 0x0c, 0xff,
    0xff, 0xa0, 0x0b, 0xfb, 0x40, 0x00, 0xaf, 0xfc,
    0x04, 0xff, 0xff, 0xf7, 0x02, 0xff, 0xff, 0xea,
    0x7c, 0xff, 0xda, 0xff, 0xff, 0xff, 0x10, 0xaf,
    0xff, 0xff, 0xff, 0xff, 0xff, 0xff, 0xff, 0xff,
    0x80, 0x0b, 0xff, 0xff, 0xff, 0xff, 0xff, 0xff,
    0xff, 0xff, 0xa0, 0x00, 0x05, 0xdf, 0xff, 0xff,
    0xff, 0xff, 0xff, 0xfe, 0x60, 0x00, 0x00, 0x00,
    0x37, 0xbd, 0xff, 0xff, 0xfd, 0xa5, 0x00, 0x00,
    0x00, 0x00, 0x00, 0x00, 0x00, 0xaf, 0xfc, 0x00,
    0x00, 0x00, 0x00, 0x00, 0x00, 0x00, 0x00, 0x0a,
    0xff, 0xc0, 0x00, 0x00, 0x00, 0x00, 0x00, 0x00,
    0x00, 0x00, 0xaf, 0xfc, 0x00, 0x00, 0x00, 0x00,
    0x00, 0x00, 0x00, 0x00, 0x0a, 0xff, 0xc0, 0x00,
    0x00, 0x00, 0x00,

    /* U+0025 "%" */
    0x00, 0x01, 0x8d, 0xff, 0xc6, 0x00, 0x00, 0x00,
    0x00, 0x00, 0x5f, 0xff, 0xb0, 0x00, 0x00, 0x03,
    0xef, 0xff, 0xff, 0xfb, 0x00, 0x00, 0x00, 0x00,
    0x1e, 0xff, 0xe1, 0x00, 0x00, 0x01, 0xef, 0xff,
    0xef, 0xff, 0xfa, 0x00, 0x00, 0x00, 0x0a, 0xff,
    0xf5, 0x00, 0x00, 0x00, 0x8f, 0xff, 0x50, 0x0a,
    0xff, 0xf2, 0x00, 0x00, 0x05, 0xff, 0xfb, 0x00,
    0x00, 0x00, 0x0d, 0xff, 0xb0, 0x00, 0x1f, 0xff,
    0x70, 0x00, 0x01, 0xef, 0xfe, 0x10, 0x00, 0x00,
    0x00, 0xff, 0xf7, 0x00, 0x00, 0xcf, 0xfa, 0x00,
    0x00, 0xbf, 0xff, 0x50, 0x00, 0x00, 0x00, 0x0f,
    0xff, 0x60, 0x00, 0x0b, 0xff, 0xb0, 0x00, 0x6f,
    0xff, 0xa0, 0x00, 0x00, 0x00, 0x00, 0xff, 0xf7,
    0x00, 0x00, 0xcf, 0xfa, 0x00, 0x1f, 0xff, 0xe1,
    0x00, 0x00, 0x00, 0x00, 0x0d, 0xff, 0xb0, 0x00,
    0x1f, 0xff, 0x70, 0x0b, 0xff, 0xf4, 0x00, 0x00,
    0x00, 0x00, 0x00, 0x7f, 0xff, 0x71, 0x2c, 0xff,
    0xf2, 0x06, 0xff, 0xfa, 0x00, 0x00, 0x00, 0x00,
    0x00, 0x00, 0xdf, 0xff, 0xff, 0xff, 0xf8, 0x02,
    0xff, 0xfe, 0x10, 0x4a, 0xcc, 0xa4, 0x00, 0x00,
    0x02, 0xdf, 0xff, 0xff, 0xf9, 0x00, 0xcf, 0xff,
    0x40, 0xaf, 0xff, 0xff, 0xfa, 0x00, 0x00, 0x00,
    0x6b, 0xdc, 0xa4, 0x00, 0x7f, 0xff, 0x90, 0x9f,
    0xff, 0xff, 0xff, 0xf9, 0x00, 0x00, 0x00, 0x00,
    0x00, 0x00, 0x2f, 0xff, 0xd0, 0x2f, 0xff, 0xa1,
    0x1a, 0xff, 0xf2, 0x00, 0x00, 0x00, 0x00, 0x00,
    0x0c, 0xff, 0xf4, 0x08, 0xff, 0xe0, 0x00, 0x0e,
    0xff, 0x80, 0x00, 0x00, 0x00, 0x00, 0x07, 0xff,
    0xf9, 0x00, 0xcf, 0xfa, 0x00, 0x00, 0xaf, 0xfc,
    0x00, 0x00, 0x00, 0x00, 0x02, 0xff, 0xfd, 0x00,
    0x0d, 0xff, 0x80, 0x00, 0x08, 0xff, 0xd0, 0x00,
    0x00, 0x00, 0x00, 0xcf, 0xff, 0x30, 0x00, 0xdf,
    0xf8, 0x00, 0x00, 0x8f, 0xfd, 0x00, 0x00, 0x00,
    0x00, 0x8f, 0xff, 0x80, 0x00, 0x0c, 0xff, 0x90,
    0x00, 0x0a, 0xff, 0xc0, 0x00, 0x00, 0x00, 0x3f,
    0xff, 0xd0, 0x00, 0x00, 0x9f, 0xfd, 0x00, 0x00,
    0xef, 0xf9, 0x00, 0x00, 0x00, 0x0d, 0xff, 0xf3,
    0x00, 0x00, 0x03, 0xff, 0xf9, 0x00, 0x9f, 0xff,
    0x30, 0x00, 0x00, 0x08, 0xff, 0xf8, 0x00, 0x00,
    0x00, 0x0b, 0xff, 0xff, 0xff, 0xff, 0xb0, 0x00,
    0x00, 0x03, 0xff, 0xfc, 0x00, 0x00, 0x00, 0x00,
    0x1c, 0xff, 0xff, 0xff, 0xc1, 0x00, 0x00, 0x00,
    0xdf, 0xff, 0x20, 0x00, 0x00, 0x00, 0x00, 0x07,
    0xcf, 0xfc, 0x70, 0x00,

    /* U+0026 "&" */
    0x00, 0x00, 0x00, 0x39, 0xde, 0xfe, 0xc8, 0x10,
    0x00, 0x00, 0x00, 0x00, 0x00, 0x01, 0xbf, 0xff,
    0xff, 0xff, 0xff, 0x60, 0x00, 0x00, 0x00, 0x00,
    0x00, 0xcf, 0xff, 0xff, 0xff, 0xff, 0xff, 0x50,
    0x00, 0x00, 0x00, 0x00, 0x7f, 0xff, 0xff, 0xdb,
    0xef, 0xff, 0xfe, 0x00, 0x00, 0x00, 0x00, 0x0c,
    0xff, 0xff, 0x60, 0x00, 0xaf, 0xff, 0xf2, 0x00,
    0x00, 0x00, 0x00, 0xff, 0xff, 0xe0, 0x00, 0x04,
    0xff, 0xff, 0x30, 0x00, 0x00, 0x00, 0x0e, 0xff,
    0xfe, 0x00, 0x00, 0x7f, 0xff, 0xf1, 0x00, 0x00,
    0x00, 0x00, 0xaf, 0xff, 0xf6, 0x00, 0x3f, 0xff,
    0xfc, 0x00, 0x00, 0x00, 0x00, 0x03, 0xff, 0xff,
    0xf4, 0x7f, 0xff, 0xff, 0x30, 0x00, 0x00, 0x00,
    0x00, 0x08, 0xff, 0xff, 0xff, 0xff, 0xfe, 0x40,
    0x00, 0x00, 0x00, 0x00, 0x00, 0x0c, 0xff, 0xff,
    0xff, 0xfb, 0x10, 0x00, 0x00, 0x00, 0x00, 0x00,
    0x2b, 0xff, 0xff, 0xff, 0xfd, 0x10, 0x00, 0x04,
    0x00, 0x00, 0x00, 0x4f, 0xff, 0xff, 0xff, 0xff,
    0xfd, 0x10, 0x01, 0xff, 0xb6, 0x10, 0x4f, 0xff,
    0xff, 0xd7, 0xff, 0xff, 0xfe, 0x30, 0x6f, 0xff,
    0xf3, 0x1e, 0xff, 0xff, 0x90, 0x04, 0xff, 0xff,
    0xff, 0x4c, 0xff, 0xfe, 0x06, 0xff, 0xff, 0xd0,
    0x00, 0x03, 0xef, 0xff, 0xff, 0xff, 0xff, 0x90,
    0xaf, 0xff, 0xf7, 0x00, 0x00, 0x02, 0xdf, 0xff,
    0xff, 0xff, 0xf1, 0x0c, 0xff, 0xff, 0x80, 0x00,
    0x00, 0x01, 0xcf, 0xff, 0xff, 0xf8, 0x00, 0xbf,
    0xff, 0xfe, 0x20, 0x00, 0x00, 0x04, 0xff, 0xff,
    0xff, 0xb0, 0x06, 0xff, 0xff, 0xff, 0xa6, 0x44,
    0x7c, 0xff, 0xff, 0xff, 0xff, 0xc1, 0x0d, 0xff,
    0xff, 0xff, 0xff, 0xff, 0xff, 0xff, 0xff, 0xff,
    0xff, 0xb0, 0x1d, 0xff, 0xff, 0xff, 0xff, 0xff,
    0xff, 0xfc, 0x8f, 0xff, 0xf3, 0x00, 0x19, 0xff,
    0xff, 0xff, 0xff, 0xff, 0xe7, 0x00, 0x7f, 0xf5,
    0x00, 0x00, 0x01, 0x6b, 0xde, 0xfe, 0xd9, 0x50,
    0x00, 0x00, 0x68, 0x00,

    /* U+0027 "'" */
    0x5f, 0xff, 0xf2, 0x4f, 0xff, 0xf2, 0x3f, 0xff,
    0xf1, 0x3f, 0xff, 0xf0, 0x2f, 0xff, 0xf0, 0x2f,
    0xff, 0xf0, 0x1f, 0xff, 0xf0, 0x1f, 0xff, 0xe0,
    0x0f, 0xff, 0xd0, 0x0e, 0xee, 0xb0,

    /* U+0028 "(" */
    0x00, 0x00, 0x49, 0x99, 0x95, 0x00, 0x00, 0xdf,
    0xff, 0xf3, 0x00, 0x07, 0xff, 0xff, 0xb0, 0x00,
    0x0e, 0xff, 0xff, 0x40, 0x00, 0x5f, 0xff, 0xfe,
    0x00, 0x00, 0xbf, 0xff, 0xf8, 0x00, 0x01, 0xff,
    0xff, 0xf2, 0x00, 0x05, 0xff, 0xff, 0xe0, 0x00,
    0x09, 0xff, 0xff, 0xa0, 0x00, 0x0d, 0xff, 0xff,
    0x70, 0x00, 0x0f, 0xff, 0xff, 0x40, 0x00, 0x2f,
    0xff, 0xff, 0x10, 0x00, 0x4f, 0xff, 0xfe, 0x00,
    0x00, 0x5f, 0xff, 0xfd, 0x00, 0x00, 0x7f, 0xff,
    0xfc, 0x00, 0x00, 0x7f, 0xff, 0xfc, 0x00, 0x00,
    0x8f, 0xff, 0xfb, 0x00, 0x00, 0x7f, 0xff, 0xfb,
    0x00, 0x00, 0x7f, 0xff, 0xfc, 0x00, 0x00, 0x6f,
    0xff, 0xfd, 0x00, 0x00, 0x5f, 0xff, 0xfe, 0x00,
    0x00, 0x3f, 0xff, 0xff, 0x00, 0x00, 0x1f, 0xff,
    0xff, 0x30, 0x00, 0x0e, 0xff, 0xff, 0x50, 0x00,
    0x0b, 0xff, 0xff, 0x80, 0x00, 0x07, 0xff, 0xff,
    0xc0, 0x00, 0x02, 0xff, 0xff, 0xf1, 0x00, 0x00,
    0xdf, 0xff, 0xf5, 0x00, 0x00, 0x8f, 0xff, 0xfb,
    0x00, 0x00, 0x2f, 0xff, 0xff, 0x20, 0x00, 0x0a,
    0xff, 0xff, 0x80, 0x00, 0x02, 0xff, 0xff, 0xf1,
    0x00, 0x00, 0x9f, 0xff, 0xf8,

    /* U+0029 ")" */
    0x49, 0x99, 0x95, 0x00, 0x00, 0x2f, 0xff, 0xff,
    0x10, 0x00, 0x09, 0xff, 0xff, 0x90, 0x00, 0x02,
    0xff, 0xff, 0xf1, 0x00, 0x00, 0xbf, 0xff, 0xf7,
    0x00, 0x00, 0x6f, 0xff, 0xfe, 0x00, 0x00, 0x0f,
    0xff, 0xff, 0x30, 0x00, 0x0b, 0xff, 0xff, 0x80,
    0x00, 0x07, 0xff, 0xff, 0xc0, 0x00, 0x04, 0xff,
    0xff, 0xf0, 0x00, 0x01, 0xff, 0xff, 0xf2, 0x00,
    0x00, 0xef, 0xff, 0xf5, 0x00, 0x00, 0xcf, 0xff,
    0xf7, 0x00, 0x00, 0xbf, 0xff, 0xf8, 0x00, 0x00,
    0xaf, 0xff, 0xf9, 0x00, 0x00, 0x9f, 0xff, 0xfa,
    0x00, 0x00, 0x8f, 0xff, 0xfa, 0x00, 0x00, 0x9f,
    0xff, 0xfa, 0x00, 0x00, 0x9f, 0xff, 0xfa, 0x00,
    0x00, 0xaf, 0xff, 0xf9, 0x00, 0x00, 0xbf, 0xff,
    0xf7, 0x00, 0x00, 0xdf, 0xff, 0xf6, 0x00, 0x00,
    0xff, 0xff, 0xf3, 0x00, 0x03, 0xff, 0xff, 0xf1,
    0x00, 0x06, 0xff, 0xff, 0xd0, 0x00, 0x09, 0xff,
    0xff, 0x90, 0x00, 0x0e, 0xff, 0xff, 0x50, 0x00,
    0x3f, 0xff, 0xff, 0x00, 0x00, 0x9f, 0xff, 0xfa,
    0x00, 0x00, 0xef, 0xff, 0xf4, 0x00, 0x06, 0xff,
    0xff, 0xc0, 0x00, 0x0d, 0xff, 0xff, 0x40, 0x00,
    0x6f, 0xff, 0xfb, 0x00, 0x00,

    /* U+002A "*" */
    0x00, 0x00, 0x02, 0xcc, 0xb0, 0x00, 0x00, 0x00,
    0x00, 0x00, 0x3f, 0xff, 0x00, 0x00, 0x00, 0x02,
    0x80, 0x03, 0xff, 0xe0, 0x02, 0x80, 0x00, 0xaf,
    0xe4, 0x3f, 0xfe, 0x07, 0xff, 0x60, 0x3f, 0xff,
    0xfc, 0xff, 0xfd, 0xff, 0xfe, 0x11, 0xaf, 0xff,
    0xff, 0xff, 0xff, 0xff, 0x80, 0x00, 0x3c, 0xff,
    0xff, 0xff, 0xfa, 0x10, 0x00, 0x00, 0x8f, 0xff,
    0xff, 0xfe, 0x50, 0x00, 0x06, 0xef, 0xff, 0xff,
    0xff, 0xff, 0xc3, 0x05, 0xff, 0xff, 0xff, 0xff,
    0xff, 0xff, 0xf1, 0x0c, 0xff, 0x83, 0xff, 0xe2,
    0xbf, 0xf8, 0x00, 0x3c, 0x20, 0x3f, 0xfe, 0x00,
    0x5c, 0x00, 0x00, 0x00, 0x03, 0xff, 0xf0, 0x00,
    0x00, 0x00, 0x00, 0x00, 0x3f, 0xff, 0x00, 0x00,
    0x00,

    /* U+002B "+" */
    0x00, 0x00, 0x00, 0x11, 0x11, 0x00, 0x00, 0x00,
    0x00, 0x00, 0x00, 0x0f, 0xff, 0xf6, 0x00, 0x00,
    0x00, 0x00, 0x00, 0x00, 0xff, 0xff, 0x60, 0x00,
    0x00, 0x00, 0x00, 0x00, 0x0f, 0xff, 0xf6, 0x00,
    0x00, 0x00, 0x00, 0x00, 0x00, 0xff, 0xff, 0x60,
    0x00, 0x00, 0x00, 0x00, 0x00, 0x0f, 0xff, 0xf6,
    0x00, 0x00, 0x00, 0x33, 0x33, 0x33, 0xff, 0xff,
    0x83, 0x33, 0x33, 0x1e, 0xff, 0xff, 0xff, 0xff,
    0xff, 0xff, 0xff, 0xf4, 0xef, 0xff, 0xff, 0xff,
    0xff, 0xff, 0xff, 0xff, 0x4e, 0xff, 0xff, 0xff,
    0xff, 0xff, 0xff, 0xff, 0xf4, 0xef, 0xff, 0xff,
    0xff, 0xff, 0xff, 0xff, 0xff, 0x40, 0x00, 0x00,
    0x0f, 0xff, 0xf6, 0x00, 0x00, 0x00, 0x00, 0x00,
    0x00, 0xff, 0xff, 0x60, 0x00, 0x00, 0x00, 0x00,
    0x00, 0x0f, 0xff, 0xf6, 0x00, 0x00, 0x00, 0x00,
    0x00, 0x00, 0xff, 0xff, 0x60, 0x00, 0x00, 0x00,
    0x00, 0x00, 0x0f, 0xff, 0xf6, 0x00, 0x00, 0x00,
    0x00, 0x00, 0x00, 0xff, 0xff, 0x60, 0x00, 0x00,
    0x00,

    /* U+002C "," */
    0x02, 0xac, 0xa2, 0x02, 0xff, 0xff, 0xf2, 0xaf,
    0xff, 0xff, 0x9c, 0xff, 0xff, 0xfb, 0xaf, 0xff,
    0xff, 0x93, 0xff, 0xff, 0xf6, 0x03, 0xff, 0xff,
    0x00, 0x4f, 0xff, 0xa0, 0x08, 0xff, 0xf3, 0x00,
    0xcf, 0xfd, 0x00, 0x1f, 0xff, 0x70, 0x05, 0xff,
    0xf1, 0x00,

    /* U+002D "-" */
    0x15, 0x55, 0x55, 0x55, 0x55, 0x23, 0xff, 0xff,
    0xff, 0xff, 0xf6, 0x3f, 0xff, 0xff, 0xff, 0xff,
    0x63, 0xff, 0xff, 0xff, 0xff, 0xf6, 0x3f, 0xff,
    0xff, 0xff, 0xff, 0x60,

    /* U+002E "." */
    0x01, 0x9b, 0x81, 0x02, 0xff, 0xff, 0xe1, 0xaf,
    0xff, 0xff, 0x8c, 0xff, 0xff, 0xfb, 0xaf, 0xff,
    0xff, 0x93, 0xff, 0xff, 0xf2, 0x04, 0xdf, 0xc4,
    0x00,

    /* U+002F "/" */
    0x00, 0x00, 0x00, 0x00, 0x00, 0x01, 0xff, 0xff,
    0xa0, 0x00, 0x00, 0x00, 0x00, 0x00, 0x6f, 0xff,
    0xf5, 0x00, 0x00, 0x00, 0x00, 0x00, 0x0c, 0xff,
    0xff, 0x00, 0x00, 0x00, 0x00, 0x00, 0x01, 0xff,
    0xff, 0xa0, 0x00, 0x00, 0x00, 0x00, 0x00, 0x7f,
    0xff, 0xf4, 0x00, 0x00, 0x00, 0x00, 0x00, 0x0c,
    0xff, 0xfe, 0x00, 0x00, 0x00, 0x00, 0x00, 0x01,
    0xff, 0xff, 0x90, 0x00, 0x00, 0x00, 0x00, 0x00,
    0x7f, 0xff, 0xf4, 0x00, 0x00, 0x00, 0x00, 0x00,
    0x0c, 0xff, 0xfe, 0x00, 0x00, 0x00, 0x00, 0x00,
    0x02, 0xff, 0xff, 0x90, 0x00, 0x00, 0x00, 0x00,
    0x00, 0x7f, 0xff, 0xf4, 0x00, 0x00, 0x00, 0x00,
    0x00, 0x0d, 0xff, 0xfe, 0x00, 0x00, 0x00, 0x00,
    0x00, 0x02, 0xff, 0xff, 0x90, 0x00, 0x00, 0x00,
    0x00, 0x00, 0x7f, 0xff, 0xf3, 0x00, 0x00, 0x00,
    0x00, 0x00, 0x0d, 0xff, 0xfe, 0x00, 0x00, 0x00,
    0x00, 0x00, 0x02, 0xff, 0xff, 0x80, 0x00, 0x00,
    0x00, 0x00, 0x00, 0x8f, 0xff, 0xf3, 0x00, 0x00,
    0x00, 0x00, 0x00, 0x0d, 0xff, 0xfd, 0x00, 0x00,
    0x00, 0x00, 0x00, 0x03, 0xff, 0xff, 0x80, 0x00,
    0x00, 0x00, 0x00, 0x00, 0x8f, 0xff, 0xf3, 0x00,
    0x00, 0x00, 0x00, 0x00, 0x0d, 0xff, 0xfd, 0x00,
    0x00, 0x00, 0x00, 0x00, 0x03, 0xff, 0xff, 0x80,
    0x00, 0x00, 0x00, 0x00, 0x00, 0x8f, 0xff, 0xf2,
    0x00, 0x00, 0x00, 0x00, 0x00, 0x0e, 0xff, 0xfd,
    0x00, 0x00, 0x00, 0x00, 0x00, 0x03, 0xff, 0xff,
    0x70, 0x00, 0x00, 0x00, 0x00, 0x00, 0x9f, 0xff,
    0xf2, 0x00, 0x00, 0x00, 0x00, 0x00, 0x0e, 0xff,
    0xfd, 0x00, 0x00, 0x00, 0x00, 0x00, 0x04, 0xff,
    0xff, 0x70, 0x00, 0x00, 0x00, 0x00, 0x00, 0x9f,
    0xff, 0xf2, 0x00, 0x00, 0x00, 0x00, 0x00, 0x0e,
    0xff, 0xfc, 0x00, 0x00, 0x00, 0x00, 0x00, 0x04,
    0xff, 0xff, 0x70, 0x00, 0x00, 0x00, 0x00, 0x00,
    0x9f, 0xff, 0xf1, 0x00, 0x00, 0x00, 0x00, 0x00,
    0x0e, 0xff, 0xfc, 0x00, 0x00, 0x00, 0x00, 0x00,
    0x00,

    /* U+0030 "0" */
    0x00, 0x00, 0x00, 0x38, 0xce, 0xff, 0xc9, 0x30,
    0x00, 0x00, 0x00, 0x00, 0x01, 0xaf, 0xff, 0xff,
    0xff, 0xff, 0xb2, 0x00, 0x00, 0x00, 0x02, 0xef,
    0xff, 0xff, 0xff, 0xff, 0xff, 0xf3, 0x00, 0x00,
    0x01, 0xef, 0xff, 0xff, 0xff, 0xff, 0xff, 0xff,
    0xf2, 0x00, 0x00, 0xbf, 0xff, 0xff, 0xfe, 0xce,
    0xff, 0xff, 0xff, 0xc0, 0x00, 0x4f, 0xff, 0xff,
    0xe5, 0x00, 0x04, 0xef, 0xff, 0xff, 0x50, 0x0b,
    0xff, 0xff, 0xf3, 0x00, 0x00, 0x02, 0xff, 0xff,
    0xfc, 0x01, 0xff, 0xff, 0xfa, 0x00, 0x00, 0x00,
    0x08, 0xff, 0xff, 0xf1, 0x5f, 0xff, 0xff, 0x40,
    0x00, 0x00, 0x00, 0x3f, 0xff, 0xff, 0x67, 0xff,
    0xff, 0xf1, 0x00, 0x00, 0x00, 0x00, 0xff, 0xff,
    0xf8, 0x9f, 0xff, 0xff, 0x00, 0x00, 0x00, 0x00,
    0x0e, 0xff, 0xff, 0xaa, 0xff, 0xff, 0xe0, 0x00,
    0x00, 0x00, 0x00, 0xdf, 0xff, 0xfb, 0xaf, 0xff,
    0xfe, 0x00, 0x00, 0x00, 0x00, 0x0d, 0xff, 0xff,
    0xb9, 0xff, 0xff, 0xf0, 0x00, 0x00, 0x00, 0x00,
    0xef, 0xff, 0xfa, 0x7f, 0xff, 0xff, 0x10, 0x00,
    0x00, 0x00, 0x0f, 0xff, 0xff, 0x85, 0xff, 0xff,
    0xf4, 0x00, 0x00, 0x00, 0x03, 0xff, 0xff, 0xf6,
    0x1f, 0xff, 0xff, 0xa0, 0x00, 0x00, 0x00, 0x8f,
    0xff, 0xff, 0x20, 0xbf, 0xff, 0xff, 0x30, 0x00,
    0x00, 0x2f, 0xff, 0xff, 0xc0, 0x04, 0xff, 0xff,
    0xfe, 0x50, 0x00, 0x4e, 0xff, 0xff, 0xf5, 0x00,
    0x0b, 0xff, 0xff, 0xff, 0xec, 0xef, 0xff, 0xff,
    0xfc, 0x00, 0x00, 0x1e, 0xff, 0xff, 0xff, 0xff,
    0xff, 0xff, 0xff, 0x20, 0x00, 0x00, 0x2e, 0xff,
    0xff, 0xff, 0xff, 0xff, 0xff, 0x30, 0x00, 0x00,
    0x00, 0x1a, 0xff, 0xff, 0xff, 0xff, 0xfb, 0x20,
    0x00, 0x00, 0x00, 0x00, 0x03, 0x8c, 0xef, 0xfd,
    0x93, 0x00, 0x00, 0x00,

    /* U+0031 "1" */
    0xcf, 0xff, 0xff, 0xff, 0xff, 0x8c, 0xff, 0xff,
    0xff, 0xff, 0xf8, 0xcf, 0xff, 0xff, 0xff, 0xff,
    0x8c, 0xff, 0xff, 0xff, 0xff, 0xf8, 0x68, 0x88,
    0x8f, 0xff, 0xff, 0x80, 0x00, 0x00, 0xff, 0xff,
    0xf8, 0x00, 0x00, 0x0f, 0xff, 0xff, 0x80, 0x00,
    0x00, 0xff, 0xff, 0xf8, 0x00, 0x00, 0x0f, 0xff,
    0xff, 0x80, 0x00, 0x00, 0xff, 0xff, 0xf8, 0x00,
    0x00, 0x0f, 0xff, 0xff, 0x80, 0x00, 0x00, 0xff,
    0xff, 0xf8, 0x00, 0x00, 0x0f, 0xff, 0xff, 0x80,
    0x00, 0x00, 0xff, 0xff, 0xf8, 0x00, 0x00, 0x0f,
    0xff, 0xff, 0x80, 0x00, 0x00, 0xff, 0xff, 0xf8,
    0x00, 0x00, 0x0f, 0xff, 0xff, 0x80, 0x00, 0x00,
    0xff, 0xff, 0xf8, 0x00, 0x00, 0x0f, 0xff, 0xff,
    0x80, 0x00, 0x00, 0xff, 0xff, 0xf8, 0x00, 0x00,
    0x0f, 0xff, 0xff, 0x80, 0x00, 0x00, 0xff, 0xff,
    0xf8, 0x00, 0x00, 0x0f, 0xff, 0xff, 0x80, 0x00,
    0x00, 0xff, 0xff, 0xf8,

    /* U+0032 "2" */
    0x00, 0x00, 0x16, 0xbd, 0xff, 0xed, 0xa5, 0x00,
    0x00, 0x00, 0x00, 0x19, 0xff, 0xff, 0xff, 0xff,
    0xff, 0xe5, 0x00, 0x00, 0x03, 0xef, 0xff, 0xff,
    0xff, 0xff, 0xff, 0xff, 0x70, 0x00, 0x3f, 0xff,
    0xff, 0xff, 0xff, 0xff, 0xff, 0xff, 0xf5, 0x00,
    0xaf, 0xff, 0xff, 0xfe, 0xcc, 0xef, 0xff, 0xff,
    0xfd, 0x00, 0x07, 0xff, 0xfb, 0x30, 0x00, 0x05,
    0xff, 0xff, 0xff, 0x20, 0x00, 0x1b, 0x80, 0x00,
    0x00, 0x00, 0x7f, 0xff, 0xff, 0x40, 0x00, 0x00,
    0x00, 0x00, 0x00, 0x00, 0x4f, 0xff, 0xff, 0x40,
    0x00, 0x00, 0x00, 0x00, 0x00, 0x00, 0x5f, 0xff,
    0xff, 0x20, 0x00, 0x00, 0x00, 0x00, 0x00, 0x00,
    0xbf, 0xff, 0xfe, 0x00, 0x00, 0x00, 0x00, 0x00,
    0x00, 0x05, 0xff, 0xff, 0xf7, 0x00, 0x00, 0x00,
    0x00, 0x00, 0x00, 0x5f, 0xff, 0xff, 0xd0, 0x00,
    0x00, 0x00, 0x00, 0x00, 0x06, 0xff, 0xff, 0xff,
    0x20, 0x00, 0x00, 0x00, 0x00, 0x00, 0x7f, 0xff,
    0xff, 0xf3, 0x00, 0x00, 0x00, 0x00, 0x00, 0x08,
    0xff, 0xff, 0xfe, 0x30, 0x00, 0x00, 0x00, 0x00,
    0x00, 0x9f, 0xff, 0xff, 0xe2, 0x00, 0x00, 0x00,
    0x00, 0x00, 0x0a, 0xff, 0xff, 0xfd, 0x20, 0x00,
    0x00, 0x00, 0x00, 0x00, 0xbf, 0xff, 0xff, 0xd1,
    0x00, 0x00, 0x00, 0x00, 0x00, 0x1c, 0xff, 0xff,
    0xfc, 0x10, 0x00, 0x00, 0x00, 0x00, 0x01, 0xdf,
    0xff, 0xff, 0xfa, 0x99, 0x99, 0x99, 0x99, 0x91,
    0x0c, 0xff, 0xff, 0xff, 0xff, 0xff, 0xff, 0xff,
    0xff, 0xf1, 0x0e, 0xff, 0xff, 0xff, 0xff, 0xff,
    0xff, 0xff, 0xff, 0xf1, 0x0e, 0xff, 0xff, 0xff,
    0xff, 0xff, 0xff, 0xff, 0xff, 0xf1, 0x0e, 0xff,
    0xff, 0xff, 0xff, 0xff, 0xff, 0xff, 0xff, 0xf1,

    /* U+0033 "3" */
    0x00, 0xdf, 0xff, 0xff, 0xff, 0xff, 0xff, 0xff,
    0xff, 0xd0, 0x00, 0xdf, 0xff, 0xff, 0xff, 0xff,
    0xff, 0xff, 0xff, 0xd0, 0x00, 0xdf, 0xff, 0xff,
    0xff, 0xff, 0xff, 0xff, 0xff, 0xd0, 0x00, 0xdf,
    0xff, 0xff, 0xff, 0xff, 0xff, 0xff, 0xff, 0xc0,
    0x00, 0x68, 0x88, 0x88, 0x88, 0x88, 0xff, 0xff,
    0xfe, 0x20, 0x00, 0x00, 0x00, 0x00, 0x00, 0x0a,
    0xff, 0xff, 0xf3, 0x00, 0x00, 0x00, 0x00, 0x00,
    0x00, 0x8f, 0xff, 0xff, 0x40, 0x00, 0x00, 0x00,
    0x00, 0x00, 0x07, 0xff, 0xff, 0xf5, 0x00, 0x00,
    0x00, 0x00, 0x00, 0x00, 0x5f, 0xff, 0xff, 0x70,
    0x00, 0x00, 0x00, 0x00, 0x00, 0x04, 0xff, 0xff,
    0xfc, 0x20, 0x00, 0x00, 0x00, 0x00, 0x00, 0x09,
    0xff, 0xff, 0xff, 0xfd, 0x50, 0x00, 0x00, 0x00,
    0x00, 0x09, 0xff, 0xff, 0xff, 0xff, 0xfb, 0x00,
    0x00, 0x00, 0x00, 0x09, 0xff, 0xff, 0xff, 0xff,
    0xff, 0xa0, 0x00, 0x00, 0x00, 0x04, 0x77, 0x79,
    0xdf, 0xff, 0xff, 0xf4, 0x00, 0x00, 0x00, 0x00,
    0x00, 0x00, 0x07, 0xff, 0xff, 0xfa, 0x00, 0x00,
    0x00, 0x00, 0x00, 0x00, 0x00, 0xcf, 0xff, 0xfd,
    0x00, 0x00, 0x00, 0x00, 0x00, 0x00, 0x00, 0xaf,
    0xff, 0xfe, 0x00, 0x18, 0x10, 0x00, 0x00, 0x00,
    0x00, 0xef, 0xff, 0xfc, 0x00, 0x8f, 0xe9, 0x30,
    0x00, 0x00, 0x3c, 0xff, 0xff, 0xf9, 0x01, 0xff,
    0xff, 0xff, 0xdc, 0xce, 0xff, 0xff, 0xff, 0xf2,
    0x09, 0xff, 0xff, 0xff, 0xff, 0xff, 0xff, 0xff,
    0xff, 0x90, 0x0a, 0xff, 0xff, 0xff, 0xff, 0xff,
    0xff, 0xff, 0xfa, 0x00, 0x00, 0x4b, 0xff, 0xff,
    0xff, 0xff, 0xff, 0xfe, 0x60, 0x00, 0x00, 0x00,
    0x16, 0x9c, 0xef, 0xfe, 0xda, 0x50, 0x00, 0x00,

    /* U+0034 "4" */
    0x00, 0x00, 0x00, 0x00, 0x00, 0x2f, 0xff, 0xff,
    0xa0, 0x00, 0x00, 0x00, 0x00, 0x00, 0x00, 0x00,
    0x0c, 0xff, 0xff, 0xe1, 0x00, 0x00, 0x00, 0x00,
    0x00, 0x00, 0x00, 0x09, 0xff, 0xff, 0xf4, 0x00,
    0x00, 0x00, 0x00, 0x00, 0x00, 0x00, 0x04, 0xff,
    0xff, 0xf8, 0x00, 0x00, 0x00, 0x00, 0x00, 0x00,
    0x00, 0x01, 0xef, 0xff, 0xfc, 0x00, 0x00, 0x00,
    0x00, 0x00, 0x00, 0x00, 0x00, 0xcf, 0xff, 0xff,
    0x20, 0x00, 0x00, 0x00, 0x00, 0x00, 0x00, 0x00,
    0x8f, 0xff, 0xff, 0x50, 0x00, 0x00, 0x00, 0x00,
    0x00, 0x00, 0x00, 0x4f, 0xff, 0xff, 0xa0, 0x00,
    0x00, 0x00, 0x00, 0x00, 0x00, 0x00, 0x1e, 0xff,
    0xff, 0xd0, 0x00, 0x00, 0x00, 0x00, 0x00, 0x00,
    0x00, 0x0b, 0xff, 0xff, 0xf3, 0x00, 0x11, 0x11,
    0x10, 0x00, 0x00, 0x00, 0x07, 0xff, 0xff, 0xf7,
    0x00, 0x0f, 0xff, 0xff, 0x40, 0x00, 0x00, 0x03,
    0xff, 0xff, 0xfc, 0x00, 0x00, 0xff, 0xff, 0xf4,
    0x00, 0x00, 0x01, 0xef, 0xff, 0xfe, 0x10, 0x00,
    0x0f, 0xff, 0xff, 0x40, 0x00, 0x00, 0xbf, 0xff,
    0xff, 0x50, 0x00, 0x00, 0xff, 0xff, 0xf4, 0x00,
    0x00, 0x6f, 0xff, 0xff, 0xe9, 0x99, 0x99, 0x9f,
    0xff, 0xff, 0xb9, 0x99, 0x1f, 0xff, 0xff, 0xff,
    0xff, 0xff, 0xff, 0xff, 0xff, 0xff, 0xff, 0xf2,
    0xff, 0xff, 0xff, 0xff, 0xff, 0xff, 0xff, 0xff,
    0xff, 0xff, 0xff, 0x2f, 0xff, 0xff, 0xff, 0xff,
    0xff, 0xff, 0xff, 0xff, 0xff, 0xff, 0xf2, 0xff,
    0xff, 0xff, 0xff, 0xff, 0xff, 0xff, 0xff, 0xff,
    0xff, 0xff, 0x20, 0x00, 0x00, 0x00, 0x00, 0x00,
    0x02, 0xff, 0xff, 0xf4, 0x00, 0x00, 0x00, 0x00,
    0x00, 0x00, 0x00, 0x00, 0x2f, 0xff, 0xff, 0x40,
    0x00, 0x00, 0x00, 0x00, 0x00, 0x00, 0x00, 0x02,
    0xff, 0xff, 0xf4, 0x00, 0x00, 0x00, 0x00, 0x00,
    0x00, 0x00, 0x00, 0x2f, 0xff, 0xff, 0x40, 0x00,
    0x00, 0x00, 0x00, 0x00, 0x00, 0x00, 0x02, 0xff,
    0xff, 0xf4, 0x00, 0x00,

    /* U+0035 "5" */
    0x00, 0x0b, 0xff, 0xff, 0xff, 0xff, 0xff, 0xff,
    0xfd, 0x00, 0x00, 0x0d, 0xff, 0xff, 0xff, 0xff,
    0xff, 0xff, 0xfd, 0x00, 0x00, 0x0e, 0xff, 0xff,
    0xff, 0xff, 0xff, 0xff, 0xfd, 0x00, 0x00, 0x0f,
    0xff, 0xff, 0xff, 0xff, 0xff, 0xff, 0xfd, 0x00,
    0x00, 0x1f, 0xff, 0xff, 0x88, 0x88, 0x88, 0x88,
    0x86, 0x00, 0x00, 0x3f, 0xff, 0xfd, 0x00, 0x00,
    0x00, 0x00, 0x00, 0x00, 0x00, 0x4f, 0xff, 0xfb,
    0x00, 0x00, 0x00, 0x00, 0x00, 0x00, 0x00, 0x6f,
    0xff, 0xfa, 0x00, 0x00, 0x00, 0x00, 0x00, 0x00,
    0x00, 0x7f, 0xff, 0xfc, 0x88, 0x87, 0x41, 0x00,
    0x00, 0x00, 0x00, 0x9f, 0xff, 0xff, 0xff, 0xff,
    0xff, 0xc6, 0x00, 0x00, 0x00, 0xaf, 0xff, 0xff,
    0xff, 0xff, 0xff, 0xff, 0xc1, 0x00, 0x00, 0xcf,
    0xff, 0xff, 0xff, 0xff, 0xff, 0xff, 0xfd, 0x00,
    0x00, 0xdf, 0xff, 0xff, 0xff, 0xff, 0xff, 0xff,
    0xff, 0x70, 0x00, 0x00, 0x00, 0x00, 0x01, 0x26,
    0xdf, 0xff, 0xff, 0xe0, 0x00, 0x00, 0x00, 0x00,
    0x00, 0x00, 0x0c, 0xff, 0xff, 0xf2, 0x00, 0x00,
    0x00, 0x00, 0x00, 0x00, 0x05, 0xff, 0xff, 0xf4,
    0x00, 0x00, 0x00, 0x00, 0x00, 0x00, 0x04, 0xff,
    0xff, 0xf4, 0x00, 0x94, 0x00, 0x00, 0x00, 0x00,
    0x0a, 0xff, 0xff, 0xf2, 0x03, 0xff, 0xc5, 0x10,
    0x00, 0x01, 0x9f, 0xff, 0xff, 0xe0, 0x0b, 0xff,
    0xff, 0xfe, 0xcc, 0xdf, 0xff, 0xff, 0xff, 0x70,
    0x3f, 0xff, 0xff, 0xff, 0xff, 0xff, 0xff, 0xff,
    0xfd, 0x00, 0x5f, 0xff, 0xff, 0xff, 0xff, 0xff,
    0xff, 0xff, 0xd1, 0x00, 0x01, 0x9e, 0xff, 0xff,
    0xff, 0xff, 0xff, 0xf9, 0x10, 0x00, 0x00, 0x00,
    0x48, 0xbd, 0xff, 0xfd, 0xb7, 0x10, 0x00, 0x00,

    /* U+0036 "6" */
    0x00, 0x00, 0x00, 0x02, 0x7b, 0xdf, 0xff, 0xda,
    0x72, 0x00, 0x00, 0x00, 0x02, 0xaf, 0xff, 0xff,
    0xff, 0xff, 0xff, 0xa0, 0x00, 0x00, 0x6f, 0xff,
    0xff, 0xff, 0xff, 0xff, 0xff, 0xa0, 0x00, 0x07,
    0xff, 0xff, 0xff, 0xff, 0xff, 0xff, 0xff, 0x20,
    0x00, 0x5f, 0xff, 0xff, 0xff, 0xda, 0x9a, 0xbe,
    0xf8, 0x00, 0x01, 0xef, 0xff, 0xff, 0x91, 0x00,
    0x00, 0x00, 0x31, 0x00, 0x07, 0xff, 0xff, 0xf5,
    0x00, 0x00, 0x00, 0x00, 0x00, 0x00, 0x0e, 0xff,
    0xff, 0x90, 0x00, 0x00, 0x00, 0x00, 0x00, 0x00,
    0x3f, 0xff, 0xff, 0x30, 0x7b, 0xef, 0xed, 0x93,
    0x00, 0x00, 0x6f, 0xff, 0xff, 0x4e, 0xff, 0xff,
    0xff, 0xff, 0xa1, 0x00, 0x8f, 0xff, 0xff, 0xff,
    0xff, 0xff, 0xff, 0xff, 0xfd, 0x10, 0xaf, 0xff,
    0xff, 0xff, 0xff, 0xff, 0xff, 0xff, 0xff, 0xb0,
    0xaf, 0xff, 0xff, 0xff, 0xb5, 0x34, 0x9f, 0xff,
    0xff, 0xf5, 0x9f, 0xff, 0xff, 0xf7, 0x00, 0x00,
    0x04, 0xff, 0xff, 0xfa, 0x8f, 0xff, 0xff, 0xc0,
    0x00, 0x00, 0x00, 0xaf, 0xff, 0xfe, 0x6f, 0xff,
    0xff, 0x80, 0x00, 0x00, 0x00, 0x6f, 0xff, 0xff,
    0x2f, 0xff, 0xff, 0x80, 0x00, 0x00, 0x00, 0x6f,
    0xff, 0xfe, 0x0e, 0xff, 0xff, 0xc0, 0x00, 0x00,
    0x00, 0xaf, 0xff, 0xfc, 0x07, 0xff, 0xff, 0xf6,
    0x00, 0x00, 0x04, 0xff, 0xff, 0xf8, 0x01, 0xef,
    0xff, 0xff, 0xa5, 0x34, 0x9f, 0xff, 0xff, 0xf2,
    0x00, 0x4f, 0xff, 0xff, 0xff, 0xff, 0xff, 0xff,
    0xff, 0x70, 0x00, 0x05, 0xff, 0xff, 0xff, 0xff,
    0xff, 0xff, 0xf9, 0x00, 0x00, 0x00, 0x2b, 0xff,
    0xff, 0xff, 0xff, 0xfe, 0x50, 0x00, 0x00, 0x00,
    0x00, 0x38, 0xce, 0xff, 0xda, 0x50, 0x00, 0x00,

    /* U+0037 "7" */
    0x1f, 0xff, 0xff, 0xff, 0xff, 0xff, 0xff, 0xff,
    0xff, 0xff, 0x1f, 0xff, 0xff, 0xff, 0xff, 0xff,
    0xff, 0xff, 0xff, 0xff, 0x1f, 0xff, 0xff, 0xff,
    0xff, 0xff, 0xff, 0xff, 0xff, 0xff, 0x1f, 0xff,
    0xff, 0xff, 0xff, 0xff, 0xff, 0xff, 0xff, 0xfe,
    0x1f, 0xff, 0xfe, 0x99, 0x99, 0x99, 0x9c, 0xff,
    0xff, 0xf9, 0x1f, 0xff, 0xfc, 0x00, 0x00, 0x00,
    0x0b, 0xff, 0xff, 0xf2, 0x1f, 0xff, 0xfc, 0x00,
    0x00, 0x00, 0x2f, 0xff, 0xff, 0xb0, 0x1f, 0xff,
    0xfc, 0x00, 0x00, 0x00, 0x9f, 0xff, 0xff, 0x40,
    0x07, 0x77, 0x76, 0x00, 0x00, 0x01, 0xff, 0xff,
    0xfd, 0x00, 0x00, 0x00, 0x00, 0x00, 0x00, 0x07,
    0xff, 0xff, 0xf6, 0x00, 0x00, 0x00, 0x00, 0x00,
    0x00, 0x0e, 0xff, 0xff, 0xe0, 0x00, 0x00, 0x00,
    0x00, 0x00, 0x00, 0x5f, 0xff, 0xff, 0x80, 0x00,
    0x00, 0x00, 0x00, 0x00, 0x00, 0xcf, 0xff, 0xff,
    0x20, 0x00, 0x00, 0x00, 0x00, 0x00, 0x03, 0xff,
    0xff, 0xfa, 0x00, 0x00, 0x00, 0x00, 0x00, 0x00,
    0x0a, 0xff, 0xff, 0xf3, 0x00, 0x00, 0x00, 0x00,
    0x00, 0x00, 0x2f, 0xff, 0xff, 0xc0, 0x00, 0x00,
    0x00, 0x00, 0x00, 0x00, 0x9f, 0xff, 0xff, 0x60,
    0x00, 0x00, 0x00, 0x00, 0x00, 0x00, 0xff, 0xff,
    0xfe, 0x00, 0x00, 0x00, 0x00, 0x00, 0x00, 0x07,
    0xff, 0xff, 0xf8, 0x00, 0x00, 0x00, 0x00, 0x00,
    0x00, 0x0d, 0xff, 0xff, 0xf1, 0x00, 0x00, 0x00,
    0x00, 0x00, 0x00, 0x5f, 0xff, 0xff, 0xa0, 0x00,
    0x00, 0x00, 0x00, 0x00, 0x00, 0xcf, 0xff, 0xff,
    0x30, 0x00, 0x00, 0x00, 0x00, 0x00, 0x03, 0xff,
    0xff, 0xfc, 0x00, 0x00, 0x00, 0x00, 0x00, 0x00,
    0x0a, 0xff, 0xff, 0xf5, 0x00, 0x00, 0x00, 0x00,

    /* U+0038 "8" */
    0x00, 0x00, 0x03, 0x8c, 0xdf, 0xfe, 0xd9, 0x50,
    0x00, 0x00, 0x00, 0x00, 0x3c, 0xff, 0xff, 0xff,
    0xff, 0xff, 0xe7, 0x00, 0x00, 0x00, 0x5f, 0xff,
    0xff, 0xff, 0xff, 0xff, 0xff, 0xfb, 0x00, 0x00,
    0x3f, 0xff, 0xff, 0xff, 0xff, 0xff, 0xff, 0xff,
    0xf9, 0x00, 0x0a, 0xff, 0xff, 0xfd, 0x63, 0x24,
    0xaf, 0xff, 0xff, 0xf1, 0x00, 0xef, 0xff, 0xfd,
    0x00, 0x00, 0x00, 0x6f, 0xff, 0xff, 0x50, 0x0e,
    0xff, 0xff, 0x90, 0x00, 0x00, 0x01, 0xff, 0xff,
    0xf5, 0x00, 0xcf, 0xff, 0xfc, 0x00, 0x00, 0x00,
    0x5f, 0xff, 0xff, 0x30, 0x06, 0xff, 0xff, 0xfb,
    0x31, 0x02, 0x7f, 0xff, 0xff, 0xd0, 0x00, 0x0b,
    0xff, 0xff, 0xff, 0xff, 0xff, 0xff, 0xff, 0xf3,
    0x00, 0x00, 0x09, 0xff, 0xff, 0xff, 0xff, 0xff,
    0xff, 0xe2, 0x00, 0x00, 0x05, 0xef, 0xff, 0xff,
    0xff, 0xff, 0xff, 0xff, 0xa0, 0x00, 0x05, 0xff,
    0xff, 0xff, 0xff, 0xef, 0xff, 0xff, 0xff, 0xb0,
    0x01, 0xff, 0xff, 0xff, 0x81, 0x00, 0x04, 0xdf,
    0xff, 0xff, 0x70, 0x7f, 0xff, 0xff, 0x50, 0x00,
    0x00, 0x00, 0xdf, 0xff, 0xfe, 0x0a, 0xff, 0xff,
    0xe0, 0x00, 0x00, 0x00, 0x07, 0xff, 0xff, 0xf1,
    0xcf, 0xff, 0xfc, 0x00, 0x00, 0x00, 0x00, 0x5f,
    0xff, 0xff, 0x3b, 0xff, 0xff, 0xf0, 0x00, 0x00,
    0x00, 0x08, 0xff, 0xff, 0xf2, 0x8f, 0xff, 0xff,
    0x80, 0x00, 0x00, 0x02, 0xff, 0xff, 0xff, 0x02,
    0xff, 0xff, 0xff, 0xc6, 0x32, 0x49, 0xff, 0xff,
    0xff, 0x90, 0x08, 0xff, 0xff, 0xff, 0xff, 0xff,
    0xff, 0xff, 0xff, 0xd1, 0x00, 0x08, 0xff, 0xff,
    0xff, 0xff, 0xff, 0xff, 0xff, 0xd2, 0x00, 0x00,
    0x04, 0xdf, 0xff, 0xff, 0xff, 0xff, 0xff, 0x90,
    0x00, 0x00, 0x00, 0x00, 0x38, 0xcd, 0xff, 0xed,
    0xa5, 0x10, 0x00, 0x00,

    /* U+0039 "9" */
    0x00, 0x00, 0x03, 0x8c, 0xef, 0xed, 0xb6, 0x10,
    0x00, 0x00, 0x00, 0x00, 0x2b, 0xff, 0xff, 0xff,
    0xff, 0xff, 0x80, 0x00, 0x00, 0x00, 0x3f, 0xff,
    0xff, 0xff, 0xff, 0xff, 0xff, 0xd1, 0x00, 0x00,
    0x2f, 0xff, 0xff, 0xff, 0xff, 0xff, 0xff, 0xff,
    0xd0, 0x00, 0x0b, 0xff, 0xff, 0xfd, 0x74, 0x46,
    0xcf, 0xff, 0xff, 0xa0, 0x01, 0xff, 0xff, 0xfa,
    0x00, 0x00, 0x00, 0x7f, 0xff, 0xff, 0x20, 0x4f,
    0xff, 0xff, 0x20, 0x00, 0x00, 0x00, 0xef, 0xff,
    0xf9, 0x04, 0xff, 0xff, 0xf1, 0x00, 0x00, 0x00,
    0x0e, 0xff, 0xff, 0xd0, 0x3f, 0xff, 0xff, 0x70,
    0x00, 0x00, 0x05, 0xff, 0xff, 0xff, 0x10, 0xef,
    0xff, 0xff, 0xa3, 0x10, 0x28, 0xff, 0xff, 0xff,
    0xf3, 0x07, 0xff, 0xff, 0xff, 0xff, 0xff, 0xff,
    0xff, 0xff, 0xff, 0x40, 0x0b, 0xff, 0xff, 0xff,
    0xff, 0xff, 0xff, 0xff, 0xff, 0xf5, 0x00, 0x09,
    0xff, 0xff, 0xff, 0xff, 0xfe, 0x8f, 0xff, 0xff,
    0x40, 0x00, 0x03, 0x9e, 0xff, 0xff, 0xd8, 0x15,
    0xff, 0xff, 0xf3, 0x00, 0x00, 0x00, 0x01, 0x22,
    0x10, 0x00, 0x9f, 0xff, 0xff, 0x00, 0x00, 0x00,
    0x00, 0x00, 0x00, 0x00, 0x0e, 0xff, 0xff, 0xd0,
    0x00, 0x00, 0x00, 0x00, 0x00, 0x00, 0x06, 0xff,
    0xff, 0xf8, 0x00, 0x00, 0x00, 0x00, 0x00, 0x00,
    0x03, 0xff, 0xff, 0xff, 0x20, 0x00, 0x07, 0x50,
    0x00, 0x00, 0x07, 0xff, 0xff, 0xff, 0xa0, 0x00,
    0x01, 0xff, 0xfb, 0xaa, 0xbf, 0xff, 0xff, 0xff,
    0xe1, 0x00, 0x00, 0x8f, 0xff, 0xff, 0xff, 0xff,
    0xff, 0xff, 0xf3, 0x00, 0x00, 0x1f, 0xff, 0xff,
    0xff, 0xff, 0xff, 0xff, 0xe3, 0x00, 0x00, 0x02,
    0xcf, 0xff, 0xff, 0xff, 0xff, 0xff, 0x80, 0x00,
    0x00, 0x00, 0x00, 0x38, 0xbe, 0xff, 0xed, 0xa5,
    0x00, 0x00, 0x00, 0x00,

    /* U+003A ":" */
    0x05, 0xdf, 0xc4, 0x04, 0xff, 0xff, 0xf3, 0xbf,
    0xff, 0xff, 0x9c, 0xff, 0xff, 0xfb, 0x9f, 0xff,
    0xff, 0x82, 0xef, 0xff, 0xe1, 0x01, 0x9b, 0x81,
    0x00, 0x00, 0x00, 0x00, 0x00, 0x00, 0x00, 0x00,
    0x00, 0x00, 0x00, 0x00, 0x00, 0x00, 0x00, 0x00,
    0x00, 0x00, 0x01, 0x9b, 0x81, 0x02, 0xff, 0xff,
    0xe1, 0xaf, 0xff, 0xff, 0x8c, 0xff, 0xff, 0xfb,
    0xaf, 0xff, 0xff, 0x93, 0xff, 0xff, 0xf2, 0x04,
    0xdf, 0xc4, 0x00,

    /* U+003B ";" */
    0x05, 0xdf, 0xc4, 0x04, 0xff, 0xff, 0xf3, 0xbf,
    0xff, 0xff, 0x9c, 0xff, 0xff, 0xfb, 0x9f, 0xff,
    0xff, 0x82, 0xef, 0xff, 0xe1, 0x01, 0x9b, 0x81,
    0x00, 0x00, 0x00, 0x00, 0x00, 0x00, 0x00, 0x00,
    0x00, 0x00, 0x00, 0x00, 0x00, 0x00, 0x00, 0x00,
    0x00, 0x00, 0x02, 0xac, 0xa2, 0x02, 0xff, 0xff,
    0xf2, 0xaf, 0xff, 0xff, 0x9c, 0xff, 0xff, 0xfb,
    0xaf, 0xff, 0xff, 0x93, 0xff, 0xff, 0xf6, 0x03,
    0xff, 0xff, 0x00, 0x4f, 0xff, 0xa0, 0x08, 0xff,
    0xf3, 0x00, 0xcf, 0xfd, 0x00, 0x1f, 0xff, 0x70,
    0x05, 0xff, 0xf1, 0x00,

    /* U+003C "<" */
    0x00, 0x00, 0x00, 0x00, 0x00, 0x00, 0x00, 0x16,
    0x30, 0x00, 0x00, 0x00, 0x00, 0x00, 0x04, 0xaf,
    0xf4, 0x00, 0x00, 0x00, 0x00, 0x01, 0x7d, 0xff,
    0xff, 0x40, 0x00, 0x00, 0x00, 0x4b, 0xff, 0xff,
    0xff, 0xf4, 0x00, 0x00, 0x28, 0xef, 0xff, 0xff,
    0xff, 0xfd, 0x30, 0x05, 0xcf, 0xff, 0xff, 0xff,
    0xff, 0xa4, 0x00, 0x8f, 0xff, 0xff, 0xff, 0xff,
    0xb5, 0x00, 0x00, 0x0e, 0xff, 0xff, 0xff, 0xd7,
    0x20, 0x00, 0x00, 0x00, 0xef, 0xff, 0xfa, 0x30,
    0x00, 0x00, 0x00, 0x00, 0x0e, 0xff, 0xff, 0xf9,
    0x30, 0x00, 0x00, 0x00, 0x00, 0xef, 0xff, 0xff,
    0xff, 0xd7, 0x20, 0x00, 0x00, 0x03, 0x9f, 0xff,
    0xff, 0xff, 0xff, 0xc6, 0x00, 0x00, 0x00, 0x06,
    0xcf, 0xff, 0xff, 0xff, 0xff, 0xa4, 0x00, 0x00,
    0x00, 0x29, 0xef, 0xff, 0xff, 0xff, 0xf4, 0x00,
    0x00, 0x00, 0x00, 0x5b, 0xff, 0xff, 0xff, 0x40,
    0x00, 0x00, 0x00, 0x00, 0x02, 0x8e, 0xff, 0xf4,
    0x00, 0x00, 0x00, 0x00, 0x00, 0x00, 0x04, 0xaf,
    0x40, 0x00, 0x00, 0x00, 0x00, 0x00, 0x00, 0x00,
    0x11,

    /* U+003D "=" */
    0xef, 0xff, 0xff, 0xff, 0xff, 0xff, 0xff, 0xff,
    0x4e, 0xff, 0xff, 0xff, 0xff, 0xff, 0xff, 0xff,
    0xf4, 0xef, 0xff, 0xff, 0xff, 0xff, 0xff, 0xff,
    0xff, 0x4e, 0xff, 0xff, 0xff, 0xff, 0xff, 0xff,
    0xff, 0xf4, 0x34, 0x44, 0x44, 0x44, 0x44, 0x44,
    0x44, 0x44, 0x10, 0x00, 0x00, 0x00, 0x00, 0x00,
    0x00, 0x00, 0x00, 0x00, 0x00, 0x00, 0x00, 0x00,
    0x00, 0x00, 0x00, 0x00, 0x00, 0x00, 0x00, 0x00,
    0x00, 0x00, 0x00, 0x00, 0x33, 0x33, 0x33, 0x33,
    0x33, 0x33, 0x33, 0x33, 0x1e, 0xff, 0xff, 0xff,
    0xff, 0xff, 0xff, 0xff, 0xf4, 0xef, 0xff, 0xff,
    0xff, 0xff, 0xff, 0xff, 0xff, 0x4e, 0xff, 0xff,
    0xff, 0xff, 0xff, 0xff, 0xff, 0xf4, 0xef, 0xff,
    0xff, 0xff, 0xff, 0xff, 0xff, 0xff, 0x40,

    /* U+003E ">" */
    0x73, 0x00, 0x00, 0x00, 0x00, 0x00, 0x00, 0x00,
    0x0e, 0xfc, 0x60, 0x00, 0x00, 0x00, 0x00, 0x00,
    0x00, 0xef, 0xff, 0xfa, 0x30, 0x00, 0x00, 0x00,
    0x00, 0x0e, 0xff, 0xff, 0xff, 0xd7, 0x10, 0x00,
    0x00, 0x00, 0xaf, 0xff, 0xff, 0xff, 0xff, 0xb4,
    0x00, 0x00, 0x00, 0x17, 0xdf, 0xff, 0xff, 0xff,
    0xfe, 0x82, 0x00, 0x00, 0x00, 0x39, 0xef, 0xff,
    0xff, 0xff, 0xfb, 0x20, 0x00, 0x00, 0x00, 0x5b,
    0xff, 0xff, 0xff, 0xf4, 0x00, 0x00, 0x00, 0x00,
    0x01, 0x7e, 0xff, 0xff, 0x40, 0x00, 0x00, 0x00,
    0x01, 0x7d, 0xff, 0xff, 0xf4, 0x00, 0x00, 0x00,
    0x5b, 0xff, 0xff, 0xff, 0xff, 0x40, 0x00, 0x39,
    0xff, 0xff, 0xff, 0xff, 0xfc, 0x60, 0x17, 0xdf,
    0xff, 0xff, 0xff, 0xfe, 0x82, 0x00, 0x0e, 0xff,
    0xff, 0xff, 0xff, 0xb5, 0x00, 0x00, 0x00, 0xef,
    0xff, 0xff, 0xe8, 0x10, 0x00, 0x00, 0x00, 0x0e,
    0xff, 0xfa, 0x40, 0x00, 0x00, 0x00, 0x00, 0x00,
    0xed, 0x71, 0x00, 0x00, 0x00, 0x00, 0x00, 0x00,
    0x02, 0x00, 0x00, 0x00, 0x00, 0x00, 0x00, 0x00,
    0x00,

    /* U+003F "?" */
    0x00, 0x00, 0x01, 0x6a, 0xdf, 0xfe, 0xdb, 0x61,
    0x00, 0x00, 0x00, 0x00, 0x8f, 0xff, 0xff, 0xff,
    0xff, 0xff, 0x90, 0x00, 0x00, 0x2d, 0xff, 0xff,
    0xff, 0xff, 0xff, 0xff, 0xfb, 0x00, 0x02, 0xef,
    0xff, 0xff, 0xff, 0xff, 0xff, 0xff, 0xff, 0x90,
    0x0b, 0xff, 0xff, 0xff, 0xb9, 0x9c, 0xff, 0xff,
    0xff, 0xf0, 0x00, 0x8f, 0xff, 0x91, 0x00, 0x00,
    0x3e, 0xff, 0xff, 0xf2, 0x00, 0x01, 0xa7, 0x00,
    0x00, 0x00, 0x07, 0xff, 0xff, 0xf2, 0x00, 0x00,
    0x00, 0x00, 0x00, 0x00, 0x06, 0xff, 0xff, 0xf1,
    0x00, 0x00, 0x00, 0x00, 0x00, 0x00, 0x0c, 0xff,
    0xff, 0xb0, 0x00, 0x00, 0x00, 0x00, 0x00, 0x00,
    0xaf, 0xff, 0xff, 0x30, 0x00, 0x00, 0x00, 0x00,
    0x00, 0x0b, 0xff, 0xff, 0xf5, 0x00, 0x00, 0x00,
    0x00, 0x00, 0x00, 0xcf, 0xff, 0xff, 0x40, 0x00,
    0x00, 0x00, 0x00, 0x00, 0x09, 0xff, 0xff, 0xe3,
    0x00, 0x00, 0x00, 0x00, 0x00, 0x00, 0x3f, 0xff,
    0xff, 0x30, 0x00, 0x00, 0x00, 0x00, 0x00, 0x00,
    0x8f, 0xff, 0xfb, 0x00, 0x00, 0x00, 0x00, 0x00,
    0x00, 0x00, 0x47, 0x77, 0x73, 0x00, 0x00, 0x00,
    0x00, 0x00, 0x00, 0x00, 0x00, 0x00, 0x00, 0x00,
    0x00, 0x00, 0x00, 0x00, 0x00, 0x00, 0x00, 0x22,
    0x00, 0x00, 0x00, 0x00, 0x00, 0x00, 0x00, 0x00,
    0x3e, 0xff, 0xd3, 0x00, 0x00, 0x00, 0x00, 0x00,
    0x00, 0x00, 0xef, 0xff, 0xfd, 0x00, 0x00, 0x00,
    0x00, 0x00, 0x00, 0x03, 0xff, 0xff, 0xff, 0x20,
    0x00, 0x00, 0x00, 0x00, 0x00, 0x02, 0xff, 0xff,
    0xff, 0x10, 0x00, 0x00, 0x00, 0x00, 0x00, 0x00,
    0xcf, 0xff, 0xfa, 0x00, 0x00, 0x00, 0x00, 0x00,
    0x00, 0x00, 0x1a, 0xee, 0x90, 0x00, 0x00, 0x00,

    /* U+0040 "@" */
    0x00, 0x00, 0x00, 0x00, 0x00, 0x04, 0x8b, 0xdf,
    0xff, 0xed, 0xa7, 0x20, 0x00, 0x00, 0x00, 0x00,
    0x00, 0x00, 0x00, 0x00, 0x01, 0x9f, 0xff, 0xff,
    0xff, 0xff, 0xff, 0xff, 0xd5, 0x00, 0x00, 0x00,
    0x00, 0x00, 0x00, 0x00, 0x09, 0xff, 0xff, 0xff,
    0xff, 0xff, 0xff, 0xff, 0xff, 0xfd, 0x40, 0x00,
    0x00, 0x00, 0x00, 0x00, 0x2d, 0xff, 0xff, 0xfe,
    0xa7, 0x55, 0x56, 0x8b, 0xff, 0xff, 0xff, 0x80,
    0x00, 0x00, 0x00, 0x00, 0x4f, 0xff, 0xff, 0xb4,
    0x00, 0x00, 0x00, 0x00, 0x00, 0x5c, 0xff, 0xff,
    0xb0, 0x00, 0x00, 0x00, 0x2e, 0xff, 0xfe, 0x40,
    0x00, 0x00, 0x00, 0x00, 0x00, 0x00, 0x06, 0xff,
    0xff, 0x90, 0x00, 0x00, 0x0d, 0xff, 0xfd, 0x10,
    0x00, 0x00, 0x00, 0x00, 0x00, 0x00, 0x00, 0x02,
    0xef, 0xff, 0x60, 0x00, 0x08, 0xff, 0xfd, 0x10,
    0x00, 0x17, 0xcf, 0xfe, 0xb6, 0x04, 0xcc, 0xcc,
    0x32, 0xef, 0xfe, 0x00, 0x01, 0xff, 0xff, 0x30,
    0x00, 0x3e, 0xff, 0xff, 0xff, 0xfc, 0x6f, 0xff,
    0xf4, 0x05, 0xff, 0xf8, 0x00, 0x8f, 0xff, 0x90,
    0x00, 0x4f, 0xff, 0xff, 0xff, 0xff, 0xff, 0xff,
    0xff, 0x40, 0x0b, 0xff, 0xe0, 0x0e, 0xff, 0xf1,
    0x00, 0x1e, 0xff, 0xff, 0xff, 0xff, 0xff, 0xff,
    0xff, 0xf4, 0x00, 0x4f, 0xff, 0x43, 0xff, 0xfb,
    0x00, 0x0a, 0xff, 0xff, 0xf7, 0x10, 0x27, 0xff,
    0xff, 0xff, 0x40, 0x00, 0xff, 0xf8, 0x6f, 0xff,
    0x70, 0x00, 0xff, 0xff, 0xf4, 0x00, 0x00, 0x04,
    0xff, 0xff, 0xf4, 0x00, 0x0c, 0xff, 0xb8, 0xff,
    0xf4, 0x00, 0x3f, 0xff, 0xfa, 0x00, 0x00, 0x00,
    0x0a, 0xff, 0xff, 0x40, 0x00, 0xaf, 0xfc, 0xaf,
    0xff, 0x30, 0x06, 0xff, 0xff, 0x50, 0x00, 0x00,
    0x00, 0x6f, 0xff, 0xf4, 0x00, 0x09, 0xff, 0xda,
    0xff, 0xf2, 0x00, 0x6f, 0xff, 0xf4, 0x00, 0x00,
    0x00, 0x04, 0xff, 0xff, 0x40, 0x00, 0x9f, 0xfc,
    0xaf, 0xff, 0x30, 0x06, 0xff, 0xff, 0x50, 0x00,
    0x00, 0x00, 0x5f, 0xff, 0xf4, 0x00, 0x0a, 0xff,
    0xb8, 0xff, 0xf4, 0x00, 0x3f, 0xff, 0xf9, 0x00,
    0x00, 0x00, 0x09, 0xff, 0xff, 0x40, 0x00, 0xdf,
    0xf9, 0x6f, 0xff, 0x70, 0x00, 0xff, 0xff, 0xf2,
    0x00, 0x00, 0x02, 0xff, 0xff, 0xf5, 0x00, 0x2f,
    0xff, 0x62, 0xff, 0xfb, 0x00, 0x09, 0xff, 0xff,
    0xe4, 0x00, 0x05, 0xef, 0xff, 0xff, 0xa0, 0x0b,
    0xff, 0xf1, 0x0e, 0xff, 0xf1, 0x00, 0x1e, 0xff,
    0xff, 0xfe, 0xdf, 0xff, 0xff, 0xff, 0xff, 0xee,
    0xff, 0xf9, 0x00, 0x8f, 0xff, 0x90, 0x00, 0x3f,
    0xff, 0xff, 0xff, 0xff, 0xfc, 0x8f, 0xff, 0xff,
    0xff, 0xfd, 0x00, 0x01, 0xff, 0xff, 0x30, 0x00,
    0x3e, 0xff, 0xff, 0xff, 0xfc, 0x10, 0xcf, 0xff,
    0xff, 0xfd, 0x20, 0x00, 0x08, 0xff, 0xfd, 0x10,
    0x00, 0x06, 0xce, 0xfe, 0xb5, 0x00, 0x00, 0x7d,
    0xff, 0xc7, 0x00, 0x00, 0x00, 0x0d, 0xff, 0xfc,
    0x10, 0x00, 0x00, 0x00, 0x00, 0x00, 0x00, 0x00,
    0x00, 0x00, 0x00, 0x00, 0x00, 0x00, 0x2e, 0xff,
    0xfe, 0x40, 0x00, 0x00, 0x00, 0x00, 0x00, 0x00,
    0x00, 0x00, 0x00, 0x00, 0x00, 0x00, 0x00, 0x4f,
    0xff, 0xff, 0xb4, 0x00, 0x00, 0x00, 0x00, 0x02,
    0x86, 0x00, 0x00, 0x00, 0x00, 0x00, 0x00, 0x00,
    0x2d, 0xff, 0xff, 0xfe, 0xa7, 0x65, 0x67, 0xad,
    0xff, 0xd0, 0x00, 0x00, 0x00, 0x00, 0x00, 0x00,
    0x00, 0x09, 0xff, 0xff, 0xff, 0xff, 0xff, 0xff,
    0xff, 0xff, 0x20, 0x00, 0x00, 0x00, 0x00, 0x00,
    0x00, 0x00, 0x01, 0x9f, 0xff, 0xff, 0xff, 0xff,
    0xff, 0xff, 0xb2, 0x00, 0x00, 0x00, 0x00, 0x00,
    0x00, 0x00, 0x00, 0x00, 0x05, 0x9c, 0xef, 0xff,
    0xec, 0x95, 0x10, 0x00, 0x00, 0x00, 0x00, 0x00,

    /* U+0041 "A" */
    0x00, 0x00, 0x00, 0x00, 0x00, 0x0e, 0xff, 0xff,
    0xe0, 0x00, 0x00, 0x00, 0x00, 0x00, 0x00, 0x00,
    0x00, 0x00, 0x00, 0x5f, 0xff, 0xff, 0xf6, 0x00,
    0x00, 0x00, 0x00, 0x00, 0x00, 0x00, 0x00, 0x00,
    0x00, 0xcf, 0xff, 0xff, 0xfd, 0x00, 0x00, 0x00,
    0x00, 0x00, 0x00, 0x00, 0x00, 0x00, 0x04, 0xff,
    0xff, 0xff, 0xff, 0x40, 0x00, 0x00, 0x00, 0x00,
    0x00, 0x00, 0x00, 0x00, 0x0b, 0xff, 0xff, 0xff,
    0xff, 0xb0, 0x00, 0x00, 0x00, 0x00, 0x00, 0x00,
    0x00, 0x00, 0x2f, 0xff, 0xff, 0xff, 0xff, 0xf2,
    0x00, 0x00, 0x00, 0x00, 0x00, 0x00, 0x00, 0x00,
    0x9f, 0xff, 0xf9, 0x9f, 0xff, 0xf9, 0x00, 0x00,
    0x00, 0x00, 0x00, 0x00, 0x00, 0x01, 0xff, 0xff,
    0xf2, 0x3f, 0xff, 0xff, 0x10, 0x00, 0x00, 0x00,
    0x00, 0x00, 0x00, 0x07, 0xff, 0xff, 0xc0, 0x0c,
    0xff, 0xff, 0x80, 0x00, 0x00, 0x00, 0x00, 0x00,
    0x00, 0x0e, 0xff, 0xff, 0x50, 0x06, 0xff, 0xff,
    0xe0, 0x00, 0x00, 0x00, 0x00, 0x00, 0x00, 0x5f,
    0xff, 0xfe, 0x00, 0x00, 0xef, 0xff, 0xf6, 0x00,
    0x00, 0x00, 0x00, 0x00, 0x00, 0xcf, 0xff, 0xf8,
    0x00, 0x00, 0x8f, 0xff, 0xfd, 0x00, 0x00, 0x00,
    0x00, 0x00, 0x03, 0xff, 0xff, 0xf1, 0x00, 0x00,
    0x2f, 0xff, 0xff, 0x40, 0x00, 0x00, 0x00, 0x00,
    0x0a, 0xff, 0xff, 0xb0, 0x00, 0x00, 0x0b, 0xff,
    0xff, 0xb0, 0x00, 0x00, 0x00, 0x00, 0x2f, 0xff,
    0xff, 0x84, 0x44, 0x44, 0x48, 0xff, 0xff, 0xf2,
    0x00, 0x00, 0x00, 0x00, 0x8f, 0xff, 0xff, 0xff,
    0xff, 0xff, 0xff, 0xff, 0xff, 0xf9, 0x00, 0x00,
    0x00, 0x00, 0xff, 0xff, 0xff, 0xff, 0xff, 0xff,
    0xff, 0xff, 0xff, 0xff, 0x10, 0x00, 0x00, 0x07,
    0xff, 0xff, 0xff, 0xff, 0xff, 0xff, 0xff, 0xff,
    0xff, 0xff, 0x80, 0x00, 0x00, 0x0d, 0xff, 0xff,
    0xff, 0xff, 0xff, 0xff, 0xff, 0xff, 0xff, 0xff,
    0xe0, 0x00, 0x00, 0x5f, 0xff, 0xff, 0x30, 0x00,
    0x00, 0x00, 0x00, 0x04, 0xff, 0xff, 0xf6, 0x00,
    0x00, 0xcf, 0xff, 0xfd, 0x00, 0x00, 0x00, 0x00,
    0x00, 0x00, 0xdf, 0xff, 0xfd, 0x00, 0x03, 0xff,
    0xff, 0xf6, 0x00, 0x00, 0x00, 0x00, 0x00, 0x00,
    0x7f, 0xff, 0xff, 0x40, 0x0a, 0xff, 0xff, 0xe0,
    0x00, 0x00, 0x00, 0x00, 0x00, 0x00, 0x1f, 0xff,
    0xff, 0xb0, 0x1f, 0xff, 0xff, 0x80, 0x00, 0x00,
    0x00, 0x00, 0x00, 0x00, 0x09, 0xff, 0xff, 0xf2,

    /* U+0042 "B" */
    0x2f, 0xff, 0xff, 0xff, 0xff, 0xff, 0xff, 0xeb,
    0x82, 0x00, 0x00, 0x02, 0xff, 0xff, 0xff, 0xff,
    0xff, 0xff, 0xff, 0xff, 0xfa, 0x10, 0x00, 0x2f,
    0xff, 0xff, 0xff, 0xff, 0xff, 0xff, 0xff, 0xff,
    0xfd, 0x10, 0x02, 0xff, 0xff, 0xff, 0xff, 0xff,
    0xff, 0xff, 0xff, 0xff, 0xfb, 0x00, 0x2f, 0xff,
    0xff, 0x74, 0x44, 0x44, 0x46, 0xcf, 0xff, 0xff,
    0xf2, 0x02, 0xff, 0xff, 0xf4, 0x00, 0x00, 0x00,
    0x00, 0x9f, 0xff, 0xff, 0x50, 0x2f, 0xff, 0xff,
    0x40, 0x00, 0x00, 0x00, 0x02, 0xff, 0xff, 0xf6,
    0x02, 0xff, 0xff, 0xf4, 0x00, 0x00, 0x00, 0x00,
    0x2f, 0xff, 0xff, 0x40, 0x2f, 0xff, 0xff, 0x40,
    0x00, 0x00, 0x00, 0x08, 0xff, 0xff, 0xf1, 0x02,
    0xff, 0xff, 0xf5, 0x11, 0x11, 0x12, 0x4a, 0xff,
    0xff, 0xf8, 0x00, 0x2f, 0xff, 0xff, 0xff, 0xff,
    0xff, 0xff, 0xff, 0xff, 0xfb, 0x00, 0x02, 0xff,
    0xff, 0xff, 0xff, 0xff, 0xff, 0xff, 0xff, 0xfb,
    0x00, 0x00, 0x2f, 0xff, 0xff, 0xff, 0xff, 0xff,
    0xff, 0xff, 0xff, 0xfd, 0x30, 0x02, 0xff, 0xff,
    0xff, 0xff, 0xff, 0xff, 0xff, 0xff, 0xff, 0xff,
    0x30, 0x2f, 0xff, 0xff, 0x40, 0x00, 0x00, 0x00,
    0x27, 0xff, 0xff, 0xfe, 0x02, 0xff, 0xff, 0xf4,
    0x00, 0x00, 0x00, 0x00, 0x04, 0xff, 0xff, 0xf5,
    0x2f, 0xff, 0xff, 0x40, 0x00, 0x00, 0x00, 0x00,
    0x0e, 0xff, 0xff, 0x92, 0xff, 0xff, 0xf4, 0x00,
    0x00, 0x00, 0x00, 0x00, 0xff, 0xff, 0xfa, 0x2f,
    0xff, 0xff, 0x40, 0x00, 0x00, 0x00, 0x00, 0x6f,
    0xff, 0xff, 0x82, 0xff, 0xff, 0xf7, 0x44, 0x44,
    0x44, 0x46, 0xbf, 0xff, 0xff, 0xf4, 0x2f, 0xff,
    0xff, 0xff, 0xff, 0xff, 0xff, 0xff, 0xff, 0xff,
    0xfd, 0x02, 0xff, 0xff, 0xff, 0xff, 0xff, 0xff,
    0xff, 0xff, 0xff, 0xfe, 0x20, 0x2f, 0xff, 0xff,
    0xff, 0xff, 0xff, 0xff, 0xff, 0xff, 0xfb, 0x20,
    0x02, 0xff, 0xff, 0xff, 0xff, 0xff, 0xff, 0xff,
    0xdb, 0x72, 0x00, 0x00,

    /* U+0043 "C" */
    0x00, 0x00, 0x00, 0x00, 0x37, 0xbd, 0xef, 0xfd,
    0xa5, 0x00, 0x00, 0x00, 0x00, 0x00, 0x00, 0x5c,
    0xff, 0xff, 0xff, 0xff, 0xff, 0xf7, 0x00, 0x00,
    0x00, 0x00, 0x1b, 0xff, 0xff, 0xff, 0xff, 0xff,
    0xff, 0xff, 0xd3, 0x00, 0x00, 0x02, 0xef, 0xff,
    0xff, 0xff, 0xff, 0xff, 0xff, 0xff, 0xff, 0x30,
    0x00, 0x1d, 0xff, 0xff, 0xff, 0xff, 0xed, 0xef,
    0xff, 0xff, 0xff, 0xb0, 0x00, 0xbf, 0xff, 0xff,
    0xfc, 0x60, 0x00, 0x01, 0x6d, 0xff, 0xfa, 0x00,
    0x05, 0xff, 0xff, 0xff, 0x70, 0x00, 0x00, 0x00,
    0x00, 0x8f, 0x80, 0x00, 0x0c, 0xff, 0xff, 0xf7,
    0x00, 0x00, 0x00, 0x00, 0x00, 0x03, 0x00, 0x00,
    0x1f, 0xff, 0xff, 0xc0, 0x00, 0x00, 0x00, 0x00,
    0x00, 0x00, 0x00, 0x00, 0x6f, 0xff, 0xff, 0x50,
    0x00, 0x00, 0x00, 0x00, 0x00, 0x00, 0x00, 0x00,
    0x8f, 0xff, 0xff, 0x10, 0x00, 0x00, 0x00, 0x00,
    0x00, 0x00, 0x00, 0x00, 0xaf, 0xff, 0xff, 0x00,
    0x00, 0x00, 0x00, 0x00, 0x00, 0x00, 0x00, 0x00,
    0xaf, 0xff, 0xff, 0x00, 0x00, 0x00, 0x00, 0x00,
    0x00, 0x00, 0x00, 0x00, 0x8f, 0xff, 0xff, 0x10,
    0x00, 0x00, 0x00, 0x00, 0x00, 0x00, 0x00, 0x00,
    0x6f, 0xff, 0xff, 0x50, 0x00, 0x00, 0x00, 0x00,
    0x00, 0x00, 0x00, 0x00, 0x1f, 0xff, 0xff, 0xc0,
    0x00, 0x00, 0x00, 0x00, 0x00, 0x00, 0x00, 0x00,
    0x0c, 0xff, 0xff, 0xf7, 0x00, 0x00, 0x00, 0x00,
    0x00, 0x03, 0x00, 0x00, 0x04, 0xff, 0xff, 0xff,
    0x70, 0x00, 0x00, 0x00, 0x00, 0x9f, 0x90, 0x00,
    0x00, 0xbf, 0xff, 0xff, 0xfc, 0x50, 0x00, 0x01,
    0x6d, 0xff, 0xfb, 0x00, 0x00, 0x1d, 0xff, 0xff,
    0xff, 0xff, 0xed, 0xef, 0xff, 0xff, 0xff, 0xb0,
    0x00, 0x02, 0xef, 0xff, 0xff, 0xff, 0xff, 0xff,
    0xff, 0xff, 0xff, 0x30, 0x00, 0x00, 0x1b, 0xff,
    0xff, 0xff, 0xff, 0xff, 0xff, 0xff, 0xd3, 0x00,
    0x00, 0x00, 0x00, 0x5d, 0xff, 0xff, 0xff, 0xff,
    0xff, 0xf8, 0x00, 0x00, 0x00, 0x00, 0x00, 0x00,
    0x37, 0xbd, 0xff, 0xfd, 0xa6, 0x00, 0x00, 0x00,

    /* U+0044 "D" */
    0x2f, 0xff, 0xff, 0xff, 0xff, 0xff, 0xfe, 0xb8,
    0x40, 0x00, 0x00, 0x00, 0x02, 0xff, 0xff, 0xff,
    0xff, 0xff, 0xff, 0xff, 0xff, 0xe7, 0x00, 0x00,
    0x00, 0x2f, 0xff, 0xff, 0xff, 0xff, 0xff, 0xff,
    0xff, 0xff, 0xfd, 0x30, 0x00, 0x02, 0xff, 0xff,
    0xff, 0xff, 0xff, 0xff, 0xff, 0xff, 0xff, 0xff,
    0x50, 0x00, 0x2f, 0xff, 0xff, 0xba, 0xaa, 0xaa,
    0xbd, 0xff, 0xff, 0xff, 0xff, 0x30, 0x02, 0xff,
    0xff, 0xf5, 0x00, 0x00, 0x00, 0x02, 0x9f, 0xff,
    0xff, 0xfe, 0x10, 0x2f, 0xff, 0xff, 0x50, 0x00,
    0x00, 0x00, 0x00, 0x3e, 0xff, 0xff, 0xf8, 0x02,
    0xff, 0xff, 0xf5, 0x00, 0x00, 0x00, 0x00, 0x00,
    0x4f, 0xff, 0xff, 0xf0, 0x2f, 0xff, 0xff, 0x50,
    0x00, 0x00, 0x00, 0x00, 0x00, 0x9f, 0xff, 0xff,
    0x42, 0xff, 0xff, 0xf5, 0x00, 0x00, 0x00, 0x00,
    0x00, 0x03, 0xff, 0xff, 0xf8, 0x2f, 0xff, 0xff,
    0x50, 0x00, 0x00, 0x00, 0x00, 0x00, 0x0f, 0xff,
    0xff, 0xa2, 0xff, 0xff, 0xf5, 0x00, 0x00, 0x00,
    0x00, 0x00, 0x00, 0xdf, 0xff, 0xfb, 0x2f, 0xff,
    0xff, 0x50, 0x00, 0x00, 0x00, 0x00, 0x00, 0x0d,
    0xff, 0xff, 0xb2, 0xff, 0xff, 0xf5, 0x00, 0x00,
    0x00, 0x00, 0x00, 0x00, 0xff, 0xff, 0xfa, 0x2f,
    0xff, 0xff, 0x50, 0x00, 0x00, 0x00, 0x00, 0x00,
    0x3f, 0xff, 0xff, 0x82, 0xff, 0xff, 0xf5, 0x00,
    0x00, 0x00, 0x00, 0x00, 0x09, 0xff, 0xff, 0xf4,
    0x2f, 0xff, 0xff, 0x50, 0x00, 0x00, 0x00, 0x00,
    0x04, 0xff, 0xff, 0xff, 0x02, 0xff, 0xff, 0xf5,
    0x00, 0x00, 0x00, 0x00, 0x03, 0xef, 0xff, 0xff,
    0x80, 0x2f, 0xff, 0xff, 0x50, 0x00, 0x00, 0x00,
    0x29, 0xff, 0xff, 0xff, 0xe1, 0x02, 0xff, 0xff,
    0xfb, 0xaa, 0xaa, 0xab, 0xdf, 0xff, 0xff, 0xff,
    0xf3, 0x00, 0x2f, 0xff, 0xff, 0xff, 0xff, 0xff,
    0xff, 0xff, 0xff, 0xff, 0xf5, 0x00, 0x02, 0xff,
    0xff, 0xff, 0xff, 0xff, 0xff, 0xff, 0xff, 0xff,
    0xd3, 0x00, 0x00, 0x2f, 0xff, 0xff, 0xff, 0xff,
    0xff, 0xff, 0xff, 0xfe, 0x70, 0x00, 0x00, 0x02,
    0xff, 0xff, 0xff, 0xff, 0xff, 0xff, 0xec, 0x94,
    0x00, 0x00, 0x00, 0x00,

    /* U+0045 "E" */
    0x2f, 0xff, 0xff, 0xff, 0xff, 0xff, 0xff, 0xff,
    0xff, 0xd0, 0x2f, 0xff, 0xff, 0xff, 0xff, 0xff,
    0xff, 0xff, 0xff, 0xd0, 0x2f, 0xff, 0xff, 0xff,
    0xff, 0xff, 0xff, 0xff, 0xff, 0xd0, 0x2f, 0xff,
    0xff, 0xff, 0xff, 0xff, 0xff, 0xff, 0xff, 0xd0,
    0x2f, 0xff, 0xff, 0xa8, 0x88, 0x88, 0x88, 0x88,
    0x88, 0x60, 0x2f, 0xff, 0xff, 0x40, 0x00, 0x00,
    0x00, 0x00, 0x00, 0x00, 0x2f, 0xff, 0xff, 0x40,
    0x00, 0x00, 0x00, 0x00, 0x00, 0x00, 0x2f, 0xff,
    0xff, 0x40, 0x00, 0x00, 0x00, 0x00, 0x00, 0x00,
    0x2f, 0xff, 0xff, 0x40, 0x00, 0x00, 0x00, 0x00,
    0x00, 0x00, 0x2f, 0xff, 0xff, 0x96, 0x66, 0x66,
    0x66, 0x66, 0x62, 0x00, 0x2f, 0xff, 0xff, 0xff,
    0xff, 0xff, 0xff, 0xff, 0xf5, 0x00, 0x2f, 0xff,
    0xff, 0xff, 0xff, 0xff, 0xff, 0xff, 0xf5, 0x00,
    0x2f, 0xff, 0xff, 0xff, 0xff, 0xff, 0xff, 0xff,
    0xf5, 0x00, 0x2f, 0xff, 0xff, 0xff, 0xff, 0xff,
    0xff, 0xff, 0xf5, 0x00, 0x2f, 0xff, 0xff, 0x40,
    0x00, 0x00, 0x00, 0x00, 0x00, 0x00, 0x2f, 0xff,
    0xff, 0x40, 0x00, 0x00, 0x00, 0x00, 0x00, 0x00,
    0x2f, 0xff, 0xff, 0x40, 0x00, 0x00, 0x00, 0x00,
    0x00, 0x00, 0x2f, 0xff, 0xff, 0x40, 0x00, 0x00,
    0x00, 0x00, 0x00, 0x00, 0x2f, 0xff, 0xff, 0x40,
    0x00, 0x00, 0x00, 0x00, 0x00, 0x00, 0x2f, 0xff,
    0xff, 0xa8, 0x88, 0x88, 0x88, 0x88, 0x88, 0x82,
    0x2f, 0xff, 0xff, 0xff, 0xff, 0xff, 0xff, 0xff,
    0xff, 0xf4, 0x2f, 0xff, 0xff, 0xff, 0xff, 0xff,
    0xff, 0xff, 0xff, 0xf4, 0x2f, 0xff, 0xff, 0xff,
    0xff, 0xff, 0xff, 0xff, 0xff, 0xf4, 0x2f, 0xff,
    0xff, 0xff, 0xff, 0xff, 0xff, 0xff, 0xff, 0xf4,

    /* U+0046 "F" */
    0x2f, 0xff, 0xff, 0xff, 0xff, 0xff, 0xff, 0xff,
    0xff, 0xd2, 0xff, 0xff, 0xff, 0xff, 0xff, 0xff,
    0xff, 0xff, 0xfd, 0x2f, 0xff, 0xff, 0xff, 0xff,
    0xff, 0xff, 0xff, 0xff, 0xd2, 0xff, 0xff, 0xff,
    0xff, 0xff, 0xff, 0xff, 0xff, 0xfd, 0x2f, 0xff,
    0xff, 0xa8, 0x88, 0x88, 0x88, 0x88, 0x88, 0x62,
    0xff, 0xff, 0xf5, 0x00, 0x00, 0x00, 0x00, 0x00,
    0x00, 0x2f, 0xff, 0xff, 0x50, 0x00, 0x00, 0x00,
    0x00, 0x00, 0x02, 0xff, 0xff, 0xf5, 0x00, 0x00,
    0x00, 0x00, 0x00, 0x00, 0x2f, 0xff, 0xff, 0x50,
    0x00, 0x00, 0x00, 0x00, 0x00, 0x02, 0xff, 0xff,
    0xf5, 0x00, 0x00, 0x00, 0x00, 0x00, 0x00, 0x2f,
    0xff, 0xff, 0xa8, 0x88, 0x88, 0x88, 0x88, 0x82,
    0x02, 0xff, 0xff, 0xff, 0xff, 0xff, 0xff, 0xff,
    0xff, 0x50, 0x2f, 0xff, 0xff, 0xff, 0xff, 0xff,
    0xff, 0xff, 0xf5, 0x02, 0xff, 0xff, 0xff, 0xff,
    0xff, 0xff, 0xff, 0xff, 0x50, 0x2f, 0xff, 0xff,
    0xff, 0xff, 0xff, 0xff, 0xff, 0xf5, 0x02, 0xff,
    0xff, 0xf5, 0x00, 0x00, 0x00, 0x00, 0x00, 0x00,
    0x2f, 0xff, 0xff, 0x50, 0x00, 0x00, 0x00, 0x00,
    0x00, 0x02, 0xff, 0xff, 0xf5, 0x00, 0x00, 0x00,
    0x00, 0x00, 0x00, 0x2f, 0xff, 0xff, 0x50, 0x00,
    0x00, 0x00, 0x00, 0x00, 0x02, 0xff, 0xff, 0xf5,
    0x00, 0x00, 0x00, 0x00, 0x00, 0x00, 0x2f, 0xff,
    0xff, 0x50, 0x00, 0x00, 0x00, 0x00, 0x00, 0x02,
    0xff, 0xff, 0xf5, 0x00, 0x00, 0x00, 0x00, 0x00,
    0x00, 0x2f, 0xff, 0xff, 0x50, 0x00, 0x00, 0x00,
    0x00, 0x00, 0x02, 0xff, 0xff, 0xf5, 0x00, 0x00,
    0x00, 0x00, 0x00, 0x00,

    /* U+0047 "G" */
    0x00, 0x00, 0x00, 0x00, 0x37, 0xbd, 0xef, 0xfd,
    0xb7, 0x20, 0x00, 0x00, 0x00, 0x00, 0x00, 0x4c,
    0xff, 0xff, 0xff, 0xff, 0xff, 0xfb, 0x20, 0x00,
    0x00, 0x00, 0x1b, 0xff, 0xff, 0xff, 0xff, 0xff,
    0xff, 0xff, 0xf8, 0x00, 0x00, 0x02, 0xef, 0xff,
    0xff, 0xff, 0xff, 0xff, 0xff, 0xff, 0xff, 0x90,
    0x00, 0x1d, 0xff, 0xff, 0xff, 0xff, 0xfd, 0xef,
    0xff, 0xff, 0xff, 0xe1, 0x00, 0xbf, 0xff, 0xff,
    0xfc, 0x61, 0x00, 0x00, 0x4b, 0xff, 0xfd, 0x10,
    0x05, 0xff, 0xff, 0xff, 0x70, 0x00, 0x00, 0x00,
    0x00, 0x4e, 0xb0, 0x00, 0x0c, 0xff, 0xff, 0xf7,
    0x00, 0x00, 0x00, 0x00, 0x00, 0x01, 0x00, 0x00,
    0x1f, 0xff, 0xff, 0xc0, 0x00, 0x00, 0x00, 0x00,
    0x00, 0x00, 0x00, 0x00, 0x6f, 0xff, 0xff, 0x50,
    0x00, 0x00, 0x00, 0x00, 0x00, 0x00, 0x00, 0x00,
    0x8f, 0xff, 0xff, 0x10, 0x00, 0x00, 0x00, 0x00,
    0x00, 0x00, 0x00, 0x00, 0xaf, 0xff, 0xff, 0x00,
    0x00, 0x00, 0x00, 0x00, 0x00, 0x55, 0x55, 0x50,
    0xaf, 0xff, 0xff, 0x00, 0x00, 0x00, 0x00, 0x00,
    0x01, 0xff, 0xff, 0xf0, 0x8f, 0xff, 0xff, 0x10,
    0x00, 0x00, 0x00, 0x00, 0x01, 0xff, 0xff, 0xf0,
    0x6f, 0xff, 0xff, 0x60, 0x00, 0x00, 0x00, 0x00,
    0x01, 0xff, 0xff, 0xf0, 0x1f, 0xff, 0xff, 0xc0,
    0x00, 0x00, 0x00, 0x00, 0x01, 0xff, 0xff, 0xf0,
    0x0c, 0xff, 0xff, 0xf8, 0x00, 0x00, 0x00, 0x00,
    0x01, 0xff, 0xff, 0xf0, 0x04, 0xff, 0xff, 0xff,
    0x80, 0x00, 0x00, 0x00, 0x01, 0xff, 0xff, 0xf0,
    0x00, 0xbf, 0xff, 0xff, 0xfc, 0x61, 0x00, 0x00,
    0x39, 0xff, 0xff, 0xf0, 0x00, 0x1d, 0xff, 0xff,
    0xff, 0xff, 0xed, 0xef, 0xff, 0xff, 0xff, 0xf0,
    0x00, 0x02, 0xef, 0xff, 0xff, 0xff, 0xff, 0xff,
    0xff, 0xff, 0xff, 0xe0, 0x00, 0x00, 0x1b, 0xff,
    0xff, 0xff, 0xff, 0xff, 0xff, 0xff, 0xfc, 0x20,
    0x00, 0x00, 0x00, 0x5c, 0xff, 0xff, 0xff, 0xff,
    0xff, 0xfc, 0x50, 0x00, 0x00, 0x00, 0x00, 0x00,
    0x37, 0xbd, 0xef, 0xed, 0xa6, 0x20, 0x00, 0x00,

    /* U+0048 "H" */
    0x2f, 0xff, 0xff, 0x50, 0x00, 0x00, 0x00, 0x00,
    0x0d, 0xff, 0xff, 0xa2, 0xff, 0xff, 0xf5, 0x00,
    0x00, 0x00, 0x00, 0x00, 0xdf, 0xff, 0xfa, 0x2f,
    0xff, 0xff, 0x50, 0x00, 0x00, 0x00, 0x00, 0x0d,
    0xff, 0xff, 0xa2, 0xff, 0xff, 0xf5, 0x00, 0x00,
    0x00, 0x00, 0x00, 0xdf, 0xff, 0xfa, 0x2f, 0xff,
    0xff, 0x50, 0x00, 0x00, 0x00, 0x00, 0x0d, 0xff,
    0xff, 0xa2, 0xff, 0xff, 0xf5, 0x00, 0x00, 0x00,
    0x00, 0x00, 0xdf, 0xff, 0xfa, 0x2f, 0xff, 0xff,
    0x50, 0x00, 0x00, 0x00, 0x00, 0x0d, 0xff, 0xff,
    0xa2, 0xff, 0xff, 0xf5, 0x00, 0x00, 0x00, 0x00,
    0x00, 0xdf, 0xff, 0xfa, 0x2f, 0xff, 0xff, 0x50,
    0x00, 0x00, 0x00, 0x00, 0x0d, 0xff, 0xff, 0xa2,
    0xff, 0xff, 0xfd, 0xcc, 0xcc, 0xcc, 0xcc, 0xcc,
    0xff, 0xff, 0xfa, 0x2f, 0xff, 0xff, 0xff, 0xff,
    0xff, 0xff, 0xff, 0xff, 0xff, 0xff, 0xa2, 0xff,
    0xff, 0xff, 0xff, 0xff, 0xff, 0xff, 0xff, 0xff,
    0xff, 0xfa, 0x2f, 0xff, 0xff, 0xff, 0xff, 0xff,
    0xff, 0xff, 0xff, 0xff, 0xff, 0xa2, 0xff, 0xff,
    0xff, 0xff, 0xff, 0xff, 0xff, 0xff, 0xff, 0xff,
    0xfa, 0x2f, 0xff, 0xff, 0x50, 0x00, 0x00, 0x00,
    0x00, 0x0d, 0xff, 0xff, 0xa2, 0xff, 0xff, 0xf5,
    0x00, 0x00, 0x00, 0x00, 0x00, 0xdf, 0xff, 0xfa,
    0x2f, 0xff, 0xff, 0x50, 0x00, 0x00, 0x00, 0x00,
    0x0d, 0xff, 0xff, 0xa2, 0xff, 0xff, 0xf5, 0x00,
    0x00, 0x00, 0x00, 0x00, 0xdf, 0xff, 0xfa, 0x2f,
    0xff, 0xff, 0x50, 0x00, 0x00, 0x00, 0x00, 0x0d,
    0xff, 0xff, 0xa2, 0xff, 0xff, 0xf5, 0x00, 0x00,
    0x00, 0x00, 0x00, 0xdf, 0xff, 0xfa, 0x2f, 0xff,
    0xff, 0x50, 0x00, 0x00, 0x00, 0x00, 0x0d, 0xff,
    0xff, 0xa2, 0xff, 0xff, 0xf5, 0x00, 0x00, 0x00,
    0x00, 0x00, 0xdf, 0xff, 0xfa, 0x2f, 0xff, 0xff,
    0x50, 0x00, 0x00, 0x00, 0x00, 0x0d, 0xff, 0xff,
    0xa2, 0xff, 0xff, 0xf5, 0x00, 0x00, 0x00, 0x00,
    0x00, 0xdf, 0xff, 0xfa,

    /* U+0049 "I" */
    0x2f, 0xff, 0xff, 0x52, 0xff, 0xff, 0xf5, 0x2f,
    0xff, 0xff, 0x52, 0xff, 0xff, 0xf5, 0x2f, 0xff,
    0xff, 0x52, 0xff, 0xff, 0xf5, 0x2f, 0xff, 0xff,
    0x52, 0xff, 0xff, 0xf5, 0x2f, 0xff, 0xff, 0x52,
    0xff, 0xff, 0xf5, 0x2f, 0xff, 0xff, 0x52, 0xff,
    0xff, 0xf5, 0x2f, 0xff, 0xff, 0x52, 0xff, 0xff,
    0xf5, 0x2f, 0xff, 0xff, 0x52, 0xff, 0xff, 0xf5,
    0x2f, 0xff, 0xff, 0x52, 0xff, 0xff, 0xf5, 0x2f,
    0xff, 0xff, 0x52, 0xff, 0xff, 0xf5, 0x2f, 0xff,
    0xff, 0x52, 0xff, 0xff, 0xf5, 0x2f, 0xff, 0xff,
    0x52, 0xff, 0xff, 0xf5,

    /* U+004A "J" */
    0x00, 0x1f, 0xff, 0xff, 0xff, 0xff, 0xff, 0xff,
    0xc0, 0x01, 0xff, 0xff, 0xff, 0xff, 0xff, 0xff,
    0xfc, 0x00, 0x1f, 0xff, 0xff, 0xff, 0xff, 0xff,
    0xff, 0xc0, 0x01, 0xff, 0xff, 0xff, 0xff, 0xff,
    0xff, 0xfc, 0x00, 0x08, 0x88, 0x88, 0x88, 0x8d,
    0xff, 0xff, 0xc0, 0x00, 0x00, 0x00, 0x00, 0x00,
    0xbf, 0xff, 0xfc, 0x00, 0x00, 0x00, 0x00, 0x00,
    0x0b, 0xff, 0xff, 0xc0, 0x00, 0x00, 0x00, 0x00,
    0x00, 0xbf, 0xff, 0xfc, 0x00, 0x00, 0x00, 0x00,
    0x00, 0x0b, 0xff, 0xff, 0xc0, 0x00, 0x00, 0x00,
    0x00, 0x00, 0xbf, 0xff, 0xfc, 0x00, 0x00, 0x00,
    0x00, 0x00, 0x0b, 0xff, 0xff, 0xc0, 0x00, 0x00,
    0x00, 0x00, 0x00, 0xbf, 0xff, 0xfc, 0x00, 0x00,
    0x00, 0x00, 0x00, 0x0b, 0xff, 0xff, 0xc0, 0x00,
    0x00, 0x00, 0x00, 0x00, 0xbf, 0xff, 0xfc, 0x00,
    0x00, 0x00, 0x00, 0x00, 0x0b, 0xff, 0xff, 0xc0,
    0x00, 0x00, 0x00, 0x00, 0x00, 0xbf, 0xff, 0xfc,
    0x00, 0x00, 0x00, 0x00, 0x00, 0x0d, 0xff, 0xff,
    0xb0, 0x02, 0xd3, 0x00, 0x00, 0x01, 0xff, 0xff,
    0xf9, 0x01, 0xdf, 0xf5, 0x00, 0x00, 0xbf, 0xff,
    0xff, 0x60, 0xbf, 0xff, 0xfe, 0xbb, 0xef, 0xff,
    0xff, 0xf1, 0x5f, 0xff, 0xff, 0xff, 0xff, 0xff,
    0xff, 0xf9, 0x00, 0x8f, 0xff, 0xff, 0xff, 0xff,
    0xff, 0xfd, 0x00, 0x00, 0x4e, 0xff, 0xff, 0xff,
    0xff, 0xfa, 0x00, 0x00, 0x00, 0x05, 0xad, 0xef,
    0xec, 0x83, 0x00, 0x00,

    /* U+004B "K" */
    0x2f, 0xff, 0xff, 0x40, 0x00, 0x00, 0x00, 0x00,
    0x9f, 0xff, 0xff, 0x70, 0x2f, 0xff, 0xff, 0x40,
    0x00, 0x00, 0x00, 0x09, 0xff, 0xff, 0xf9, 0x00,
    0x2f, 0xff, 0xff, 0x40, 0x00, 0x00, 0x00, 0x8f,
    0xff, 0xff, 0xa0, 0x00, 0x2f, 0xff, 0xff, 0x40,
    0x00, 0x00, 0x07, 0xff, 0xff, 0xfb, 0x00, 0x00,
    0x2f, 0xff, 0xff, 0x40, 0x00, 0x00, 0x6f, 0xff,
    0xff, 0xc0, 0x00, 0x00, 0x2f, 0xff, 0xff, 0x40,
    0x00, 0x05, 0xff, 0xff, 0xfd, 0x10, 0x00, 0x00,
    0x2f, 0xff, 0xff, 0x40, 0x00, 0x4f, 0xff, 0xff,
    0xd1, 0x00, 0x00, 0x00, 0x2f, 0xff, 0xff, 0x40,
    0x03, 0xff, 0xff, 0xfe, 0x20, 0x00, 0x00, 0x00,
    0x2f, 0xff, 0xff, 0x40, 0x3f, 0xff, 0xff, 0xf2,
    0x00, 0x00, 0x00, 0x00, 0x2f, 0xff, 0xff, 0x42,
    0xef, 0xff, 0xff, 0x30, 0x00, 0x00, 0x00, 0x00,
    0x2f, 0xff, 0xff, 0x6e, 0xff, 0xff, 0xf5, 0x00,
    0x00, 0x00, 0x00, 0x00, 0x2f, 0xff, 0xff, 0xff,
    0xff, 0xff, 0xfb, 0x00, 0x00, 0x00, 0x00, 0x00,
    0x2f, 0xff, 0xff, 0xff, 0xff, 0xff, 0xff, 0x80,
    0x00, 0x00, 0x00, 0x00, 0x2f, 0xff, 0xff, 0xff,
    0xff, 0xff, 0xff, 0xf4, 0x00, 0x00, 0x00, 0x00,
    0x2f, 0xff, 0xff, 0xff, 0xfd, 0xff, 0xff, 0xfe,
    0x20, 0x00, 0x00, 0x00, 0x2f, 0xff, 0xff, 0xff,
    0x90, 0xcf, 0xff, 0xff, 0xd0, 0x00, 0x00, 0x00,
    0x2f, 0xff, 0xff, 0xfa, 0x00, 0x1e, 0xff, 0xff,
    0xfa, 0x00, 0x00, 0x00, 0x2f, 0xff, 0xff, 0xb0,
    0x00, 0x03, 0xff, 0xff, 0xff, 0x60, 0x00, 0x00,
    0x2f, 0xff, 0xff, 0x40, 0x00, 0x00, 0x5f, 0xff,
    0xff, 0xf3, 0x00, 0x00, 0x2f, 0xff, 0xff, 0x40,
    0x00, 0x00, 0x08, 0xff, 0xff, 0xfe, 0x10, 0x00,
    0x2f, 0xff, 0xff, 0x40, 0x00, 0x00, 0x00, 0xbf,
    0xff, 0xff, 0xc0, 0x00, 0x2f, 0xff, 0xff, 0x40,
    0x00, 0x00, 0x00, 0x1d, 0xff, 0xff, 0xf9, 0x00,
    0x2f, 0xff, 0xff, 0x40, 0x00, 0x00, 0x00, 0x02,
    0xff, 0xff, 0xff, 0x50, 0x2f, 0xff, 0xff, 0x40,
    0x00, 0x00, 0x00, 0x00, 0x4f, 0xff, 0xff, 0xf2,

    /* U+004C "L" */
    0x2f, 0xff, 0xff, 0x50, 0x00, 0x00, 0x00, 0x00,
    0x00, 0x02, 0xff, 0xff, 0xf5, 0x00, 0x00, 0x00,
    0x00, 0x00, 0x00, 0x2f, 0xff, 0xff, 0x50, 0x00,
    0x00, 0x00, 0x00, 0x00, 0x02, 0xff, 0xff, 0xf5,
    0x00, 0x00, 0x00, 0x00, 0x00, 0x00, 0x2f, 0xff,
    0xff, 0x50, 0x00, 0x00, 0x00, 0x00, 0x00, 0x02,
    0xff, 0xff, 0xf5, 0x00, 0x00, 0x00, 0x00, 0x00,
    0x00, 0x2f, 0xff, 0xff, 0x50, 0x00, 0x00, 0x00,
    0x00, 0x00, 0x02, 0xff, 0xff, 0xf5, 0x00, 0x00,
    0x00, 0x00, 0x00, 0x00, 0x2f, 0xff, 0xff, 0x50,
    0x00, 0x00, 0x00, 0x00, 0x00, 0x02, 0xff, 0xff,
    0xf5, 0x00, 0x00, 0x00, 0x00, 0x00, 0x00, 0x2f,
    0xff, 0xff, 0x50, 0x00, 0x00, 0x00, 0x00, 0x00,
    0x02, 0xff, 0xff, 0xf5, 0x00, 0x00, 0x00, 0x00,
    0x00, 0x00, 0x2f, 0xff, 0xff, 0x50, 0x00, 0x00,
    0x00, 0x00, 0x00, 0x02, 0xff, 0xff, 0xf5, 0x00,
    0x00, 0x00, 0x00, 0x00, 0x00, 0x2f, 0xff, 0xff,
    0x50, 0x00, 0x00, 0x00, 0x00, 0x00, 0x02, 0xff,
    0xff, 0xf5, 0x00, 0x00, 0x00, 0x00, 0x00, 0x00,
    0x2f, 0xff, 0xff, 0x50, 0x00, 0x00, 0x00, 0x00,
    0x00, 0x02, 0xff, 0xff, 0xf5, 0x00, 0x00, 0x00,
    0x00, 0x00, 0x00, 0x2f, 0xff, 0xff, 0x50, 0x00,
    0x00, 0x00, 0x00, 0x00, 0x02, 0xff, 0xff, 0xfb,
    0x99, 0x99, 0x99, 0x99, 0x99, 0x92, 0x2f, 0xff,
    0xff, 0xff, 0xff, 0xff, 0xff, 0xff, 0xff, 0x42,
    0xff, 0xff, 0xff, 0xff, 0xff, 0xff, 0xff, 0xff,
    0xf4, 0x2f, 0xff, 0xff, 0xff, 0xff, 0xff, 0xff,
    0xff, 0xff, 0x42, 0xff, 0xff, 0xff, 0xff, 0xff,
    0xff, 0xff, 0xff, 0xf4,

    /* U+004D "M" */
    0x2f, 0xff, 0xfa, 0x00, 0x00, 0x00, 0x00, 0x00,
    0x00, 0x00, 0x00, 0x3f, 0xff, 0xf9, 0x2f, 0xff,
    0xff, 0x40, 0x00, 0x00, 0x00, 0x00, 0x00, 0x00,
    0x00, 0xcf, 0xff, 0xf9, 0x2f, 0xff, 0xff, 0xd0,
    0x00, 0x00, 0x00, 0x00, 0x00, 0x00, 0x06, 0xff,
    0xff, 0xf9, 0x2f, 0xff, 0xff, 0xf7, 0x00, 0x00,
    0x00, 0x00, 0x00, 0x00, 0x1e, 0xff, 0xff, 0xf9,
    0x2f, 0xff, 0xff, 0xff, 0x10, 0x00, 0x00, 0x00,
    0x00, 0x00, 0x9f, 0xff, 0xff, 0xf9, 0x2f, 0xff,
    0xff, 0xff, 0xa0, 0x00, 0x00, 0x00, 0x00, 0x03,
    0xff, 0xff, 0xff, 0xf9, 0x2f, 0xff, 0xff, 0xff,
    0xf4, 0x00, 0x00, 0x00, 0x00, 0x0c, 0xff, 0xff,
    0xff, 0xf9, 0x2f, 0xff, 0xff, 0xff, 0xfd, 0x00,
    0x00, 0x00, 0x00, 0x5f, 0xff, 0xff, 0xff, 0xf9,
    0x2f, 0xff, 0xff, 0xff, 0xff, 0x70, 0x00, 0x00,
    0x00, 0xef, 0xff, 0xff, 0xff, 0xf9, 0x2f, 0xff,
    0xff, 0xff, 0xff, 0xf1, 0x00, 0x00, 0x08, 0xff,
    0xff, 0xff, 0xff, 0xf9, 0x2f, 0xff, 0xff, 0xaf,
    0xff, 0xfa, 0x00, 0x00, 0x2f, 0xff, 0xfe, 0x9f,
    0xff, 0xf9, 0x2f, 0xff, 0xff, 0x1f, 0xff, 0xff,
    0x30, 0x00, 0xbf, 0xff, 0xf5, 0x8f, 0xff, 0xf9,
    0x2f, 0xff, 0xff, 0x07, 0xff, 0xff, 0xd0, 0x04,
    0xff, 0xff, 0xb0, 0x8f, 0xff, 0xf9, 0x2f, 0xff,
    0xff, 0x00, 0xdf, 0xff, 0xf7, 0x0d, 0xff, 0xff,
    0x20, 0x8f, 0xff, 0xf9, 0x2f, 0xff, 0xff, 0x00,
    0x3f, 0xff, 0xff, 0x9f, 0xff, 0xf8, 0x00, 0x8f,
    0xff, 0xf9, 0x2f, 0xff, 0xff, 0x00, 0x0a, 0xff,
    0xff, 0xff, 0xff, 0xe0, 0x00, 0x8f, 0xff, 0xf9,
    0x2f, 0xff, 0xff, 0x00, 0x01, 0xff, 0xff, 0xff,
    0xff, 0x60, 0x00, 0x8f, 0xff, 0xf9, 0x2f, 0xff,
    0xff, 0x00, 0x00, 0x6f, 0xff, 0xff, 0xfc, 0x00,
    0x00, 0x8f, 0xff, 0xf9, 0x2f, 0xff, 0xff, 0x00,
    0x00, 0x0c, 0xff, 0xff, 0xf3, 0x00, 0x00, 0x8f,
    0xff, 0xf9, 0x2f, 0xff, 0xff, 0x00, 0x00, 0x03,
    0xff, 0xff, 0x90, 0x00, 0x00, 0x8f, 0xff, 0xfa,
    0x2f, 0xff, 0xff, 0x00, 0x00, 0x00, 0x9f, 0xfe,
    0x10, 0x00, 0x00, 0x8f, 0xff, 0xfa, 0x2f, 0xff,
    0xff, 0x00, 0x00, 0x00, 0x17, 0x74, 0x00, 0x00,
    0x00, 0x8f, 0xff, 0xfa, 0x2f, 0xff, 0xff, 0x00,
    0x00, 0x00, 0x00, 0x00, 0x00, 0x00, 0x00, 0x8f,
    0xff, 0xfa, 0x2f, 0xff, 0xff, 0x00, 0x00, 0x00,
    0x00, 0x00, 0x00, 0x00, 0x00, 0x8f, 0xff, 0xfa,

    /* U+004E "N" */
    0x2f, 0xff, 0xfc, 0x00, 0x00, 0x00, 0x00, 0x00,
    0x0c, 0xff, 0xff, 0xa2, 0xff, 0xff, 0xf9, 0x00,
    0x00, 0x00, 0x00, 0x00, 0xcf, 0xff, 0xfa, 0x2f,
    0xff, 0xff, 0xf6, 0x00, 0x00, 0x00, 0x00, 0x0c,
    0xff, 0xff, 0xa2, 0xff, 0xff, 0xff, 0xf3, 0x00,
    0x00, 0x00, 0x00, 0xcf, 0xff, 0xfa, 0x2f, 0xff,
    0xff, 0xff, 0xe1, 0x00, 0x00, 0x00, 0x0c, 0xff,
    0xff, 0xa2, 0xff, 0xff, 0xff, 0xff, 0xc0, 0x00,
    0x00, 0x00, 0xcf, 0xff, 0xfa, 0x2f, 0xff, 0xff,
    0xff, 0xff, 0xa0, 0x00, 0x00, 0x0c, 0xff, 0xff,
    0xa2, 0xff, 0xff, 0xff, 0xff, 0xff, 0x70, 0x00,
    0x00, 0xcf, 0xff, 0xfa, 0x2f, 0xff, 0xff, 0xff,
    0xff, 0xff, 0x40, 0x00, 0x0c, 0xff, 0xff, 0xa2,
    0xff, 0xff, 0xfd, 0xff, 0xff, 0xfe, 0x20, 0x00,
    0xcf, 0xff, 0xfa, 0x2f, 0xff, 0xff, 0x4c, 0xff,
    0xff, 0xfd, 0x00, 0x0c, 0xff, 0xff, 0xa2, 0xff,
    0xff, 0xf4, 0x1e, 0xff, 0xff, 0xfa, 0x00, 0xcf,
    0xff, 0xfa, 0x2f, 0xff, 0xff, 0x40, 0x3f, 0xff,
    0xff, 0xf7, 0x0c, 0xff, 0xff, 0xa2, 0xff, 0xff,
    0xf4, 0x00, 0x6f, 0xff, 0xff, 0xf4, 0xcf, 0xff,
    0xfa, 0x2f, 0xff, 0xff, 0x40, 0x00, 0x9f, 0xff,
    0xff, 0xfe, 0xff, 0xff, 0xa2, 0xff, 0xff, 0xf4,
    0x00, 0x00, 0xcf, 0xff, 0xff, 0xff, 0xff, 0xfa,
    0x2f, 0xff, 0xff, 0x40, 0x00, 0x01, 0xef, 0xff,
    0xff, 0xff, 0xff, 0xa2, 0xff, 0xff, 0xf4, 0x00,
    0x00, 0x03, 0xff, 0xff, 0xff, 0xff, 0xfa, 0x2f,
    0xff, 0xff, 0x40, 0x00, 0x00, 0x05, 0xff, 0xff,
    0xff, 0xff, 0xa2, 0xff, 0xff, 0xf4, 0x00, 0x00,
    0x00, 0x08, 0xff, 0xff, 0xff, 0xfa, 0x2f, 0xff,
    0xff, 0x40, 0x00, 0x00, 0x00, 0x0b, 0xff, 0xff,
    0xff, 0xa2, 0xff, 0xff, 0xf4, 0x00, 0x00, 0x00,
    0x00, 0x0d, 0xff, 0xff, 0xfa, 0x2f, 0xff, 0xff,
    0x40, 0x00, 0x00, 0x00, 0x00, 0x2f, 0xff, 0xff,
    0xa2, 0xff, 0xff, 0xf4, 0x00, 0x00, 0x00, 0x00,
    0x00, 0x4f, 0xff, 0xfa,

    /* U+004F "O" */
    0x00, 0x00, 0x00, 0x00, 0x37, 0xbd, 0xef, 0xed,
    0xa6, 0x10, 0x00, 0x00, 0x00, 0x00, 0x00, 0x00,
    0x04, 0xcf, 0xff, 0xff, 0xff, 0xff, 0xff, 0xa2,
    0x00, 0x00, 0x00, 0x00, 0x00, 0x1b, 0xff, 0xff,
    0xff, 0xff, 0xff, 0xff, 0xff, 0xf7, 0x00, 0x00,
    0x00, 0x00, 0x2d, 0xff, 0xff, 0xff, 0xff, 0xff,
    0xff, 0xff, 0xff, 0xfb, 0x00, 0x00, 0x00, 0x1d,
    0xff, 0xff, 0xff, 0xff, 0xed, 0xff, 0xff, 0xff,
    0xff, 0xfa, 0x00, 0x00, 0x0b, 0xff, 0xff, 0xff,
    0xc5, 0x00, 0x00, 0x17, 0xef, 0xff, 0xff, 0xf6,
    0x00, 0x04, 0xff, 0xff, 0xff, 0x70, 0x00, 0x00,
    0x00, 0x01, 0xbf, 0xff, 0xff, 0xe1, 0x00, 0xcf,
    0xff, 0xff, 0x70, 0x00, 0x00, 0x00, 0x00, 0x00,
    0xcf, 0xff, 0xff, 0x70, 0x1f, 0xff, 0xff, 0xc0,
    0x00, 0x00, 0x00, 0x00, 0x00, 0x01, 0xff, 0xff,
    0xfc, 0x06, 0xff, 0xff, 0xf5, 0x00, 0x00, 0x00,
    0x00, 0x00, 0x00, 0x0a, 0xff, 0xff, 0xf1, 0x8f,
    0xff, 0xff, 0x10, 0x00, 0x00, 0x00, 0x00, 0x00,
    0x00, 0x6f, 0xff, 0xff, 0x3a, 0xff, 0xff, 0xf0,
    0x00, 0x00, 0x00, 0x00, 0x00, 0x00, 0x04, 0xff,
    0xff, 0xf5, 0xaf, 0xff, 0xff, 0x00, 0x00, 0x00,
    0x00, 0x00, 0x00, 0x00, 0x4f, 0xff, 0xff, 0x58,
    0xff, 0xff, 0xf1, 0x00, 0x00, 0x00, 0x00, 0x00,
    0x00, 0x06, 0xff, 0xff, 0xf3, 0x6f, 0xff, 0xff,
    0x50, 0x00, 0x00, 0x00, 0x00, 0x00, 0x00, 0xaf,
    0xff, 0xff, 0x11, 0xff, 0xff, 0xfc, 0x00, 0x00,
    0x00, 0x00, 0x00, 0x00, 0x1f, 0xff, 0xff, 0xc0,
    0x0c, 0xff, 0xff, 0xf8, 0x00, 0x00, 0x00, 0x00,
    0x00, 0x0c, 0xff, 0xff, 0xf7, 0x00, 0x4f, 0xff,
    0xff, 0xf7, 0x00, 0x00, 0x00, 0x00, 0x1b, 0xff,
    0xff, 0xfe, 0x10, 0x00, 0xbf, 0xff, 0xff, 0xfc,
    0x50, 0x00, 0x01, 0x7e, 0xff, 0xff, 0xff, 0x60,
    0x00, 0x01, 0xdf, 0xff, 0xff, 0xff, 0xfe, 0xdf,
    0xff, 0xff, 0xff, 0xff, 0xa0, 0x00, 0x00, 0x02,
    0xdf, 0xff, 0xff, 0xff, 0xff, 0xff, 0xff, 0xff,
    0xff, 0xa0, 0x00, 0x00, 0x00, 0x01, 0xaf, 0xff,
    0xff, 0xff, 0xff, 0xff, 0xff, 0xff, 0x70, 0x00,
    0x00, 0x00, 0x00, 0x00, 0x4c, 0xff, 0xff, 0xff,
    0xff, 0xff, 0xfa, 0x20, 0x00, 0x00, 0x00, 0x00,
    0x00, 0x00, 0x03, 0x7b, 0xde, 0xfe, 0xda, 0x61,
    0x00, 0x00, 0x00, 0x00,

    /* U+0050 "P" */
    0x2f, 0xff, 0xff, 0xff, 0xff, 0xff, 0xed, 0xa5,
    0x00, 0x00, 0x00, 0x2f, 0xff, 0xff, 0xff, 0xff,
    0xff, 0xff, 0xff, 0xf7, 0x00, 0x00, 0x2f, 0xff,
    0xff, 0xff, 0xff, 0xff, 0xff, 0xff, 0xff, 0xc1,
    0x00, 0x2f, 0xff, 0xff, 0xff, 0xff, 0xff, 0xff,
    0xff, 0xff, 0xfc, 0x00, 0x2f, 0xff, 0xff, 0xb9,
    0x99, 0x9a, 0xcf, 0xff, 0xff, 0xff, 0x70, 0x2f,
    0xff, 0xff, 0x50, 0x00, 0x00, 0x01, 0x9f, 0xff,
    0xff, 0xe0, 0x2f, 0xff, 0xff, 0x50, 0x00, 0x00,
    0x00, 0x0a, 0xff, 0xff, 0xf3, 0x2f, 0xff, 0xff,
    0x50, 0x00, 0x00, 0x00, 0x03, 0xff, 0xff, 0xf6,
    0x2f, 0xff, 0xff, 0x50, 0x00, 0x00, 0x00, 0x02,
    0xff, 0xff, 0xf6, 0x2f, 0xff, 0xff, 0x50, 0x00,
    0x00, 0x00, 0x03, 0xff, 0xff, 0xf6, 0x2f, 0xff,
    0xff, 0x50, 0x00, 0x00, 0x00, 0x0a, 0xff, 0xff,
    0xf3, 0x2f, 0xff, 0xff, 0x50, 0x00, 0x00, 0x00,
    0x9f, 0xff, 0xff, 0xe0, 0x2f, 0xff, 0xff, 0xb9,
    0x99, 0x9a, 0xcf, 0xff, 0xff, 0xff, 0x70, 0x2f,
    0xff, 0xff, 0xff, 0xff, 0xff, 0xff, 0xff, 0xff,
    0xfc, 0x00, 0x2f, 0xff, 0xff, 0xff, 0xff, 0xff,
    0xff, 0xff, 0xff, 0xc1, 0x00, 0x2f, 0xff, 0xff,
    0xff, 0xff, 0xff, 0xff, 0xff, 0xf8, 0x00, 0x00,
    0x2f, 0xff, 0xff, 0xff, 0xff, 0xff, 0xfd, 0xa6,
    0x00, 0x00, 0x00, 0x2f, 0xff, 0xff, 0x50, 0x00,
    0x00, 0x00, 0x00, 0x00, 0x00, 0x00, 0x2f, 0xff,
    0xff, 0x50, 0x00, 0x00, 0x00, 0x00, 0x00, 0x00,
    0x00, 0x2f, 0xff, 0xff, 0x50, 0x00, 0x00, 0x00,
    0x00, 0x00, 0x00, 0x00, 0x2f, 0xff, 0xff, 0x50,
    0x00, 0x00, 0x00, 0x00, 0x00, 0x00, 0x00, 0x2f,
    0xff, 0xff, 0x50, 0x00, 0x00, 0x00, 0x00, 0x00,
    0x00, 0x00, 0x2f, 0xff, 0xff, 0x50, 0x00, 0x00,
    0x00, 0x00, 0x00, 0x00, 0x00, 0x2f, 0xff, 0xff,
    0x50, 0x00, 0x00, 0x00, 0x00, 0x00, 0x00, 0x00,

    /* U+0051 "Q" */
    0x00, 0x00, 0x00, 0x00, 0x27, 0xbd, 0xef, 0xed,
    0xa5, 0x10, 0x00, 0x00, 0x00, 0x00, 0x00, 0x00,
    0x00, 0x3b, 0xff, 0xff, 0xff, 0xff, 0xff, 0xf9,
    0x10, 0x00, 0x00, 0x00, 0x00, 0x00, 0x09, 0xff,
    0xff, 0xff, 0xff, 0xff, 0xff, 0xff, 0xf5, 0x00,
    0x00, 0x00, 0x00, 0x01, 0xcf, 0xff, 0xff, 0xff,
    0xff, 0xff, 0xff, 0xff, 0xff, 0x90, 0x00, 0x00,
    0x00, 0x0b, 0xff, 0xff, 0xff, 0xff, 0xed, 0xff,
    0xff, 0xff, 0xff, 0xf7, 0x00, 0x00, 0x00, 0x8f,
    0xff, 0xff, 0xfd, 0x60, 0x00, 0x02, 0x8f, 0xff,
    0xff, 0xff, 0x40, 0x00, 0x02, 0xff, 0xff, 0xff,
    0x90, 0x00, 0x00, 0x00, 0x02, 0xcf, 0xff, 0xff,
    0xd0, 0x00, 0x0a, 0xff, 0xff, 0xfa, 0x00, 0x00,
    0x00, 0x00, 0x00, 0x1e, 0xff, 0xff, 0xf5, 0x00,
    0x0f, 0xff, 0xff, 0xe0, 0x00, 0x00, 0x00, 0x00,
    0x00, 0x03, 0xff, 0xff, 0xfb, 0x00, 0x4f, 0xff,
    0xff, 0x80, 0x00, 0x00, 0x00, 0x00, 0x00, 0x00,
    0xcf, 0xff, 0xff, 0x00, 0x7f, 0xff, 0xff, 0x20,
    0x00, 0x00, 0x00, 0x00, 0x00, 0x00, 0x7f, 0xff,
    0xff, 0x30, 0x9f, 0xff, 0xff, 0x00, 0x00, 0x00,
    0x00, 0x00, 0x00, 0x00, 0x5f, 0xff, 0xff, 0x40,
    0xaf, 0xff, 0xfe, 0x00, 0x00, 0x00, 0x00, 0x00,
    0x00, 0x00, 0x3f, 0xff, 0xff, 0x50, 0x9f, 0xff,
    0xff, 0x00, 0x00, 0x00, 0x00, 0x00, 0x00, 0x00,
    0x5f, 0xff, 0xff, 0x50, 0x8f, 0xff, 0xff, 0x20,
    0x00, 0x00, 0x00, 0x00, 0x00, 0x00, 0x7f, 0xff,
    0xff, 0x30, 0x5f, 0xff, 0xff, 0x70, 0x00, 0x00,
    0x00, 0x00, 0x00, 0x00, 0xcf, 0xff, 0xff, 0x00,
    0x1f, 0xff, 0xff, 0xd0, 0x00, 0x00, 0x00, 0x00,
    0x00, 0x03, 0xff, 0xff, 0xfb, 0x00, 0x0a, 0xff,
    0xff, 0xf9, 0x00, 0x00, 0x00, 0x00, 0x00, 0x0d,
    0xff, 0xff, 0xf5, 0x00, 0x03, 0xff, 0xff, 0xff,
    0x80, 0x00, 0x00, 0x00, 0x01, 0xcf, 0xff, 0xff,
    0xd0, 0x00, 0x00, 0x9f, 0xff, 0xff, 0xfc, 0x50,
    0x00, 0x01, 0x7e, 0xff, 0xff, 0xff, 0x40, 0x00,
    0x00, 0x0c, 0xff, 0xff, 0xff, 0xff, 0xdc, 0xef,
    0xff, 0xff, 0xff, 0xf7, 0x00, 0x00, 0x00, 0x01,
    0xdf, 0xff, 0xff, 0xff, 0xff, 0xff, 0xff, 0xff,
    0xff, 0x80, 0x00, 0x00, 0x00, 0x00, 0x0a, 0xff,
    0xff, 0xff, 0xff, 0xff, 0xff, 0xff, 0xf5, 0x00,
    0x00, 0x00, 0x00, 0x00, 0x00, 0x4c, 0xff, 0xff,
    0xff, 0xff, 0xff, 0xf9, 0x10, 0x00, 0x00, 0x00,
    0x00, 0x00, 0x00, 0x00, 0x38, 0xbe, 0xff, 0xff,
    0xff, 0x30, 0x00, 0x00, 0x45, 0x00, 0x00, 0x00,
    0x00, 0x00, 0x00, 0x01, 0xdf, 0xff, 0xff, 0xe6,
    0x10, 0x39, 0xff, 0x30, 0x00, 0x00, 0x00, 0x00,
    0x00, 0x00, 0x1d, 0xff, 0xff, 0xff, 0xff, 0xff,
    0xff, 0xe1, 0x00, 0x00, 0x00, 0x00, 0x00, 0x00,
    0x01, 0xcf, 0xff, 0xff, 0xff, 0xff, 0xff, 0xf4,
    0x00, 0x00, 0x00, 0x00, 0x00, 0x00, 0x00, 0x07,
    0xff, 0xff, 0xff, 0xff, 0xfe, 0x40, 0x00, 0x00,
    0x00, 0x00, 0x00, 0x00, 0x00, 0x00, 0x18, 0xdf,
    0xff, 0xfd, 0x81, 0x00, 0x00, 0x00, 0x00, 0x00,
    0x00, 0x00, 0x00, 0x00, 0x00, 0x00, 0x22, 0x00,
    0x00, 0x00,

    /* U+0052 "R" */
    0x2f, 0xff, 0xff, 0xff, 0xff, 0xff, 0xec, 0x95,
    0x00, 0x00, 0x00, 0x2f, 0xff, 0xff, 0xff, 0xff,
    0xff, 0xff, 0xff, 0xf8, 0x00, 0x00, 0x2f, 0xff,
    0xff, 0xff, 0xff, 0xff, 0xff, 0xff, 0xff, 0xc1,
    0x00, 0x2f, 0xff, 0xff, 0xff, 0xff, 0xff, 0xff,
    0xff, 0xff, 0xfc, 0x00, 0x2f, 0xff, 0xff, 0xb9,
    0x99, 0x9a, 0xcf, 0xff, 0xff, 0xff, 0x70, 0x2f,
    0xff, 0xff, 0x50, 0x00, 0x00, 0x01, 0x9f, 0xff,
    0xff, 0xe0, 0x2f, 0xff, 0xff, 0x50, 0x00, 0x00,
    0x00, 0x0a, 0xff, 0xff, 0xf3, 0x2f, 0xff, 0xff,
    0x50, 0x00, 0x00, 0x00, 0x04, 0xff, 0xff, 0xf5,
    0x2f, 0xff, 0xff, 0x50, 0x00, 0x00, 0x00, 0x02,
    0xff, 0xff, 0xf6, 0x2f, 0xff, 0xff, 0x50, 0x00,
    0x00, 0x00, 0x03, 0xff, 0xff, 0xf6, 0x2f, 0xff,
    0xff, 0x50, 0x00, 0x00, 0x00, 0x09, 0xff, 0xff,
    0xf3, 0x2f, 0xff, 0xff, 0x50, 0x00, 0x00, 0x00,
    0x8f, 0xff, 0xff, 0xe0, 0x2f, 0xff, 0xff, 0xa8,
    0x88, 0x88, 0xae, 0xff, 0xff, 0xff, 0x70, 0x2f,
    0xff, 0xff, 0xff, 0xff, 0xff, 0xff, 0xff, 0xff,
    0xfc, 0x00, 0x2f, 0xff, 0xff, 0xff, 0xff, 0xff,
    0xff, 0xff, 0xff, 0xc1, 0x00, 0x2f, 0xff, 0xff,
    0xff, 0xff, 0xff, 0xff, 0xff, 0xf7, 0x00, 0x00,
    0x2f, 0xff, 0xff, 0xff, 0xff, 0xff, 0xff, 0xff,
    0xe0, 0x00, 0x00, 0x2f, 0xff, 0xff, 0x50, 0x00,
    0x04, 0xff, 0xff, 0xf9, 0x00, 0x00, 0x2f, 0xff,
    0xff, 0x50, 0x00, 0x00, 0xaf, 0xff, 0xff, 0x40,
    0x00, 0x2f, 0xff, 0xff, 0x50, 0x00, 0x00, 0x1e,
    0xff, 0xff, 0xe0, 0x00, 0x2f, 0xff, 0xff, 0x50,
    0x00, 0x00, 0x05, 0xff, 0xff, 0xf9, 0x00, 0x2f,
    0xff, 0xff, 0x50, 0x00, 0x00, 0x00, 0xaf, 0xff,
    0xff, 0x40, 0x2f, 0xff, 0xff, 0x50, 0x00, 0x00,
    0x00, 0x1e, 0xff, 0xff, 0xd0, 0x2f, 0xff, 0xff,
    0x50, 0x00, 0x00, 0x00, 0x05, 0xff, 0xff, 0xf9,

    /* U+0053 "S" */
    0x00, 0x00, 0x00, 0x48, 0xce, 0xff, 0xed, 0xb8,
    0x30, 0x00, 0x00, 0x00, 0x04, 0xdf, 0xff, 0xff,
    0xff, 0xff, 0xff, 0xe7, 0x00, 0x00, 0x08, 0xff,
    0xff, 0xff, 0xff, 0xff, 0xff, 0xff, 0xf8, 0x00,
    0x06, 0xff, 0xff, 0xff, 0xff, 0xff, 0xff, 0xff,
    0xff, 0x20, 0x00, 0xef, 0xff, 0xff, 0xfb, 0x98,
    0x9b, 0xef, 0xff, 0xc0, 0x00, 0x5f, 0xff, 0xff,
    0xb1, 0x00, 0x00, 0x00, 0x39, 0xf5, 0x00, 0x08,
    0xff, 0xff, 0xf1, 0x00, 0x00, 0x00, 0x00, 0x01,
    0x00, 0x00, 0x8f, 0xff, 0xff, 0x00, 0x00, 0x00,
    0x00, 0x00, 0x00, 0x00, 0x06, 0xff, 0xff, 0xf9,
    0x00, 0x00, 0x00, 0x00, 0x00, 0x00, 0x00, 0x1f,
    0xff, 0xff, 0xfe, 0x95, 0x10, 0x00, 0x00, 0x00,
    0x00, 0x00, 0x8f, 0xff, 0xff, 0xff, 0xff, 0xd9,
    0x51, 0x00, 0x00, 0x00, 0x00, 0x9f, 0xff, 0xff,
    0xff, 0xff, 0xff, 0xfb, 0x30, 0x00, 0x00, 0x00,
    0x4b, 0xff, 0xff, 0xff, 0xff, 0xff, 0xff, 0x90,
    0x00, 0x00, 0x00, 0x02, 0x6a, 0xef, 0xff, 0xff,
    0xff, 0xff, 0xa0, 0x00, 0x00, 0x00, 0x00, 0x00,
    0x26, 0xaf, 0xff, 0xff, 0xff, 0x30, 0x00, 0x00,
    0x00, 0x00, 0x00, 0x00, 0x19, 0xff, 0xff, 0xf9,
    0x00, 0x00, 0x00, 0x00, 0x00, 0x00, 0x00, 0x0d,
    0xff, 0xff, 0xb0, 0x05, 0x70, 0x00, 0x00, 0x00,
    0x00, 0x00, 0xdf, 0xff, 0xfa, 0x00, 0xcf, 0xe8,
    0x20, 0x00, 0x00, 0x00, 0x7f, 0xff, 0xff, 0x80,
    0x4f, 0xff, 0xff, 0xeb, 0x98, 0x9a, 0xef, 0xff,
    0xff, 0xf2, 0x0b, 0xff, 0xff, 0xff, 0xff, 0xff,
    0xff, 0xff, 0xff, 0xf8, 0x00, 0x8f, 0xff, 0xff,
    0xff, 0xff, 0xff, 0xff, 0xff, 0xfa, 0x00, 0x00,
    0x29, 0xff, 0xff, 0xff, 0xff, 0xff, 0xff, 0xe5,
    0x00, 0x00, 0x00, 0x00, 0x48, 0xbd, 0xef, 0xfe,
    0xc9, 0x40, 0x00, 0x00,

    /* U+0054 "T" */
    0xdf, 0xff, 0xff, 0xff, 0xff, 0xff, 0xff, 0xff,
    0xff, 0xff, 0xed, 0xff, 0xff, 0xff, 0xff, 0xff,
    0xff, 0xff, 0xff, 0xff, 0xfe, 0xdf, 0xff, 0xff,
    0xff, 0xff, 0xff, 0xff, 0xff, 0xff, 0xff, 0xed,
    0xff, 0xff, 0xff, 0xff, 0xff, 0xff, 0xff, 0xff,
    0xff, 0xfe, 0x89, 0x99, 0x99, 0x9b, 0xff, 0xff,
    0xfb, 0x99, 0x99, 0x99, 0x80, 0x00, 0x00, 0x00,
    0x4f, 0xff, 0xff, 0x40, 0x00, 0x00, 0x00, 0x00,
    0x00, 0x00, 0x04, 0xff, 0xff, 0xf4, 0x00, 0x00,
    0x00, 0x00, 0x00, 0x00, 0x00, 0x4f, 0xff, 0xff,
    0x40, 0x00, 0x00, 0x00, 0x00, 0x00, 0x00, 0x04,
    0xff, 0xff, 0xf4, 0x00, 0x00, 0x00, 0x00, 0x00,
    0x00, 0x00, 0x4f, 0xff, 0xff, 0x40, 0x00, 0x00,
    0x00, 0x00, 0x00, 0x00, 0x04, 0xff, 0xff, 0xf4,
    0x00, 0x00, 0x00, 0x00, 0x00, 0x00, 0x00, 0x4f,
    0xff, 0xff, 0x40, 0x00, 0x00, 0x00, 0x00, 0x00,
    0x00, 0x04, 0xff, 0xff, 0xf4, 0x00, 0x00, 0x00,
    0x00, 0x00, 0x00, 0x00, 0x4f, 0xff, 0xff, 0x40,
    0x00, 0x00, 0x00, 0x00, 0x00, 0x00, 0x04, 0xff,
    0xff, 0xf4, 0x00, 0x00, 0x00, 0x00, 0x00, 0x00,
    0x00, 0x4f, 0xff, 0xff, 0x40, 0x00, 0x00, 0x00,
    0x00, 0x00, 0x00, 0x04, 0xff, 0xff, 0xf4, 0x00,
    0x00, 0x00, 0x00, 0x00, 0x00, 0x00, 0x4f, 0xff,
    0xff, 0x40, 0x00, 0x00, 0x00, 0x00, 0x00, 0x00,
    0x04, 0xff, 0xff, 0xf4, 0x00, 0x00, 0x00, 0x00,
    0x00, 0x00, 0x00, 0x4f, 0xff, 0xff, 0x40, 0x00,
    0x00, 0x00, 0x00, 0x00, 0x00, 0x04, 0xff, 0xff,
    0xf4, 0x00, 0x00, 0x00, 0x00, 0x00, 0x00, 0x00,
    0x4f, 0xff, 0xff, 0x40, 0x00, 0x00, 0x00, 0x00,
    0x00, 0x00, 0x04, 0xff, 0xff, 0xf4, 0x00, 0x00,
    0x00, 0x00, 0x00, 0x00, 0x00, 0x4f, 0xff, 0xff,
    0x40, 0x00, 0x00, 0x00,

    /* U+0055 "U" */
    0x6f, 0xff, 0xff, 0x20, 0x00, 0x00, 0x00, 0x00,
    0x4f, 0xff, 0xff, 0x26, 0xff, 0xff, 0xf2, 0x00,
    0x00, 0x00, 0x00, 0x04, 0xff, 0xff, 0xf2, 0x6f,
    0xff, 0xff, 0x20, 0x00, 0x00, 0x00, 0x00, 0x4f,
    0xff, 0xff, 0x26, 0xff, 0xff, 0xf2, 0x00, 0x00,
    0x00, 0x00, 0x04, 0xff, 0xff, 0xf2, 0x6f, 0xff,
    0xff, 0x20, 0x00, 0x00, 0x00, 0x00, 0x4f, 0xff,
    0xff, 0x26, 0xff, 0xff, 0xf2, 0x00, 0x00, 0x00,
    0x00, 0x04, 0xff, 0xff, 0xf2, 0x6f, 0xff, 0xff,
    0x20, 0x00, 0x00, 0x00, 0x00, 0x4f, 0xff, 0xff,
    0x26, 0xff, 0xff, 0xf2, 0x00, 0x00, 0x00, 0x00,
    0x04, 0xff, 0xff, 0xf2, 0x6f, 0xff, 0xff, 0x20,
    0x00, 0x00, 0x00, 0x00, 0x4f, 0xff, 0xff, 0x26,
    0xff, 0xff, 0xf2, 0x00, 0x00, 0x00, 0x00, 0x04,
    0xff, 0xff, 0xf2, 0x6f, 0xff, 0xff, 0x20, 0x00,
    0x00, 0x00, 0x00, 0x4f, 0xff, 0xff, 0x26, 0xff,
    0xff, 0xf2, 0x00, 0x00, 0x00, 0x00, 0x04, 0xff,
    0xff, 0xf2, 0x6f, 0xff, 0xff, 0x20, 0x00, 0x00,
    0x00, 0x00, 0x4f, 0xff, 0xff, 0x25, 0xff, 0xff,
    0xf2, 0x00, 0x00, 0x00, 0x00, 0x04, 0xff, 0xff,
    0xf2, 0x4f, 0xff, 0xff, 0x30, 0x00, 0x00, 0x00,
    0x00, 0x6f, 0xff, 0xff, 0x13, 0xff, 0xff, 0xf6,
    0x00, 0x00, 0x00, 0x00, 0x09, 0xff, 0xff, 0xf0,
    0x0f, 0xff, 0xff, 0xc0, 0x00, 0x00, 0x00, 0x00,
    0xef, 0xff, 0xfc, 0x00, 0xbf, 0xff, 0xff, 0x60,
    0x00, 0x00, 0x00, 0x8f, 0xff, 0xff, 0x80, 0x05,
    0xff, 0xff, 0xff, 0x81, 0x00, 0x02, 0xaf, 0xff,
    0xff, 0xf2, 0x00, 0x0d, 0xff, 0xff, 0xff, 0xfe,
    0xde, 0xff, 0xff, 0xff, 0xf9, 0x00, 0x00, 0x2f,
    0xff, 0xff, 0xff, 0xff, 0xff, 0xff, 0xff, 0xfd,
    0x00, 0x00, 0x00, 0x3e, 0xff, 0xff, 0xff, 0xff,
    0xff, 0xff, 0xfc, 0x10, 0x00, 0x00, 0x00, 0x1a,
    0xff, 0xff, 0xff, 0xff, 0xff, 0xf8, 0x00, 0x00,
    0x00, 0x00, 0x00, 0x02, 0x7b, 0xdf, 0xfe, 0xda,
    0x61, 0x00, 0x00, 0x00,

    /* U+0056 "V" */
    0x1f, 0xff, 0xff, 0xd0, 0x00, 0x00, 0x00, 0x00,
    0x00, 0x00, 0x0e, 0xff, 0xff, 0x70, 0xaf, 0xff,
    0xff, 0x40, 0x00, 0x00, 0x00, 0x00, 0x00, 0x06,
    0xff, 0xff, 0xf1, 0x03, 0xff, 0xff, 0xfb, 0x00,
    0x00, 0x00, 0x00, 0x00, 0x00, 0xdf, 0xff, 0xfa,
    0x00, 0x0d, 0xff, 0xff, 0xf2, 0x00, 0x00, 0x00,
    0x00, 0x00, 0x4f, 0xff, 0xff, 0x30, 0x00, 0x6f,
    0xff, 0xff, 0x80, 0x00, 0x00, 0x00, 0x00, 0x0b,
    0xff, 0xff, 0xc0, 0x00, 0x00, 0xef, 0xff, 0xfe,
    0x00, 0x00, 0x00, 0x00, 0x02, 0xff, 0xff, 0xf5,
    0x00, 0x00, 0x08, 0xff, 0xff, 0xf6, 0x00, 0x00,
    0x00, 0x00, 0x8f, 0xff, 0xfe, 0x00, 0x00, 0x00,
    0x1f, 0xff, 0xff, 0xc0, 0x00, 0x00, 0x00, 0x0e,
    0xff, 0xff, 0x70, 0x00, 0x00, 0x00, 0xaf, 0xff,
    0xff, 0x30, 0x00, 0x00, 0x06, 0xff, 0xff, 0xf1,
    0x00, 0x00, 0x00, 0x03, 0xff, 0xff, 0xfa, 0x00,
    0x00, 0x00, 0xdf, 0xff, 0xfa, 0x00, 0x00, 0x00,
    0x00, 0x0d, 0xff, 0xff, 0xf1, 0x00, 0x00, 0x4f,
    0xff, 0xff, 0x30, 0x00, 0x00, 0x00, 0x00, 0x6f,
    0xff, 0xff, 0x80, 0x00, 0x0b, 0xff, 0xff, 0xc0,
    0x00, 0x00, 0x00, 0x00, 0x00, 0xef, 0xff, 0xfe,
    0x00, 0x02, 0xff, 0xff, 0xf5, 0x00, 0x00, 0x00,
    0x00, 0x00, 0x08, 0xff, 0xff, 0xf5, 0x00, 0x8f,
    0xff, 0xfe, 0x00, 0x00, 0x00, 0x00, 0x00, 0x00,
    0x1f, 0xff, 0xff, 0xc0, 0x0e, 0xff, 0xff, 0x70,
    0x00, 0x00, 0x00, 0x00, 0x00, 0x00, 0xaf, 0xff,
    0xff, 0x36, 0xff, 0xff, 0xf1, 0x00, 0x00, 0x00,
    0x00, 0x00, 0x00, 0x03, 0xff, 0xff, 0xf9, 0xdf,
    0xff, 0xf9, 0x00, 0x00, 0x00, 0x00, 0x00, 0x00,
    0x00, 0x0d, 0xff, 0xff, 0xff, 0xff, 0xff, 0x30,
    0x00, 0x00, 0x00, 0x00, 0x00, 0x00, 0x00, 0x6f,
    0xff, 0xff, 0xff, 0xff, 0xc0, 0x00, 0x00, 0x00,
    0x00, 0x00, 0x00, 0x00, 0x00, 0xef, 0xff, 0xff,
    0xff, 0xf5, 0x00, 0x00, 0x00, 0x00, 0x00, 0x00,
    0x00, 0x00, 0x08, 0xff, 0xff, 0xff, 0xfe, 0x00,
    0x00, 0x00, 0x00, 0x00, 0x00, 0x00, 0x00, 0x00,
    0x1f, 0xff, 0xff, 0xff, 0x70, 0x00, 0x00, 0x00,
    0x00, 0x00, 0x00, 0x00, 0x00, 0x00, 0xaf, 0xff,
    0xff, 0xf1, 0x00, 0x00, 0x00, 0x00, 0x00, 0x00,
    0x00, 0x00, 0x00, 0x03, 0xff, 0xff, 0xf9, 0x00,
    0x00, 0x00, 0x00, 0x00,

    /* U+0057 "W" */
    0x1f, 0xff, 0xff, 0x90, 0x00, 0x00, 0x00, 0x00,
    0x0b, 0xff, 0xff, 0xb0, 0x00, 0x00, 0x00, 0x00,
    0x0a, 0xff, 0xff, 0xa0, 0xcf, 0xff, 0xfe, 0x00,
    0x00, 0x00, 0x00, 0x01, 0xff, 0xff, 0xff, 0x00,
    0x00, 0x00, 0x00, 0x00, 0xef, 0xff, 0xf4, 0x07,
    0xff, 0xff, 0xf3, 0x00, 0x00, 0x00, 0x00, 0x6f,
    0xff, 0xff, 0xf5, 0x00, 0x00, 0x00, 0x00, 0x4f,
    0xff, 0xff, 0x00, 0x1f, 0xff, 0xff, 0x90, 0x00,
    0x00, 0x00, 0x0b, 0xff, 0xff, 0xff, 0xa0, 0x00,
    0x00, 0x00, 0x09, 0xff, 0xff, 0xa0, 0x00, 0xcf,
    0xff, 0xfe, 0x00, 0x00, 0x00, 0x01, 0xff, 0xff,
    0xff, 0xff, 0x00, 0x00, 0x00, 0x00, 0xef, 0xff,
    0xf5, 0x00, 0x07, 0xff, 0xff, 0xf3, 0x00, 0x00,
    0x00, 0x6f, 0xff, 0xff, 0xff, 0xf4, 0x00, 0x00,
    0x00, 0x4f, 0xff, 0xff, 0x00, 0x00, 0x2f, 0xff,
    0xff, 0x80, 0x00, 0x00, 0x0b, 0xff, 0xff, 0xff,
    0xff, 0xa0, 0x00, 0x00, 0x09, 0xff, 0xff, 0xa0,
    0x00, 0x00, 0xcf, 0xff, 0xfd, 0x00, 0x00, 0x01,
    0xff, 0xff, 0xff, 0xff, 0xfe, 0x00, 0x00, 0x00,
    0xef, 0xff, 0xf5, 0x00, 0x00, 0x07, 0xff, 0xff,
    0xf2, 0x00, 0x00, 0x6f, 0xff, 0xf9, 0xef, 0xff,
    0xf4, 0x00, 0x00, 0x3f, 0xff, 0xff, 0x10, 0x00,
    0x00, 0x2f, 0xff, 0xff, 0x70, 0x00, 0x0b, 0xff,
    0xff, 0x49, 0xff, 0xff, 0x90, 0x00, 0x09, 0xff,
    0xff, 0xb0, 0x00, 0x00, 0x00, 0xdf, 0xff, 0xfc,
    0x00, 0x01, 0xff, 0xff, 0xe0, 0x4f, 0xff, 0xfe,
    0x00, 0x00, 0xef, 0xff, 0xf6, 0x00, 0x00, 0x00,
    0x08, 0xff, 0xff, 0xf1, 0x00, 0x6f, 0xff, 0xf9,
    0x00, 0xef, 0xff, 0xf3, 0x00, 0x3f, 0xff, 0xff,
    0x10, 0x00, 0x00, 0x00, 0x2f, 0xff, 0xff, 0x60,
    0x0b, 0xff, 0xff, 0x40, 0x09, 0xff, 0xff, 0x80,
    0x08, 0xff, 0xff, 0xb0, 0x00, 0x00, 0x00, 0x00,
    0xdf, 0xff, 0xfc, 0x01, 0xff, 0xff, 0xe0, 0x00,
    0x4f, 0xff, 0xfd, 0x00, 0xdf, 0xff, 0xf6, 0x00,
    0x00, 0x00, 0x00, 0x08, 0xff, 0xff, 0xf1, 0x6f,
    0xff, 0xf9, 0x00, 0x00, 0xff, 0xff, 0xf2, 0x3f,
    0xff, 0xff, 0x10, 0x00, 0x00, 0x00, 0x00, 0x3f,
    0xff, 0xff, 0x6b, 0xff, 0xff, 0x40, 0x00, 0x0a,
    0xff, 0xff, 0x88, 0xff, 0xff, 0xc0, 0x00, 0x00,
    0x00, 0x00, 0x00, 0xef, 0xff, 0xfc, 0xff, 0xff,
    0xe0, 0x00, 0x00, 0x5f, 0xff, 0xfd, 0xdf, 0xff,
    0xf7, 0x00, 0x00, 0x00, 0x00, 0x00, 0x08, 0xff,
    0xff, 0xff, 0xff, 0xf9, 0x00, 0x00, 0x00, 0xff,
    0xff, 0xff, 0xff, 0xff, 0x10, 0x00, 0x00, 0x00,
    0x00, 0x00, 0x3f, 0xff, 0xff, 0xff, 0xff, 0x40,
    0x00, 0x00, 0x0a, 0xff, 0xff, 0xff, 0xff, 0xc0,
    0x00, 0x00, 0x00, 0x00, 0x00, 0x00, 0xef, 0xff,
    0xff, 0xff, 0xe0, 0x00, 0x00, 0x00, 0x5f, 0xff,
    0xff, 0xff, 0xf7, 0x00, 0x00, 0x00, 0x00, 0x00,
    0x00, 0x09, 0xff, 0xff, 0xff, 0xf9, 0x00, 0x00,
    0x00, 0x00, 0xff, 0xff, 0xff, 0xff, 0x20, 0x00,
    0x00, 0x00, 0x00, 0x00, 0x00, 0x4f, 0xff, 0xff,
    0xff, 0x40, 0x00, 0x00, 0x00, 0x0b, 0xff, 0xff,
    0xff, 0xd0, 0x00, 0x00, 0x00, 0x00, 0x00, 0x00,
    0x00, 0xef, 0xff, 0xff, 0xe0, 0x00, 0x00, 0x00,
    0x00, 0x6f, 0xff, 0xff, 0xf7, 0x00, 0x00, 0x00,
    0x00, 0x00, 0x00, 0x00, 0x09, 0xff, 0xff, 0xf9,
    0x00, 0x00, 0x00, 0x00, 0x01, 0xff, 0xff, 0xff,
    0x20, 0x00, 0x00, 0x00,

    /* U+0058 "X" */
    0x2f, 0xff, 0xff, 0xf2, 0x00, 0x00, 0x00, 0x00,
    0x0b, 0xff, 0xff, 0xf3, 0x00, 0x6f, 0xff, 0xff,
    0xd0, 0x00, 0x00, 0x00, 0x06, 0xff, 0xff, 0xf8,
    0x00, 0x00, 0xaf, 0xff, 0xff, 0x80, 0x00, 0x00,
    0x02, 0xff, 0xff, 0xfc, 0x00, 0x00, 0x01, 0xef,
    0xff, 0xff, 0x40, 0x00, 0x00, 0xcf, 0xff, 0xff,
    0x20, 0x00, 0x00, 0x04, 0xff, 0xff, 0xfe, 0x10,
    0x00, 0x8f, 0xff, 0xff, 0x50, 0x00, 0x00, 0x00,
    0x09, 0xff, 0xff, 0xfa, 0x00, 0x3f, 0xff, 0xff,
    0xa0, 0x00, 0x00, 0x00, 0x00, 0x0d, 0xff, 0xff,
    0xf5, 0x0d, 0xff, 0xff, 0xe1, 0x00, 0x00, 0x00,
    0x00, 0x00, 0x2f, 0xff, 0xff, 0xfa, 0xff, 0xff,
    0xf3, 0x00, 0x00, 0x00, 0x00, 0x00, 0x00, 0x7f,
    0xff, 0xff, 0xff, 0xff, 0xf8, 0x00, 0x00, 0x00,
    0x00, 0x00, 0x00, 0x00, 0xbf, 0xff, 0xff, 0xff,
    0xfc, 0x00, 0x00, 0x00, 0x00, 0x00, 0x00, 0x00,
    0x01, 0xef, 0xff, 0xff, 0xff, 0x20, 0x00, 0x00,
    0x00, 0x00, 0x00, 0x00, 0x00, 0x05, 0xff, 0xff,
    0xff, 0x70, 0x00, 0x00, 0x00, 0x00, 0x00, 0x00,
    0x00, 0x00, 0xaf, 0xff, 0xff, 0xfe, 0x10, 0x00,
    0x00, 0x00, 0x00, 0x00, 0x00, 0x00, 0x5f, 0xff,
    0xff, 0xff, 0xfa, 0x00, 0x00, 0x00, 0x00, 0x00,
    0x00, 0x00, 0x2f, 0xff, 0xff, 0xff, 0xff, 0xf5,
    0x00, 0x00, 0x00, 0x00, 0x00, 0x00, 0x0c, 0xff,
    0xff, 0xff, 0xff, 0xff, 0xf2, 0x00, 0x00, 0x00,
    0x00, 0x00, 0x08, 0xff, 0xff, 0xf8, 0x5f, 0xff,
    0xff, 0xc0, 0x00, 0x00, 0x00, 0x00, 0x03, 0xff,
    0xff, 0xfc, 0x00, 0xaf, 0xff, 0xff, 0x80, 0x00,
    0x00, 0x00, 0x00, 0xef, 0xff, 0xff, 0x20, 0x01,
    0xef, 0xff, 0xff, 0x30, 0x00, 0x00, 0x00, 0xaf,
    0xff, 0xff, 0x70, 0x00, 0x04, 0xff, 0xff, 0xfe,
    0x10, 0x00, 0x00, 0x6f, 0xff, 0xff, 0xc0, 0x00,
    0x00, 0x09, 0xff, 0xff, 0xfa, 0x00, 0x00, 0x2f,
    0xff, 0xff, 0xf2, 0x00, 0x00, 0x00, 0x0d, 0xff,
    0xff, 0xf6, 0x00, 0x0c, 0xff, 0xff, 0xf6, 0x00,
    0x00, 0x00, 0x00, 0x3f, 0xff, 0xff, 0xf2, 0x08,
    0xff, 0xff, 0xfc, 0x00, 0x00, 0x00, 0x00, 0x00,
    0x8f, 0xff, 0xff, 0xc0,

    /* U+0059 "Y" */
    0x2f, 0xff, 0xff, 0xa0, 0x00, 0x00, 0x00, 0x00,
    0x00, 0x3f, 0xff, 0xff, 0x30, 0x9f, 0xff, 0xff,
    0x40, 0x00, 0x00, 0x00, 0x00, 0x0c, 0xff, 0xff,
    0x90, 0x01, 0xef, 0xff, 0xfd, 0x00, 0x00, 0x00,
    0x00, 0x06, 0xff, 0xff, 0xe1, 0x00, 0x06, 0xff,
    0xff, 0xf7, 0x00, 0x00, 0x00, 0x01, 0xef, 0xff,
    0xf6, 0x00, 0x00, 0x0c, 0xff, 0xff, 0xf1, 0x00,
    0x00, 0x00, 0x9f, 0xff, 0xfc, 0x00, 0x00, 0x00,
    0x3f, 0xff, 0xff, 0xa0, 0x00, 0x00, 0x3f, 0xff,
    0xff, 0x30, 0x00, 0x00, 0x00, 0x9f, 0xff, 0xff,
    0x30, 0x00, 0x0c, 0xff, 0xff, 0x90, 0x00, 0x00,
    0x00, 0x01, 0xef, 0xff, 0xfd, 0x00, 0x06, 0xff,
    0xff, 0xe1, 0x00, 0x00, 0x00, 0x00, 0x06, 0xff,
    0xff, 0xf6, 0x01, 0xef, 0xff, 0xf6, 0x00, 0x00,
    0x00, 0x00, 0x00, 0x0c, 0xff, 0xff, 0xe1, 0x9f,
    0xff, 0xfd, 0x00, 0x00, 0x00, 0x00, 0x00, 0x00,
    0x3f, 0xff, 0xff, 0xcf, 0xff, 0xff, 0x30, 0x00,
    0x00, 0x00, 0x00, 0x00, 0x00, 0xaf, 0xff, 0xff,
    0xff, 0xff, 0xa0, 0x00, 0x00, 0x00, 0x00, 0x00,
    0x00, 0x01, 0xff, 0xff, 0xff, 0xff, 0xf1, 0x00,
    0x00, 0x00, 0x00, 0x00, 0x00, 0x00, 0x07, 0xff,
    0xff, 0xff, 0xf7, 0x00, 0x00, 0x00, 0x00, 0x00,
    0x00, 0x00, 0x00, 0x0d, 0xff, 0xff, 0xfd, 0x00,
    0x00, 0x00, 0x00, 0x00, 0x00, 0x00, 0x00, 0x00,
    0x5f, 0xff, 0xff, 0x50, 0x00, 0x00, 0x00, 0x00,
    0x00, 0x00, 0x00, 0x00, 0x04, 0xff, 0xff, 0xf4,
    0x00, 0x00, 0x00, 0x00, 0x00, 0x00, 0x00, 0x00,
    0x00, 0x4f, 0xff, 0xff, 0x40, 0x00, 0x00, 0x00,
    0x00, 0x00, 0x00, 0x00, 0x00, 0x04, 0xff, 0xff,
    0xf4, 0x00, 0x00, 0x00, 0x00, 0x00, 0x00, 0x00,
    0x00, 0x00, 0x4f, 0xff, 0xff, 0x40, 0x00, 0x00,
    0x00, 0x00, 0x00, 0x00, 0x00, 0x00, 0x04, 0xff,
    0xff, 0xf4, 0x00, 0x00, 0x00, 0x00, 0x00, 0x00,
    0x00, 0x00, 0x00, 0x4f, 0xff, 0xff, 0x40, 0x00,
    0x00, 0x00, 0x00, 0x00, 0x00, 0x00, 0x00, 0x04,
    0xff, 0xff, 0xf4, 0x00, 0x00, 0x00, 0x00, 0x00,
    0x00, 0x00, 0x00, 0x00, 0x4f, 0xff, 0xff, 0x40,
    0x00, 0x00, 0x00, 0x00,

    /* U+005A "Z" */
    0x7f, 0xff, 0xff, 0xff, 0xff, 0xff, 0xff, 0xff,
    0xff, 0xff, 0x90, 0x7f, 0xff, 0xff, 0xff, 0xff,
    0xff, 0xff, 0xff, 0xff, 0xff, 0x90, 0x7f, 0xff,
    0xff, 0xff, 0xff, 0xff, 0xff, 0xff, 0xff, 0xff,
    0x90, 0x7f, 0xff, 0xff, 0xff, 0xff, 0xff, 0xff,
    0xff, 0xff, 0xff, 0x80, 0x49, 0x99, 0x99, 0x99,
    0x99, 0x99, 0x9e, 0xff, 0xff, 0xfd, 0x00, 0x00,
    0x00, 0x00, 0x00, 0x00, 0x00, 0x6f, 0xff, 0xff,
    0xe2, 0x00, 0x00, 0x00, 0x00, 0x00, 0x00, 0x04,
    0xff, 0xff, 0xff, 0x40, 0x00, 0x00, 0x00, 0x00,
    0x00, 0x00, 0x2e, 0xff, 0xff, 0xf6, 0x00, 0x00,
    0x00, 0x00, 0x00, 0x00, 0x00, 0xdf, 0xff, 0xff,
    0x90, 0x00, 0x00, 0x00, 0x00, 0x00, 0x00, 0x0b,
    0xff, 0xff, 0xfb, 0x00, 0x00, 0x00, 0x00, 0x00,
    0x00, 0x00, 0x8f, 0xff, 0xff, 0xd1, 0x00, 0x00,
    0x00, 0x00, 0x00, 0x00, 0x06, 0xff, 0xff, 0xff,
    0x20, 0x00, 0x00, 0x00, 0x00, 0x00, 0x00, 0x3f,
    0xff, 0xff, 0xf4, 0x00, 0x00, 0x00, 0x00, 0x00,
    0x00, 0x01, 0xef, 0xff, 0xff, 0x70, 0x00, 0x00,
    0x00, 0x00, 0x00, 0x00, 0x0d, 0xff, 0xff, 0xf9,
    0x00, 0x00, 0x00, 0x00, 0x00, 0x00, 0x00, 0xaf,
    0xff, 0xff, 0xc0, 0x00, 0x00, 0x00, 0x00, 0x00,
    0x00, 0x08, 0xff, 0xff, 0xfe, 0x10, 0x00, 0x00,
    0x00, 0x00, 0x00, 0x00, 0x5f, 0xff, 0xff, 0xf2,
    0x00, 0x00, 0x00, 0x00, 0x00, 0x00, 0x03, 0xff,
    0xff, 0xff, 0x50, 0x00, 0x00, 0x00, 0x00, 0x00,
    0x00, 0x1e, 0xff, 0xff, 0xfe, 0x99, 0x99, 0x99,
    0x99, 0x99, 0x99, 0x90, 0xaf, 0xff, 0xff, 0xff,
    0xff, 0xff, 0xff, 0xff, 0xff, 0xff, 0xf1, 0xbf,
    0xff, 0xff, 0xff, 0xff, 0xff, 0xff, 0xff, 0xff,
    0xff, 0xf1, 0xbf, 0xff, 0xff, 0xff, 0xff, 0xff,
    0xff, 0xff, 0xff, 0xff, 0xf1, 0xbf, 0xff, 0xff,
    0xff, 0xff, 0xff, 0xff, 0xff, 0xff, 0xff, 0xf1,

    /* U+005B "[" */
    0x04, 0x44, 0x44, 0x44, 0x44, 0x02, 0xff, 0xff,
    0xff, 0xff, 0xf0, 0x2f, 0xff, 0xff, 0xff, 0xff,
    0x02, 0xff, 0xff, 0xff, 0xff, 0xf0, 0x2f, 0xff,
    0xff, 0xff, 0xff, 0x02, 0xff, 0xff, 0xf2, 0x00,
    0x00, 0x2f, 0xff, 0xff, 0x20, 0x00, 0x02, 0xff,
    0xff, 0xf2, 0x00, 0x00, 0x2f, 0xff, 0xff, 0x20,
    0x00, 0x02, 0xff, 0xff, 0xf2, 0x00, 0x00, 0x2f,
    0xff, 0xff, 0x20, 0x00, 0x02, 0xff, 0xff, 0xf2,
    0x00, 0x00, 0x2f, 0xff, 0xff, 0x20, 0x00, 0x02,
    0xff, 0xff, 0xf2, 0x00, 0x00, 0x2f, 0xff, 0xff,
    0x20, 0x00, 0x02, 0xff, 0xff, 0xf2, 0x00, 0x00,
    0x2f, 0xff, 0xff, 0x20, 0x00, 0x02, 0xff, 0xff,
    0xf2, 0x00, 0x00, 0x2f, 0xff, 0xff, 0x20, 0x00,
    0x02, 0xff, 0xff, 0xf2, 0x00, 0x00, 0x2f, 0xff,
    0xff, 0x20, 0x00, 0x02, 0xff, 0xff, 0xf2, 0x00,
    0x00, 0x2f, 0xff, 0xff, 0x20, 0x00, 0x02, 0xff,
    0xff, 0xf2, 0x00, 0x00, 0x2f, 0xff, 0xff, 0x20,
    0x00, 0x02, 0xff, 0xff, 0xf2, 0x00, 0x00, 0x2f,
    0xff, 0xff, 0x20, 0x00, 0x02, 0xff, 0xff, 0xf2,
    0x00, 0x00, 0x2f, 0xff, 0xff, 0x54, 0x44, 0x02,
    0xff, 0xff, 0xff, 0xff, 0xf0, 0x2f, 0xff, 0xff,
    0xff, 0xff, 0x02, 0xff, 0xff, 0xff, 0xff, 0xf0,
    0x2f, 0xff, 0xff, 0xff, 0xff, 0x00,

    /* U+005C "\\" */
    0x4f, 0xff, 0xf6, 0x00, 0x00, 0x00, 0x00, 0x00,
    0x00, 0xef, 0xff, 0xc0, 0x00, 0x00, 0x00, 0x00,
    0x00, 0x09, 0xff, 0xff, 0x10, 0x00, 0x00, 0x00,
    0x00, 0x00, 0x4f, 0xff, 0xf7, 0x00, 0x00, 0x00,
    0x00, 0x00, 0x00, 0xef, 0xff, 0xc0, 0x00, 0x00,
    0x00, 0x00, 0x00, 0x09, 0xff, 0xff, 0x20, 0x00,
    0x00, 0x00, 0x00, 0x00, 0x4f, 0xff, 0xf7, 0x00,
    0x00, 0x00, 0x00, 0x00, 0x00, 0xef, 0xff, 0xd0,
    0x00, 0x00, 0x00, 0x00, 0x00, 0x09, 0xff, 0xff,
    0x20, 0x00, 0x00, 0x00, 0x00, 0x00, 0x3f, 0xff,
    0xf7, 0x00, 0x00, 0x00, 0x00, 0x00, 0x00, 0xef,
    0xff, 0xd0, 0x00, 0x00, 0x00, 0x00, 0x00, 0x08,
    0xff, 0xff, 0x20, 0x00, 0x00, 0x00, 0x00, 0x00,
    0x3f, 0xff, 0xf8, 0x00, 0x00, 0x00, 0x00, 0x00,
    0x00, 0xdf, 0xff, 0xd0, 0x00, 0x00, 0x00, 0x00,
    0x00, 0x08, 0xff, 0xff, 0x30, 0x00, 0x00, 0x00,
    0x00, 0x00, 0x3f, 0xff, 0xf8, 0x00, 0x00, 0x00,
    0x00, 0x00, 0x00, 0xdf, 0xff, 0xd0, 0x00, 0x00,
    0x00, 0x00, 0x00, 0x08, 0xff, 0xff, 0x30, 0x00,
    0x00, 0x00, 0x00, 0x00, 0x2f, 0xff, 0xf8, 0x00,
    0x00, 0x00, 0x00, 0x00, 0x00, 0xdf, 0xff, 0xe0,
    0x00, 0x00, 0x00, 0x00, 0x00, 0x07, 0xff, 0xff,
    0x30, 0x00, 0x00, 0x00, 0x00, 0x00, 0x2f, 0xff,
    0xf9, 0x00, 0x00, 0x00, 0x00, 0x00, 0x00, 0xcf,
    0xff, 0xe0, 0x00, 0x00, 0x00, 0x00, 0x00, 0x07,
    0xff, 0xff, 0x40, 0x00, 0x00, 0x00, 0x00, 0x00,
    0x2f, 0xff, 0xf9, 0x00, 0x00, 0x00, 0x00, 0x00,
    0x00, 0xcf, 0xff, 0xe0, 0x00, 0x00, 0x00, 0x00,
    0x00, 0x07, 0xff, 0xff, 0x40, 0x00, 0x00, 0x00,
    0x00, 0x00, 0x1f, 0xff, 0xf9, 0x00, 0x00, 0x00,
    0x00, 0x00, 0x00, 0xcf, 0xff, 0xe0, 0x00, 0x00,
    0x00, 0x00, 0x00, 0x06, 0xff, 0xff, 0x40, 0x00,
    0x00, 0x00, 0x00, 0x00, 0x1f, 0xff, 0xfa, 0x00,
    0x00, 0x00, 0x00, 0x00, 0x00, 0xbf, 0xff, 0xf0,
    0x00, 0x00, 0x00, 0x00, 0x00, 0x06, 0xff, 0xff,
    0x50,

    /* U+005D "]" */
    0x14, 0x44, 0x44, 0x44, 0x42, 0x7f, 0xff, 0xff,
    0xff, 0xfb, 0x7f, 0xff, 0xff, 0xff, 0xfb, 0x7f,
    0xff, 0xff, 0xff, 0xfb, 0x7f, 0xff, 0xff, 0xff,
    0xfb, 0x00, 0x00, 0x9f, 0xff, 0xfb, 0x00, 0x00,
    0x9f, 0xff, 0xfb, 0x00, 0x00, 0x9f, 0xff, 0xfb,
    0x00, 0x00, 0x9f, 0xff, 0xfb, 0x00, 0x00, 0x9f,
    0xff, 0xfb, 0x00, 0x00, 0x9f, 0xff, 0xfb, 0x00,
    0x00, 0x9f, 0xff, 0xfb, 0x00, 0x00, 0x9f, 0xff,
    0xfb, 0x00, 0x00, 0x9f, 0xff, 0xfb, 0x00, 0x00,
    0x9f, 0xff, 0xfb, 0x00, 0x00, 0x9f, 0xff, 0xfb,
    0x00, 0x00, 0x9f, 0xff, 0xfb, 0x00, 0x00, 0x9f,
    0xff, 0xfb, 0x00, 0x00, 0x9f, 0xff, 0xfb, 0x00,
    0x00, 0x9f, 0xff, 0xfb, 0x00, 0x00, 0x9f, 0xff,
    0xfb, 0x00, 0x00, 0x9f, 0xff, 0xfb, 0x00, 0x00,
    0x9f, 0xff, 0xfb, 0x00, 0x00, 0x9f, 0xff, 0xfb,
    0x00, 0x00, 0x9f, 0xff, 0xfb, 0x00, 0x00, 0x9f,
    0xff, 0xfb, 0x00, 0x00, 0x9f, 0xff, 0xfb, 0x00,
    0x00, 0x9f, 0xff, 0xfb, 0x14, 0x44, 0xbf, 0xff,
    0xfb, 0x7f, 0xff, 0xff, 0xff, 0xfb, 0x7f, 0xff,
    0xff, 0xff, 0xfb, 0x7f, 0xff, 0xff, 0xff, 0xfb,
    0x7f, 0xff, 0xff, 0xff, 0xfb,

    /* U+005E "^" */
    0x00, 0x00, 0x00, 0x07, 0x88, 0x83, 0x00, 0x00,
    0x00, 0x00, 0x00, 0x00, 0x5f, 0xff, 0xfc, 0x00,
    0x00, 0x00, 0x00, 0x00, 0x00, 0xcf, 0xff, 0xff,
    0x30, 0x00, 0x00, 0x00, 0x00, 0x02, 0xff, 0xff,
    0xff, 0x90, 0x00, 0x00, 0x00, 0x00, 0x09, 0xff,
    0xff, 0xff, 0xf1, 0x00, 0x00, 0x00, 0x00, 0x1f,
    0xff, 0xe7, 0xff, 0xf7, 0x00, 0x00, 0x00, 0x00,
    0x7f, 0xff, 0x71, 0xff, 0xfd, 0x00, 0x00, 0x00,
    0x00, 0xdf, 0xff, 0x10, 0xaf, 0xff, 0x40, 0x00,
    0x00, 0x04, 0xff, 0xfa, 0x00, 0x4f, 0xff, 0xb0,
    0x00, 0x00, 0x0b, 0xff, 0xf4, 0x00, 0x0d, 0xff,
    0xf2, 0x00, 0x00, 0x2f, 0xff, 0xd0, 0x00, 0x07,
    0xff, 0xf9, 0x00, 0x00, 0x9f, 0xff, 0x70, 0x00,
    0x01, 0xff, 0xff, 0x00, 0x00, 0xff, 0xff, 0x10,
    0x00, 0x00, 0xaf, 0xff, 0x60, 0x06, 0xff, 0xfa,
    0x00, 0x00, 0x00, 0x3f, 0xff, 0xd0, 0x0d, 0xff,
    0xf3, 0x00, 0x00, 0x00, 0x0d, 0xff, 0xf4,

    /* U+005F "_" */
    0x22, 0x22, 0x22, 0x22, 0x22, 0x22, 0x22, 0x22,
    0x2f, 0xff, 0xff, 0xff, 0xff, 0xff, 0xff, 0xff,
    0xff, 0xff, 0xff, 0xff, 0xff, 0xff, 0xff, 0xff,
    0xff, 0xff, 0xff, 0xff, 0xff, 0xff, 0xff, 0xff,
    0xff, 0xff,

    /* U+0060 "`" */
    0x06, 0xff, 0xff, 0xf3, 0x00, 0x00, 0x00, 0x4e,
    0xff, 0xfe, 0x20, 0x00, 0x00, 0x02, 0xdf, 0xff,
    0xe1, 0x00, 0x00, 0x00, 0x0a, 0xff, 0xfd, 0x10,
    0x00, 0x00, 0x00, 0x7f, 0xff, 0xc0,

    /* U+0061 "a" */
    0x00, 0x00, 0x59, 0xce, 0xff, 0xeb, 0x71, 0x00,
    0x00, 0x01, 0x9f, 0xff, 0xff, 0xff, 0xff, 0xff,
    0x80, 0x00, 0x0d, 0xff, 0xff, 0xff, 0xff, 0xff,
    0xff, 0xfb, 0x00, 0x06, 0xff, 0xff, 0xff, 0xff,
    0xff, 0xff, 0xff, 0x70, 0x00, 0xef, 0xfb, 0x75,
    0x57, 0xcf, 0xff, 0xff, 0xe0, 0x00, 0x68, 0x10,
    0x00, 0x00, 0x08, 0xff, 0xff, 0xf4, 0x00, 0x00,
    0x00, 0x00, 0x00, 0x00, 0xef, 0xff, 0xf7, 0x00,
    0x00, 0x00, 0x12, 0x22, 0x22, 0xcf, 0xff, 0xf9,
    0x00, 0x06, 0xcf, 0xff, 0xff, 0xff, 0xff, 0xff,
    0xf9, 0x02, 0xdf, 0xff, 0xff, 0xff, 0xff, 0xff,
    0xff, 0xfa, 0x0d, 0xff, 0xff, 0xff, 0xff, 0xff,
    0xff, 0xff, 0xfa, 0x6f, 0xff, 0xff, 0x61, 0x00,
    0x00, 0xaf, 0xff, 0xfa, 0xaf, 0xff, 0xf9, 0x00,
    0x00, 0x00, 0xaf, 0xff, 0xfa, 0xbf, 0xff, 0xf8,
    0x00, 0x00, 0x01, 0xff, 0xff, 0xfa, 0x9f, 0xff,
    0xfe, 0x20, 0x00, 0x2d, 0xff, 0xff, 0xfa, 0x4f,
    0xff, 0xff, 0xfc, 0xac, 0xff, 0xff, 0xff, 0xfa,
    0x0b, 0xff, 0xff, 0xff, 0xff, 0xff, 0xef, 0xff,
    0xfa, 0x00, 0xbf, 0xff, 0xff, 0xff, 0xfb, 0x5f,
    0xff, 0xfa, 0x00, 0x04, 0xad, 0xff, 0xea, 0x50,
    0x5f, 0xff, 0xfa,

    /* U+0062 "b" */
    0x7d, 0xdd, 0xd9, 0x00, 0x00, 0x00, 0x00, 0x00,
    0x00, 0x00, 0x08, 0xff, 0xff, 0xc0, 0x00, 0x00,
    0x00, 0x00, 0x00, 0x00, 0x00, 0x8f, 0xff, 0xfc,
    0x00, 0x00, 0x00, 0x00, 0x00, 0x00, 0x00, 0x08,
    0xff, 0xff, 0xc0, 0x00, 0x00, 0x00, 0x00, 0x00,
    0x00, 0x00, 0x8f, 0xff, 0xfc, 0x00, 0x00, 0x00,
    0x00, 0x00, 0x00, 0x00, 0x08, 0xff, 0xff, 0xc0,
    0x00, 0x00, 0x00, 0x00, 0x00, 0x00, 0x00, 0x8f,
    0xff, 0xfc, 0x00, 0x00, 0x00, 0x00, 0x00, 0x00,
    0x00, 0x08, 0xff, 0xff, 0xc0, 0x18, 0xce, 0xfe,
    0xb7, 0x10, 0x00, 0x00, 0x8f, 0xff, 0xfc, 0x6f,
    0xff, 0xff, 0xff, 0xff, 0x50, 0x00, 0x08, 0xff,
    0xff, 0xff, 0xff, 0xff, 0xff, 0xff, 0xff, 0x90,
    0x00, 0x8f, 0xff, 0xff, 0xff, 0xff, 0xff, 0xff,
    0xff, 0xff, 0x60, 0x08, 0xff, 0xff, 0xff, 0xfd,
    0x87, 0x9e, 0xff, 0xff, 0xff, 0x20, 0x8f, 0xff,
    0xff, 0xf6, 0x00, 0x00, 0x0a, 0xff, 0xff, 0xfa,
    0x08, 0xff, 0xff, 0xf7, 0x00, 0x00, 0x00, 0x0c,
    0xff, 0xff, 0xf0, 0x8f, 0xff, 0xff, 0x00, 0x00,
    0x00, 0x00, 0x5f, 0xff, 0xff, 0x38, 0xff, 0xff,
    0xc0, 0x00, 0x00, 0x00, 0x01, 0xff, 0xff, 0xf5,
    0x8f, 0xff, 0xfb, 0x00, 0x00, 0x00, 0x00, 0x0f,
    0xff, 0xff, 0x58, 0xff, 0xff, 0xc0, 0x00, 0x00,
    0x00, 0x01, 0xff, 0xff, 0xf5, 0x8f, 0xff, 0xff,
    0x00, 0x00, 0x00, 0x00, 0x5f, 0xff, 0xff, 0x38,
    0xff, 0xff, 0xf7, 0x00, 0x00, 0x00, 0x0c, 0xff,
    0xff, 0xf0, 0x8f, 0xff, 0xff, 0xf6, 0x00, 0x00,
    0x0a, 0xff, 0xff, 0xfa, 0x08, 0xff, 0xff, 0xff,
    0xfd, 0x87, 0x9e, 0xff, 0xff, 0xff, 0x20, 0x8f,
    0xff, 0xff, 0xff, 0xff, 0xff, 0xff, 0xff, 0xff,
    0x60, 0x08, 0xff, 0xff, 0xff, 0xff, 0xff, 0xff,
    0xff, 0xff, 0x90, 0x00, 0x8f, 0xff, 0xf8, 0x9f,
    0xff, 0xff, 0xff, 0xff, 0x50, 0x00, 0x08, 0xff,
    0xff, 0x80, 0x39, 0xdf, 0xfe, 0xb7, 0x10, 0x00,
    0x00,

    /* U+0063 "c" */
    0x00, 0x00, 0x00, 0x6a, 0xdf, 0xfe, 0xc8, 0x20,
    0x00, 0x00, 0x00, 0x06, 0xff, 0xff, 0xff, 0xff,
    0xff, 0xa1, 0x00, 0x00, 0x0b, 0xff, 0xff, 0xff,
    0xff, 0xff, 0xff, 0xd1, 0x00, 0x0b, 0xff, 0xff,
    0xff, 0xff, 0xff, 0xff, 0xff, 0xb0, 0x08, 0xff,
    0xff, 0xff, 0xc8, 0x7a, 0xff, 0xff, 0xff, 0x41,
    0xff, 0xff, 0xfe, 0x40, 0x00, 0x01, 0xcf, 0xfd,
    0x40, 0x7f, 0xff, 0xff, 0x40, 0x00, 0x00, 0x01,
    0xc5, 0x00, 0x0b, 0xff, 0xff, 0xc0, 0x00, 0x00,
    0x00, 0x00, 0x00, 0x00, 0xdf, 0xff, 0xf8, 0x00,
    0x00, 0x00, 0x00, 0x00, 0x00, 0x0e, 0xff, 0xff,
    0x70, 0x00, 0x00, 0x00, 0x00, 0x00, 0x00, 0xdf,
    0xff, 0xf8, 0x00, 0x00, 0x00, 0x00, 0x00, 0x00,
    0x0b, 0xff, 0xff, 0xc0, 0x00, 0x00, 0x00, 0x00,
    0x00, 0x00, 0x7f, 0xff, 0xff, 0x40, 0x00, 0x00,
    0x01, 0xb5, 0x00, 0x01, 0xff, 0xff, 0xfe, 0x40,
    0x00, 0x01, 0xcf, 0xfc, 0x40, 0x08, 0xff, 0xff,
    0xff, 0xc8, 0x7a, 0xff, 0xff, 0xff, 0x40, 0x0b,
    0xff, 0xff, 0xff, 0xff, 0xff, 0xff, 0xff, 0xc0,
    0x00, 0x0b, 0xff, 0xff, 0xff, 0xff, 0xff, 0xff,
    0xd1, 0x00, 0x00, 0x06, 0xff, 0xff, 0xff, 0xff,
    0xff, 0x90, 0x00, 0x00, 0x00, 0x00, 0x6a, 0xdf,
    0xfe, 0xc8, 0x20, 0x00, 0x00,

    /* U+0064 "d" */
    0x00, 0x00, 0x00, 0x00, 0x00, 0x00, 0x00, 0x2d,
    0xdd, 0xdd, 0x10, 0x00, 0x00, 0x00, 0x00, 0x00,
    0x00, 0x03, 0xff, 0xff, 0xf1, 0x00, 0x00, 0x00,
    0x00, 0x00, 0x00, 0x00, 0x3f, 0xff, 0xff, 0x10,
    0x00, 0x00, 0x00, 0x00, 0x00, 0x00, 0x03, 0xff,
    0xff, 0xf1, 0x00, 0x00, 0x00, 0x00, 0x00, 0x00,
    0x00, 0x3f, 0xff, 0xff, 0x10, 0x00, 0x00, 0x00,
    0x00, 0x00, 0x00, 0x03, 0xff, 0xff, 0xf1, 0x00,
    0x00, 0x00, 0x00, 0x00, 0x00, 0x00, 0x3f, 0xff,
    0xff, 0x10, 0x00, 0x00, 0x39, 0xdf, 0xfe, 0xa5,
    0x03, 0xff, 0xff, 0xf1, 0x00, 0x01, 0xbf, 0xff,
    0xff, 0xff, 0xfc, 0x5f, 0xff, 0xff, 0x10, 0x02,
    0xef, 0xff, 0xff, 0xff, 0xff, 0xff, 0xff, 0xff,
    0xf1, 0x00, 0xdf, 0xff, 0xff, 0xff, 0xff, 0xff,
    0xff, 0xff, 0xff, 0x10, 0xaf, 0xff, 0xff, 0xfc,
    0x87, 0xaf, 0xff, 0xff, 0xff, 0xf1, 0x2f, 0xff,
    0xff, 0xf4, 0x00, 0x00, 0x1c, 0xff, 0xff, 0xff,
    0x17, 0xff, 0xff, 0xf5, 0x00, 0x00, 0x00, 0x0e,
    0xff, 0xff, 0xf1, 0xaf, 0xff, 0xfd, 0x00, 0x00,
    0x00, 0x00, 0x7f, 0xff, 0xff, 0x1c, 0xff, 0xff,
    0x90, 0x00, 0x00, 0x00, 0x03, 0xff, 0xff, 0xf1,
    0xdf, 0xff, 0xf8, 0x00, 0x00, 0x00, 0x00, 0x2f,
    0xff, 0xff, 0x1c, 0xff, 0xff, 0x90, 0x00, 0x00,
    0x00, 0x03, 0xff, 0xff, 0xf1, 0xaf, 0xff, 0xfd,
    0x00, 0x00, 0x00, 0x00, 0x7f, 0xff, 0xff, 0x17,
    0xff, 0xff, 0xf5, 0x00, 0x00, 0x00, 0x0e, 0xff,
    0xff, 0xf1, 0x1f, 0xff, 0xff, 0xf4, 0x00, 0x00,
    0x1c, 0xff, 0xff, 0xff, 0x10, 0x9f, 0xff, 0xff,
    0xfc, 0x87, 0xaf, 0xff, 0xff, 0xff, 0xf1, 0x00,
    0xdf, 0xff, 0xff, 0xff, 0xff, 0xff, 0xff, 0xff,
    0xff, 0x10, 0x02, 0xef, 0xff, 0xff, 0xff, 0xff,
    0xff, 0xff, 0xff, 0xf1, 0x00, 0x01, 0xbf, 0xff,
    0xff, 0xff, 0xfe, 0x3f, 0xff, 0xff, 0x10, 0x00,
    0x00, 0x39, 0xdf, 0xfe, 0xb7, 0x00, 0xff, 0xff,
    0xf1,

    /* U+0065 "e" */
    0x00, 0x00, 0x01, 0x7b, 0xef, 0xfd, 0xa5, 0x00,
    0x00, 0x00, 0x00, 0x00, 0x8f, 0xff, 0xff, 0xff,
    0xff, 0xe3, 0x00, 0x00, 0x00, 0x1c, 0xff, 0xff,
    0xff, 0xff, 0xff, 0xff, 0x70, 0x00, 0x00, 0xcf,
    0xff, 0xff, 0xff, 0xff, 0xff, 0xff, 0xf5, 0x00,
    0x08, 0xff, 0xff, 0xfb, 0x42, 0x26, 0xdf, 0xff,
    0xff, 0x10, 0x1f, 0xff, 0xff, 0x80, 0x00, 0x00,
    0x0c, 0xff, 0xff, 0x90, 0x7f, 0xff, 0xfd, 0x00,
    0x00, 0x00, 0x01, 0xff, 0xff, 0xe0, 0xbf, 0xff,
    0xf9, 0x22, 0x22, 0x22, 0x22, 0xcf, 0xff, 0xf2,
    0xdf, 0xff, 0xff, 0xff, 0xff, 0xff, 0xff, 0xff,
    0xff, 0xf4, 0xef, 0xff, 0xff, 0xff, 0xff, 0xff,
    0xff, 0xff, 0xff, 0xf5, 0xdf, 0xff, 0xff, 0xff,
    0xff, 0xff, 0xff, 0xff, 0xff, 0xf4, 0xbf, 0xff,
    0xfa, 0x00, 0x00, 0x00, 0x00, 0x00, 0x00, 0x00,
    0x7f, 0xff, 0xff, 0x20, 0x00, 0x00, 0x00, 0x00,
    0x00, 0x00, 0x1f, 0xff, 0xff, 0xe3, 0x00, 0x00,
    0x00, 0x8c, 0x00, 0x00, 0x08, 0xff, 0xff, 0xff,
    0xb8, 0x66, 0x9e, 0xff, 0xb0, 0x00, 0x00, 0xcf,
    0xff, 0xff, 0xff, 0xff, 0xff, 0xff, 0xfa, 0x00,
    0x00, 0x0b, 0xff, 0xff, 0xff, 0xff, 0xff, 0xff,
    0xf8, 0x00, 0x00, 0x00, 0x7e, 0xff, 0xff, 0xff,
    0xff, 0xfe, 0x50, 0x00, 0x00, 0x00, 0x00, 0x6a,
    0xdf, 0xfe, 0xda, 0x50, 0x00, 0x00,

    /* U+0066 "f" */
    0x00, 0x00, 0x00, 0x4a, 0xdf, 0xfd, 0xb5, 0x00,
    0x00, 0x01, 0xbf, 0xff, 0xff, 0xff, 0xf1, 0x00,
    0x00, 0xbf, 0xff, 0xff, 0xff, 0xfa, 0x00, 0x00,
    0x5f, 0xff, 0xff, 0xff, 0xff, 0x40, 0x00, 0x0a,
    0xff, 0xff, 0xf7, 0x45, 0x90, 0x00, 0x00, 0xdf,
    0xff, 0xf7, 0x00, 0x00, 0x00, 0x00, 0x0e, 0xff,
    0xff, 0x40, 0x00, 0x00, 0x0b, 0xff, 0xff, 0xff,
    0xff, 0xff, 0xff, 0x00, 0xbf, 0xff, 0xff, 0xff,
    0xff, 0xff, 0xf0, 0x0b, 0xff, 0xff, 0xff, 0xff,
    0xff, 0xff, 0x00, 0xbf, 0xff, 0xff, 0xff, 0xff,
    0xff, 0xf0, 0x02, 0x33, 0xef, 0xff, 0xf8, 0x33,
    0x32, 0x00, 0x00, 0x0e, 0xff, 0xff, 0x60, 0x00,
    0x00, 0x00, 0x00, 0xef, 0xff, 0xf6, 0x00, 0x00,
    0x00, 0x00, 0x0e, 0xff, 0xff, 0x60, 0x00, 0x00,
    0x00, 0x00, 0xef, 0xff, 0xf6, 0x00, 0x00, 0x00,
    0x00, 0x0e, 0xff, 0xff, 0x60, 0x00, 0x00, 0x00,
    0x00, 0xef, 0xff, 0xf6, 0x00, 0x00, 0x00, 0x00,
    0x0e, 0xff, 0xff, 0x60, 0x00, 0x00, 0x00, 0x00,
    0xef, 0xff, 0xf6, 0x00, 0x00, 0x00, 0x00, 0x0e,
    0xff, 0xff, 0x60, 0x00, 0x00, 0x00, 0x00, 0xef,
    0xff, 0xf6, 0x00, 0x00, 0x00, 0x00, 0x0e, 0xff,
    0xff, 0x60, 0x00, 0x00, 0x00, 0x00, 0xef, 0xff,
    0xf6, 0x00, 0x00, 0x00, 0x00, 0x0e, 0xff, 0xff,
    0x60, 0x00, 0x00, 0x00, 0x00, 0xef, 0xff, 0xf6,
    0x00, 0x00, 0x00,

    /* U+0067 "g" */
    0x00, 0x00, 0x04, 0x9d, 0xff, 0xeb, 0x60, 0x0b,
    0xff, 0xff, 0x50, 0x00, 0x1c, 0xff, 0xff, 0xff,
    0xff, 0xe3, 0xbf, 0xff, 0xf5, 0x00, 0x3e, 0xff,
    0xff, 0xff, 0xff, 0xff, 0xfe, 0xff, 0xff, 0x50,
    0x2e, 0xff, 0xff, 0xff, 0xff, 0xff, 0xff, 0xff,
    0xff, 0xf5, 0x0c, 0xff, 0xff, 0xff, 0xc8, 0x79,
    0xef, 0xff, 0xff, 0xff, 0x54, 0xff, 0xff, 0xfe,
    0x30, 0x00, 0x00, 0x9f, 0xff, 0xff, 0xf5, 0x9f,
    0xff, 0xff, 0x30, 0x00, 0x00, 0x00, 0xaf, 0xff,
    0xff, 0x5c, 0xff, 0xff, 0xb0, 0x00, 0x00, 0x00,
    0x02, 0xff, 0xff, 0xf5, 0xef, 0xff, 0xf7, 0x00,
    0x00, 0x00, 0x00, 0x0f, 0xff, 0xff, 0x5e, 0xff,
    0xff, 0x70, 0x00, 0x00, 0x00, 0x00, 0xff, 0xff,
    0xf5, 0xcf, 0xff, 0xfb, 0x00, 0x00, 0x00, 0x00,
    0x2f, 0xff, 0xff, 0x59, 0xff, 0xff, 0xf3, 0x00,
    0x00, 0x00, 0x0a, 0xff, 0xff, 0xf5, 0x4f, 0xff,
    0xff, 0xe3, 0x00, 0x00, 0x08, 0xff, 0xff, 0xff,
    0x50, 0xcf, 0xff, 0xff, 0xfb, 0x87, 0x9e, 0xff,
    0xff, 0xff, 0xf5, 0x02, 0xef, 0xff, 0xff, 0xff,
    0xff, 0xff, 0xff, 0xff, 0xff, 0x50, 0x04, 0xff,
    0xff, 0xff, 0xff, 0xff, 0xff, 0xff, 0xff, 0xf4,
    0x00, 0x02, 0xcf, 0xff, 0xff, 0xff, 0xfe, 0x3f,
    0xff, 0xff, 0x40, 0x00, 0x00, 0x4a, 0xdf, 0xfe,
    0xb6, 0x01, 0xff, 0xff, 0xf3, 0x00, 0x00, 0x00,
    0x00, 0x00, 0x00, 0x00, 0x4f, 0xff, 0xff, 0x10,
    0x00, 0x40, 0x00, 0x00, 0x00, 0x00, 0x0a, 0xff,
    0xff, 0xd0, 0x00, 0x5f, 0xa3, 0x00, 0x00, 0x00,
    0x07, 0xff, 0xff, 0xf8, 0x00, 0x0d, 0xff, 0xfd,
    0x97, 0x56, 0x8d, 0xff, 0xff, 0xff, 0x10, 0x06,
    0xff, 0xff, 0xff, 0xff, 0xff, 0xff, 0xff, 0xff,
    0x70, 0x00, 0x9f, 0xff, 0xff, 0xff, 0xff, 0xff,
    0xff, 0xff, 0x90, 0x00, 0x00, 0x5c, 0xff, 0xff,
    0xff, 0xff, 0xff, 0xfe, 0x50, 0x00, 0x00, 0x00,
    0x02, 0x7a, 0xde, 0xff, 0xec, 0x95, 0x00, 0x00,
    0x00,

    /* U+0068 "h" */
    0x7d, 0xdd, 0xd9, 0x00, 0x00, 0x00, 0x00, 0x00,
    0x00, 0x00, 0x8f, 0xff, 0xfc, 0x00, 0x00, 0x00,
    0x00, 0x00, 0x00, 0x00, 0x8f, 0xff, 0xfc, 0x00,
    0x00, 0x00, 0x00, 0x00, 0x00, 0x00, 0x8f, 0xff,
    0xfc, 0x00, 0x00, 0x00, 0x00, 0x00, 0x00, 0x00,
    0x8f, 0xff, 0xfc, 0x00, 0x00, 0x00, 0x00, 0x00,
    0x00, 0x00, 0x8f, 0xff, 0xfc, 0x00, 0x00, 0x00,
    0x00, 0x00, 0x00, 0x00, 0x8f, 0xff, 0xfc, 0x00,
    0x00, 0x00, 0x00, 0x00, 0x00, 0x00, 0x8f, 0xff,
    0xfc, 0x01, 0x7c, 0xef, 0xec, 0x71, 0x00, 0x00,
    0x8f, 0xff, 0xfc, 0x5f, 0xff, 0xff, 0xff, 0xff,
    0x50, 0x00, 0x8f, 0xff, 0xff, 0xff, 0xff, 0xff,
    0xff, 0xff, 0xf5, 0x00, 0x8f, 0xff, 0xff, 0xff,
    0xff, 0xff, 0xff, 0xff, 0xff, 0x10, 0x8f, 0xff,
    0xff, 0xff, 0xfc, 0xbe, 0xff, 0xff, 0xff, 0x80,
    0x8f, 0xff, 0xff, 0xf8, 0x00, 0x00, 0x7f, 0xff,
    0xff, 0xd0, 0x8f, 0xff, 0xff, 0x90, 0x00, 0x00,
    0x0b, 0xff, 0xff, 0xf0, 0x8f, 0xff, 0xff, 0x10,
    0x00, 0x00, 0x05, 0xff, 0xff, 0xf1, 0x8f, 0xff,
    0xfd, 0x00, 0x00, 0x00, 0x03, 0xff, 0xff, 0xf2,
    0x8f, 0xff, 0xfc, 0x00, 0x00, 0x00, 0x02, 0xff,
    0xff, 0xf2, 0x8f, 0xff, 0xfc, 0x00, 0x00, 0x00,
    0x02, 0xff, 0xff, 0xf2, 0x8f, 0xff, 0xfc, 0x00,
    0x00, 0x00, 0x02, 0xff, 0xff, 0xf2, 0x8f, 0xff,
    0xfc, 0x00, 0x00, 0x00, 0x02, 0xff, 0xff, 0xf2,
    0x8f, 0xff, 0xfc, 0x00, 0x00, 0x00, 0x02, 0xff,
    0xff, 0xf2, 0x8f, 0xff, 0xfc, 0x00, 0x00, 0x00,
    0x02, 0xff, 0xff, 0xf2, 0x8f, 0xff, 0xfc, 0x00,
    0x00, 0x00, 0x02, 0xff, 0xff, 0xf2, 0x8f, 0xff,
    0xfc, 0x00, 0x00, 0x00, 0x02, 0xff, 0xff, 0xf2,
    0x8f, 0xff, 0xfc, 0x00, 0x00, 0x00, 0x02, 0xff,
    0xff, 0xf2, 0x8f, 0xff, 0xfc, 0x00, 0x00, 0x00,
    0x02, 0xff, 0xff, 0xf2,

    /* U+0069 "i" */
    0x00, 0x00, 0x00, 0x00, 0x01, 0xaf, 0xfc, 0x20,
    0x0b, 0xff, 0xff, 0xe1, 0x1f, 0xff, 0xff, 0xf5,
    0x1f, 0xff, 0xff, 0xf4, 0x0b, 0xff, 0xff, 0xd0,
    0x01, 0x9e, 0xeb, 0x20, 0x00, 0x00, 0x00, 0x00,
    0x00, 0x00, 0x00, 0x00, 0x08, 0xff, 0xff, 0xc0,
    0x08, 0xff, 0xff, 0xc0, 0x08, 0xff, 0xff, 0xc0,
    0x08, 0xff, 0xff, 0xc0, 0x08, 0xff, 0xff, 0xc0,
    0x08, 0xff, 0xff, 0xc0, 0x08, 0xff, 0xff, 0xc0,
    0x08, 0xff, 0xff, 0xc0, 0x08, 0xff, 0xff, 0xc0,
    0x08, 0xff, 0xff, 0xc0, 0x08, 0xff, 0xff, 0xc0,
    0x08, 0xff, 0xff, 0xc0, 0x08, 0xff, 0xff, 0xc0,
    0x08, 0xff, 0xff, 0xc0, 0x08, 0xff, 0xff, 0xc0,
    0x08, 0xff, 0xff, 0xc0, 0x08, 0xff, 0xff, 0xc0,
    0x08, 0xff, 0xff, 0xc0, 0x08, 0xff, 0xff, 0xc0,

    /* U+006A "j" */
    0x00, 0x00, 0x00, 0x00, 0x00, 0x00, 0x00, 0x00,
    0x00, 0x00, 0x8e, 0xfd, 0x50, 0x00, 0x00, 0x00,
    0x8f, 0xff, 0xff, 0x30, 0x00, 0x00, 0x0d, 0xff,
    0xff, 0xf9, 0x00, 0x00, 0x00, 0xdf, 0xff, 0xff,
    0x80, 0x00, 0x00, 0x07, 0xff, 0xff, 0xf2, 0x00,
    0x00, 0x00, 0x07, 0xdf, 0xc4, 0x00, 0x00, 0x00,
    0x00, 0x00, 0x00, 0x00, 0x00, 0x00, 0x00, 0x00,
    0x00, 0x00, 0x00, 0x00, 0x00, 0x05, 0xff, 0xff,
    0xf0, 0x00, 0x00, 0x00, 0x5f, 0xff, 0xff, 0x00,
    0x00, 0x00, 0x05, 0xff, 0xff, 0xf0, 0x00, 0x00,
    0x00, 0x5f, 0xff, 0xff, 0x00, 0x00, 0x00, 0x05,
    0xff, 0xff, 0xf0, 0x00, 0x00, 0x00, 0x5f, 0xff,
    0xff, 0x00, 0x00, 0x00, 0x05, 0xff, 0xff, 0xf0,
    0x00, 0x00, 0x00, 0x5f, 0xff, 0xff, 0x00, 0x00,
    0x00, 0x05, 0xff, 0xff, 0xf0, 0x00, 0x00, 0x00,
    0x5f, 0xff, 0xff, 0x00, 0x00, 0x00, 0x05, 0xff,
    0xff, 0xf0, 0x00, 0x00, 0x00, 0x5f, 0xff, 0xff,
    0x00, 0x00, 0x00, 0x05, 0xff, 0xff, 0xf0, 0x00,
    0x00, 0x00, 0x5f, 0xff, 0xff, 0x00, 0x00, 0x00,
    0x05, 0xff, 0xff, 0xf0, 0x00, 0x00, 0x00, 0x5f,
    0xff, 0xff, 0x00, 0x00, 0x00, 0x05, 0xff, 0xff,
    0xf0, 0x00, 0x00, 0x00, 0x5f, 0xff, 0xff, 0x00,
    0x00, 0x00, 0x05, 0xff, 0xff, 0xf0, 0x00, 0x00,
    0x00, 0x6f, 0xff, 0xfe, 0x00, 0x00, 0x00, 0x0a,
    0xff, 0xff, 0xd0, 0x00, 0xc7, 0x59, 0xff, 0xff,
    0xf9, 0x00, 0x4f, 0xff, 0xff, 0xff, 0xff, 0x30,
    0x0a, 0xff, 0xff, 0xff, 0xff, 0x90, 0x00, 0xff,
    0xff, 0xff, 0xff, 0xa0, 0x00, 0x04, 0xad, 0xff,
    0xea, 0x40, 0x00, 0x00,

    /* U+006B "k" */
    0x7d, 0xdd, 0xd9, 0x00, 0x00, 0x00, 0x00, 0x00,
    0x00, 0x00, 0x08, 0xff, 0xff, 0xc0, 0x00, 0x00,
    0x00, 0x00, 0x00, 0x00, 0x00, 0x8f, 0xff, 0xfc,
    0x00, 0x00, 0x00, 0x00, 0x00, 0x00, 0x00, 0x08,
    0xff, 0xff, 0xc0, 0x00, 0x00, 0x00, 0x00, 0x00,
    0x00, 0x00, 0x8f, 0xff, 0xfc, 0x00, 0x00, 0x00,
    0x00, 0x00, 0x00, 0x00, 0x08, 0xff, 0xff, 0xc0,
    0x00, 0x00, 0x00, 0x00, 0x00, 0x00, 0x00, 0x8f,
    0xff, 0xfc, 0x00, 0x00, 0x00, 0x00, 0x00, 0x00,
    0x00, 0x08, 0xff, 0xff, 0xc0, 0x00, 0x00, 0x02,
    0xef, 0xff, 0xff, 0x50, 0x8f, 0xff, 0xfc, 0x00,
    0x00, 0x02, 0xef, 0xff, 0xff, 0x60, 0x08, 0xff,
    0xff, 0xc0, 0x00, 0x02, 0xef, 0xff, 0xff, 0x70,
    0x00, 0x8f, 0xff, 0xfc, 0x00, 0x02, 0xef, 0xff,
    0xff, 0x80, 0x00, 0x08, 0xff, 0xff, 0xc0, 0x02,
    0xef, 0xff, 0xff, 0x90, 0x00, 0x00, 0x8f, 0xff,
    0xfc, 0x03, 0xef, 0xff, 0xff, 0x90, 0x00, 0x00,
    0x08, 0xff, 0xff, 0xc3, 0xef, 0xff, 0xff, 0xa0,
    0x00, 0x00, 0x00, 0x8f, 0xff, 0xfe, 0xff, 0xff,
    0xff, 0xb0, 0x00, 0x00, 0x00, 0x08, 0xff, 0xff,
    0xff, 0xff, 0xff, 0xf8, 0x00, 0x00, 0x00, 0x00,
    0x8f, 0xff, 0xff, 0xff, 0xff, 0xff, 0xf5, 0x00,
    0x00, 0x00, 0x08, 0xff, 0xff, 0xff, 0xff, 0xff,
    0xff, 0xf2, 0x00, 0x00, 0x00, 0x8f, 0xff, 0xff,
    0xff, 0xdf, 0xff, 0xff, 0xc0, 0x00, 0x00, 0x08,
    0xff, 0xff, 0xff, 0x61, 0xdf, 0xff, 0xff, 0x90,
    0x00, 0x00, 0x8f, 0xff, 0xff, 0x60, 0x03, 0xff,
    0xff, 0xff, 0x50, 0x00, 0x08, 0xff, 0xff, 0xc0,
    0x00, 0x06, 0xff, 0xff, 0xff, 0x20, 0x00, 0x8f,
    0xff, 0xfc, 0x00, 0x00, 0x0a, 0xff, 0xff, 0xfd,
    0x00, 0x08, 0xff, 0xff, 0xc0, 0x00, 0x00, 0x0d,
    0xff, 0xff, 0xf9, 0x00, 0x8f, 0xff, 0xfc, 0x00,
    0x00, 0x00, 0x2f, 0xff, 0xff, 0xf6, 0x08, 0xff,
    0xff, 0xc0, 0x00, 0x00, 0x00, 0x5f, 0xff, 0xff,
    0xf2,

    /* U+006C "l" */
    0x7d, 0xdd, 0xd9, 0x8f, 0xff, 0xfc, 0x8f, 0xff,
    0xfc, 0x8f, 0xff, 0xfc, 0x8f, 0xff, 0xfc, 0x8f,
    0xff, 0xfc, 0x8f, 0xff, 0xfc, 0x8f, 0xff, 0xfc,
    0x8f, 0xff, 0xfc, 0x8f, 0xff, 0xfc, 0x8f, 0xff,
    0xfc, 0x8f, 0xff, 0xfc, 0x8f, 0xff, 0xfc, 0x8f,
    0xff, 0xfc, 0x8f, 0xff, 0xfc, 0x8f, 0xff, 0xfc,
    0x8f, 0xff, 0xfc, 0x8f, 0xff, 0xfc, 0x8f, 0xff,
    0xfc, 0x8f, 0xff, 0xfc, 0x8f, 0xff, 0xfc, 0x8f,
    0xff, 0xfc, 0x8f, 0xff, 0xfc, 0x8f, 0xff, 0xfc,
    0x8f, 0xff, 0xfc, 0x8f, 0xff, 0xfc,

    /* U+006D "m" */
    0x8f, 0xff, 0xf8, 0x02, 0x8d, 0xef, 0xda, 0x50,
    0x00, 0x00, 0x5a, 0xdf, 0xed, 0x92, 0x00, 0x00,
    0x8f, 0xff, 0xf8, 0x8f, 0xff, 0xff, 0xff, 0xfc,
    0x10, 0x3d, 0xff, 0xff, 0xff, 0xff, 0x80, 0x00,
    0x8f, 0xff, 0xff, 0xff, 0xff, 0xff, 0xff, 0xff,
    0xd5, 0xff, 0xff, 0xff, 0xff, 0xff, 0xf9, 0x00,
    0x8f, 0xff, 0xff, 0xff, 0xff, 0xff, 0xff, 0xff,
    0xff, 0xff, 0xff, 0xff, 0xff, 0xff, 0xff, 0x40,
    0x8f, 0xff, 0xff, 0xff, 0xeb, 0xcf, 0xff, 0xff,
    0xff, 0xff, 0xfd, 0xbd, 0xff, 0xff, 0xff, 0xc0,
    0x8f, 0xff, 0xff, 0xf6, 0x00, 0x02, 0xdf, 0xff,
    0xff, 0xfe, 0x40, 0x00, 0x4f, 0xff, 0xff, 0xf1,
    0x8f, 0xff, 0xff, 0x70, 0x00, 0x00, 0x4f, 0xff,
    0xff, 0xf4, 0x00, 0x00, 0x07, 0xff, 0xff, 0xf3,
    0x8f, 0xff, 0xff, 0x00, 0x00, 0x00, 0x0e, 0xff,
    0xff, 0xd0, 0x00, 0x00, 0x01, 0xff, 0xff, 0xf5,
    0x8f, 0xff, 0xfd, 0x00, 0x00, 0x00, 0x0c, 0xff,
    0xff, 0x90, 0x00, 0x00, 0x00, 0xff, 0xff, 0xf5,
    0x8f, 0xff, 0xfc, 0x00, 0x00, 0x00, 0x0c, 0xff,
    0xff, 0x80, 0x00, 0x00, 0x00, 0xff, 0xff, 0xf5,
    0x8f, 0xff, 0xfc, 0x00, 0x00, 0x00, 0x0c, 0xff,
    0xff, 0x80, 0x00, 0x00, 0x00, 0xff, 0xff, 0xf5,
    0x8f, 0xff, 0xfc, 0x00, 0x00, 0x00, 0x0c, 0xff,
    0xff, 0x80, 0x00, 0x00, 0x00, 0xff, 0xff, 0xf5,
    0x8f, 0xff, 0xfc, 0x00, 0x00, 0x00, 0x0c, 0xff,
    0xff, 0x80, 0x00, 0x00, 0x00, 0xff, 0xff, 0xf5,
    0x8f, 0xff, 0xfc, 0x00, 0x00, 0x00, 0x0c, 0xff,
    0xff, 0x80, 0x00, 0x00, 0x00, 0xff, 0xff, 0xf5,
    0x8f, 0xff, 0xfc, 0x00, 0x00, 0x00, 0x0c, 0xff,
    0xff, 0x80, 0x00, 0x00, 0x00, 0xff, 0xff, 0xf5,
    0x8f, 0xff, 0xfc, 0x00, 0x00, 0x00, 0x0c, 0xff,
    0xff, 0x80, 0x00, 0x00, 0x00, 0xff, 0xff, 0xf5,
    0x8f, 0xff, 0xfc, 0x00, 0x00, 0x00, 0x0c, 0xff,
    0xff, 0x80, 0x00, 0x00, 0x00, 0xff, 0xff, 0xf5,
    0x8f, 0xff, 0xfc, 0x00, 0x00, 0x00, 0x0c, 0xff,
    0xff, 0x80, 0x00, 0x00, 0x00, 0xff, 0xff, 0xf5,
    0x8f, 0xff, 0xfc, 0x00, 0x00, 0x00, 0x0c, 0xff,
    0xff, 0x80, 0x00, 0x00, 0x00, 0xff, 0xff, 0xf5,

    /* U+006E "n" */
    0x8f, 0xff, 0xf8, 0x01, 0x7c, 0xef, 0xec, 0x71,
    0x00, 0x00, 0x8f, 0xff, 0xf8, 0x7f, 0xff, 0xff,
    0xff, 0xff, 0x50, 0x00, 0x8f, 0xff, 0xfe, 0xff,
    0xff, 0xff, 0xff, 0xff, 0xf5, 0x00, 0x8f, 0xff,
    0xff, 0xff, 0xff, 0xff, 0xff, 0xff, 0xff, 0x10,
    0x8f, 0xff, 0xff, 0xff, 0xfc, 0xbe, 0xff, 0xff,
    0xff, 0x80, 0x8f, 0xff, 0xff, 0xf8, 0x00, 0x00,
    0x7f, 0xff, 0xff, 0xd0, 0x8f, 0xff, 0xff, 0x90,
    0x00, 0x00, 0x0b, 0xff, 0xff, 0xf0, 0x8f, 0xff,
    0xff, 0x10, 0x00, 0x00, 0x05, 0xff, 0xff, 0xf1,
    0x8f, 0xff, 0xfd, 0x00, 0x00, 0x00, 0x03, 0xff,
    0xff, 0xf2, 0x8f, 0xff, 0xfc, 0x00, 0x00, 0x00,
    0x02, 0xff, 0xff, 0xf2, 0x8f, 0xff, 0xfc, 0x00,
    0x00, 0x00, 0x02, 0xff, 0xff, 0xf2, 0x8f, 0xff,
    0xfc, 0x00, 0x00, 0x00, 0x02, 0xff, 0xff, 0xf2,
    0x8f, 0xff, 0xfc, 0x00, 0x00, 0x00, 0x02, 0xff,
    0xff, 0xf2, 0x8f, 0xff, 0xfc, 0x00, 0x00, 0x00,
    0x02, 0xff, 0xff, 0xf2, 0x8f, 0xff, 0xfc, 0x00,
    0x00, 0x00, 0x02, 0xff, 0xff, 0xf2, 0x8f, 0xff,
    0xfc, 0x00, 0x00, 0x00, 0x02, 0xff, 0xff, 0xf2,
    0x8f, 0xff, 0xfc, 0x00, 0x00, 0x00, 0x02, 0xff,
    0xff, 0xf2, 0x8f, 0xff, 0xfc, 0x00, 0x00, 0x00,
    0x02, 0xff, 0xff, 0xf2, 0x8f, 0xff, 0xfc, 0x00,
    0x00, 0x00, 0x02, 0xff, 0xff, 0xf2,

    /* U+006F "o" */
    0x00, 0x00, 0x01, 0x6b, 0xef, 0xfe, 0xc8, 0x20,
    0x00, 0x00, 0x00, 0x00, 0x07, 0xff, 0xff, 0xff,
    0xff, 0xff, 0xa0, 0x00, 0x00, 0x00, 0x1b, 0xff,
    0xff, 0xff, 0xff, 0xff, 0xff, 0xd3, 0x00, 0x00,
    0x0b, 0xff, 0xff, 0xff, 0xff, 0xff, 0xff, 0xff,
    0xe1, 0x00, 0x08, 0xff, 0xff, 0xff, 0xb8, 0x7a,
    0xff, 0xff, 0xff, 0xc0, 0x01, 0xff, 0xff, 0xfe,
    0x40, 0x00, 0x01, 0xcf, 0xff, 0xff, 0x50, 0x7f,
    0xff, 0xff, 0x40, 0x00, 0x00, 0x01, 0xef, 0xff,
    0xfb, 0x0b, 0xff, 0xff, 0xc0, 0x00, 0x00, 0x00,
    0x08, 0xff, 0xff, 0xf0, 0xdf, 0xff, 0xf8, 0x00,
    0x00, 0x00, 0x00, 0x4f, 0xff, 0xff, 0x1e, 0xff,
    0xff, 0x70, 0x00, 0x00, 0x00, 0x03, 0xff, 0xff,
    0xf2, 0xdf, 0xff, 0xf8, 0x00, 0x00, 0x00, 0x00,
    0x4f, 0xff, 0xff, 0x1b, 0xff, 0xff, 0xc0, 0x00,
    0x00, 0x00, 0x08, 0xff, 0xff, 0xf0, 0x7f, 0xff,
    0xff, 0x40, 0x00, 0x00, 0x01, 0xef, 0xff, 0xfb,
    0x01, 0xff, 0xff, 0xfe, 0x40, 0x00, 0x01, 0xcf,
    0xff, 0xff, 0x50, 0x08, 0xff, 0xff, 0xff, 0xb8,
    0x7a, 0xff, 0xff, 0xff, 0xc0, 0x00, 0x0b, 0xff,
    0xff, 0xff, 0xff, 0xff, 0xff, 0xff, 0xe1, 0x00,
    0x00, 0x1b, 0xff, 0xff, 0xff, 0xff, 0xff, 0xff,
    0xe3, 0x00, 0x00, 0x00, 0x07, 0xff, 0xff, 0xff,
    0xff, 0xff, 0xa0, 0x00, 0x00, 0x00, 0x00, 0x01,
    0x6b, 0xef, 0xfe, 0xc8, 0x20, 0x00, 0x00, 0x00,

    /* U+0070 "p" */
    0x8f, 0xff, 0xf8, 0x03, 0x9d, 0xef, 0xeb, 0x60,
    0x00, 0x00, 0x08, 0xff, 0xff, 0x89, 0xff, 0xff,
    0xff, 0xff, 0xe5, 0x00, 0x00, 0x8f, 0xff, 0xff,
    0xff, 0xff, 0xff, 0xff, 0xff, 0xf8, 0x00, 0x08,
    0xff, 0xff, 0xff, 0xff, 0xff, 0xff, 0xff, 0xff,
    0xf6, 0x00, 0x8f, 0xff, 0xff, 0xff, 0xd8, 0x79,
    0xef, 0xff, 0xff, 0xf2, 0x08, 0xff, 0xff, 0xff,
    0x60, 0x00, 0x00, 0xaf, 0xff, 0xff, 0x90, 0x8f,
    0xff, 0xff, 0x80, 0x00, 0x00, 0x00, 0xcf, 0xff,
    0xff, 0x08, 0xff, 0xff, 0xf0, 0x00, 0x00, 0x00,
    0x05, 0xff, 0xff, 0xf3, 0x8f, 0xff, 0xfc, 0x00,
    0x00, 0x00, 0x00, 0x1f, 0xff, 0xff, 0x58, 0xff,
    0xff, 0xb0, 0x00, 0x00, 0x00, 0x00, 0xff, 0xff,
    0xf5, 0x8f, 0xff, 0xfc, 0x00, 0x00, 0x00, 0x00,
    0x1f, 0xff, 0xff, 0x58, 0xff, 0xff, 0xf0, 0x00,
    0x00, 0x00, 0x05, 0xff, 0xff, 0xf3, 0x8f, 0xff,
    0xff, 0x70, 0x00, 0x00, 0x00, 0xcf, 0xff, 0xff,
    0x08, 0xff, 0xff, 0xff, 0x60, 0x00, 0x00, 0xaf,
    0xff, 0xff, 0xa0, 0x8f, 0xff, 0xff, 0xff, 0xd8,
    0x79, 0xef, 0xff, 0xff, 0xf2, 0x08, 0xff, 0xff,
    0xff, 0xff, 0xff, 0xff, 0xff, 0xff, 0xf6, 0x00,
    0x8f, 0xff, 0xff, 0xff, 0xff, 0xff, 0xff, 0xff,
    0xf9, 0x00, 0x08, 0xff, 0xff, 0xc6, 0xff, 0xff,
    0xff, 0xff, 0xf5, 0x00, 0x00, 0x8f, 0xff, 0xfc,
    0x01, 0x8d, 0xff, 0xeb, 0x71, 0x00, 0x00, 0x08,
    0xff, 0xff, 0xc0, 0x00, 0x00, 0x00, 0x00, 0x00,
    0x00, 0x00, 0x8f, 0xff, 0xfc, 0x00, 0x00, 0x00,
    0x00, 0x00, 0x00, 0x00, 0x08, 0xff, 0xff, 0xc0,
    0x00, 0x00, 0x00, 0x00, 0x00, 0x00, 0x00, 0x8f,
    0xff, 0xfc, 0x00, 0x00, 0x00, 0x00, 0x00, 0x00,
    0x00, 0x08, 0xff, 0xff, 0xc0, 0x00, 0x00, 0x00,
    0x00, 0x00, 0x00, 0x00, 0x8f, 0xff, 0xfc, 0x00,
    0x00, 0x00, 0x00, 0x00, 0x00, 0x00, 0x08, 0xff,
    0xff, 0xc0, 0x00, 0x00, 0x00, 0x00, 0x00, 0x00,
    0x00,

    /* U+0071 "q" */
    0x00, 0x00, 0x03, 0x9d, 0xff, 0xeb, 0x60, 0x0f,
    0xff, 0xff, 0x00, 0x00, 0x1b, 0xff, 0xff, 0xff,
    0xff, 0xd3, 0xff, 0xff, 0xf0, 0x00, 0x3e, 0xff,
    0xff, 0xff, 0xff, 0xff, 0xff, 0xff, 0xff, 0x00,
    0x1e, 0xff, 0xff, 0xff, 0xff, 0xff, 0xff, 0xff,
    0xff, 0xf0, 0x0a, 0xff, 0xff, 0xff, 0xc8, 0x7a,
    0xff, 0xff, 0xff, 0xff, 0x02, 0xff, 0xff, 0xfe,
    0x40, 0x00, 0x01, 0xcf, 0xff, 0xff, 0xf0, 0x8f,
    0xff, 0xff, 0x40, 0x00, 0x00, 0x01, 0xef, 0xff,
    0xff, 0x0b, 0xff, 0xff, 0xc0, 0x00, 0x00, 0x00,
    0x08, 0xff, 0xff, 0xf0, 0xdf, 0xff, 0xf8, 0x00,
    0x00, 0x00, 0x00, 0x4f, 0xff, 0xff, 0x0e, 0xff,
    0xff, 0x70, 0x00, 0x00, 0x00, 0x03, 0xff, 0xff,
    0xf0, 0xdf, 0xff, 0xf8, 0x00, 0x00, 0x00, 0x00,
    0x4f, 0xff, 0xff, 0x0b, 0xff, 0xff, 0xc0, 0x00,
    0x00, 0x00, 0x08, 0xff, 0xff, 0xf0, 0x8f, 0xff,
    0xff, 0x40, 0x00, 0x00, 0x01, 0xef, 0xff, 0xff,
    0x02, 0xff, 0xff, 0xfe, 0x30, 0x00, 0x01, 0xcf,
    0xff, 0xff, 0xf0, 0x0b, 0xff, 0xff, 0xff, 0xb8,
    0x7a, 0xff, 0xff, 0xff, 0xff, 0x00, 0x1e, 0xff,
    0xff, 0xff, 0xff, 0xff, 0xff, 0xff, 0xff, 0xf0,
    0x00, 0x3e, 0xff, 0xff, 0xff, 0xff, 0xff, 0xff,
    0xff, 0xff, 0x00, 0x00, 0x1b, 0xff, 0xff, 0xff,
    0xff, 0xc5, 0xff, 0xff, 0xf0, 0x00, 0x00, 0x04,
    0x9d, 0xff, 0xea, 0x50, 0x4f, 0xff, 0xff, 0x00,
    0x00, 0x00, 0x00, 0x00, 0x00, 0x00, 0x04, 0xff,
    0xff, 0xf0, 0x00, 0x00, 0x00, 0x00, 0x00, 0x00,
    0x00, 0x4f, 0xff, 0xff, 0x00, 0x00, 0x00, 0x00,
    0x00, 0x00, 0x00, 0x04, 0xff, 0xff, 0xf0, 0x00,
    0x00, 0x00, 0x00, 0x00, 0x00, 0x00, 0x4f, 0xff,
    0xff, 0x00, 0x00, 0x00, 0x00, 0x00, 0x00, 0x00,
    0x04, 0xff, 0xff, 0xf0, 0x00, 0x00, 0x00, 0x00,
    0x00, 0x00, 0x00, 0x4f, 0xff, 0xff, 0x00, 0x00,
    0x00, 0x00, 0x00, 0x00, 0x00, 0x04, 0xff, 0xff,
    0xf0,

    /* U+0072 "r" */
    0x8f, 0xff, 0xf8, 0x01, 0x7c, 0xec, 0x8f, 0xff,
    0xf8, 0x5f, 0xff, 0xfc, 0x8f, 0xff, 0xfd, 0xff,
    0xff, 0xfc, 0x8f, 0xff, 0xff, 0xff, 0xff, 0xfc,
    0x8f, 0xff, 0xff, 0xff, 0xff, 0xfc, 0x8f, 0xff,
    0xff, 0xfd, 0x50, 0x00, 0x8f, 0xff, 0xff, 0xc0,
    0x00, 0x00, 0x8f, 0xff, 0xff, 0x30, 0x00, 0x00,
    0x8f, 0xff, 0xfe, 0x00, 0x00, 0x00, 0x8f, 0xff,
    0xfc, 0x00, 0x00, 0x00, 0x8f, 0xff, 0xfc, 0x00,
    0x00, 0x00, 0x8f, 0xff, 0xfc, 0x00, 0x00, 0x00,
    0x8f, 0xff, 0xfc, 0x00, 0x00, 0x00, 0x8f, 0xff,
    0xfc, 0x00, 0x00, 0x00, 0x8f, 0xff, 0xfc, 0x00,
    0x00, 0x00, 0x8f, 0xff, 0xfc, 0x00, 0x00, 0x00,
    0x8f, 0xff, 0xfc, 0x00, 0x00, 0x00, 0x8f, 0xff,
    0xfc, 0x00, 0x00, 0x00, 0x8f, 0xff, 0xfc, 0x00,
    0x00, 0x00,

    /* U+0073 "s" */
    0x00, 0x00, 0x06, 0xad, 0xff, 0xfd, 0xb8, 0x30,
    0x00, 0x00, 0x06, 0xef, 0xff, 0xff, 0xff, 0xff,
    0xfd, 0x40, 0x00, 0x8f, 0xff, 0xff, 0xff, 0xff,
    0xff, 0xff, 0x30, 0x03, 0xff, 0xff, 0xff, 0xff,
    0xff, 0xff, 0xfc, 0x00, 0x0a, 0xff, 0xff, 0xe6,
    0x21, 0x24, 0x8d, 0xf4, 0x00, 0x0d, 0xff, 0xff,
    0x40, 0x00, 0x00, 0x00, 0x40, 0x00, 0x0d, 0xff,
    0xff, 0x80, 0x00, 0x00, 0x00, 0x00, 0x00, 0x0a,
    0xff, 0xff, 0xfd, 0x96, 0x31, 0x00, 0x00, 0x00,
    0x03, 0xff, 0xff, 0xff, 0xff, 0xff, 0xd9, 0x20,
    0x00, 0x00, 0x6f, 0xff, 0xff, 0xff, 0xff, 0xff,
    0xf9, 0x00, 0x00, 0x02, 0x9e, 0xff, 0xff, 0xff,
    0xff, 0xff, 0x80, 0x00, 0x00, 0x00, 0x24, 0x7a,
    0xef, 0xff, 0xff, 0xf0, 0x00, 0x00, 0x00, 0x00,
    0x00, 0x03, 0xff, 0xff, 0xf2, 0x00, 0x94, 0x00,
    0x00, 0x00, 0x00, 0xef, 0xff, 0xf3, 0x02, 0xff,
    0xe9, 0x53, 0x22, 0x4a, 0xff, 0xff, 0xf0, 0x0a,
    0xff, 0xff, 0xff, 0xff, 0xff, 0xff, 0xff, 0x90,
    0x1f, 0xff, 0xff, 0xff, 0xff, 0xff, 0xff, 0xfd,
    0x10, 0x06, 0xef, 0xff, 0xff, 0xff, 0xff, 0xff,
    0xa0, 0x00, 0x00, 0x03, 0x8b, 0xde, 0xff, 0xeb,
    0x72, 0x00, 0x00,

    /* U+0074 "t" */
    0x00, 0x0e, 0xff, 0xff, 0x60, 0x00, 0x00, 0x00,
    0x00, 0xef, 0xff, 0xf6, 0x00, 0x00, 0x00, 0x00,
    0x0e, 0xff, 0xff, 0x60, 0x00, 0x00, 0x00, 0x00,
    0xef, 0xff, 0xf6, 0x00, 0x00, 0x00, 0xbf, 0xff,
    0xff, 0xff, 0xff, 0xff, 0xf0, 0x0b, 0xff, 0xff,
    0xff, 0xff, 0xff, 0xff, 0x00, 0xbf, 0xff, 0xff,
    0xff, 0xff, 0xff, 0xf0, 0x0b, 0xff, 0xff, 0xff,
    0xff, 0xff, 0xff, 0x00, 0x22, 0x2e, 0xff, 0xff,
    0x72, 0x22, 0x20, 0x00, 0x00, 0xef, 0xff, 0xf6,
    0x00, 0x00, 0x00, 0x00, 0x0e, 0xff, 0xff, 0x60,
    0x00, 0x00, 0x00, 0x00, 0xef, 0xff, 0xf6, 0x00,
    0x00, 0x00, 0x00, 0x0e, 0xff, 0xff, 0x60, 0x00,
    0x00, 0x00, 0x00, 0xef, 0xff, 0xf6, 0x00, 0x00,
    0x00, 0x00, 0x0e, 0xff, 0xff, 0x60, 0x00, 0x00,
    0x00, 0x00, 0xef, 0xff, 0xf6, 0x00, 0x00, 0x00,
    0x00, 0x0e, 0xff, 0xff, 0x60, 0x00, 0x00, 0x00,
    0x00, 0xdf, 0xff, 0xfb, 0x00, 0x00, 0x00, 0x00,
    0x0a, 0xff, 0xff, 0xfa, 0x57, 0xc0, 0x00, 0x00,
    0x5f, 0xff, 0xff, 0xff, 0xff, 0x60, 0x00, 0x00,
    0xcf, 0xff, 0xff, 0xff, 0xfc, 0x00, 0x00, 0x01,
    0xcf, 0xff, 0xff, 0xff, 0xf1, 0x00, 0x00, 0x00,
    0x5a, 0xef, 0xfd, 0xa3, 0x00,

    /* U+0075 "u" */
    0xaf, 0xff, 0xfa, 0x00, 0x00, 0x00, 0x06, 0xff,
    0xff, 0xea, 0xff, 0xff, 0xa0, 0x00, 0x00, 0x00,
    0x6f, 0xff, 0xfe, 0xaf, 0xff, 0xfa, 0x00, 0x00,
    0x00, 0x06, 0xff, 0xff, 0xea, 0xff, 0xff, 0xa0,
    0x00, 0x00, 0x00, 0x6f, 0xff, 0xfe, 0xaf, 0xff,
    0xfa, 0x00, 0x00, 0x00, 0x06, 0xff, 0xff, 0xea,
    0xff, 0xff, 0xa0, 0x00, 0x00, 0x00, 0x6f, 0xff,
    0xfe, 0xaf, 0xff, 0xfa, 0x00, 0x00, 0x00, 0x06,
    0xff, 0xff, 0xea, 0xff, 0xff, 0xa0, 0x00, 0x00,
    0x00, 0x6f, 0xff, 0xfe, 0xaf, 0xff, 0xfa, 0x00,
    0x00, 0x00, 0x06, 0xff, 0xff, 0xea, 0xff, 0xff,
    0xa0, 0x00, 0x00, 0x00, 0x7f, 0xff, 0xfe, 0xaf,
    0xff, 0xfb, 0x00, 0x00, 0x00, 0x08, 0xff, 0xff,
    0xe9, 0xff, 0xff, 0xd0, 0x00, 0x00, 0x00, 0xcf,
    0xff, 0xfe, 0x8f, 0xff, 0xff, 0x20, 0x00, 0x00,
    0x3f, 0xff, 0xff, 0xe5, 0xff, 0xff, 0xfd, 0x20,
    0x00, 0x4e, 0xff, 0xff, 0xfe, 0x1f, 0xff, 0xff,
    0xff, 0xcb, 0xdf, 0xff, 0xff, 0xff, 0xe0, 0x8f,
    0xff, 0xff, 0xff, 0xff, 0xff, 0xff, 0xff, 0xfe,
    0x00, 0xcf, 0xff, 0xff, 0xff, 0xff, 0xff, 0xff,
    0xff, 0xe0, 0x01, 0xaf, 0xff, 0xff, 0xff, 0xfc,
    0x4f, 0xff, 0xfe, 0x00, 0x00, 0x39, 0xde, 0xfe,
    0xa4, 0x02, 0xff, 0xff, 0xe0,

    /* U+0076 "v" */
    0x1f, 0xff, 0xff, 0x60, 0x00, 0x00, 0x00, 0x00,
    0xbf, 0xff, 0xf6, 0x0a, 0xff, 0xff, 0xc0, 0x00,
    0x00, 0x00, 0x01, 0xff, 0xff, 0xf0, 0x04, 0xff,
    0xff, 0xf2, 0x00, 0x00, 0x00, 0x08, 0xff, 0xff,
    0x90, 0x00, 0xdf, 0xff, 0xf9, 0x00, 0x00, 0x00,
    0x0e, 0xff, 0xff, 0x20, 0x00, 0x7f, 0xff, 0xfe,
    0x00, 0x00, 0x00, 0x5f, 0xff, 0xfc, 0x00, 0x00,
    0x1f, 0xff, 0xff, 0x50, 0x00, 0x00, 0xbf, 0xff,
    0xf5, 0x00, 0x00, 0x0a, 0xff, 0xff, 0xb0, 0x00,
    0x02, 0xff, 0xff, 0xe0, 0x00, 0x00, 0x03, 0xff,
    0xff, 0xf2, 0x00, 0x08, 0xff, 0xff, 0x80, 0x00,
    0x00, 0x00, 0xdf, 0xff, 0xf8, 0x00, 0x0e, 0xff,
    0xff, 0x20, 0x00, 0x00, 0x00, 0x6f, 0xff, 0xfe,
    0x00, 0x5f, 0xff, 0xfb, 0x00, 0x00, 0x00, 0x00,
    0x1f, 0xff, 0xff, 0x50, 0xcf, 0xff, 0xf5, 0x00,
    0x00, 0x00, 0x00, 0x09, 0xff, 0xff, 0xb2, 0xff,
    0xff, 0xe0, 0x00, 0x00, 0x00, 0x00, 0x03, 0xff,
    0xff, 0xfa, 0xff, 0xff, 0x80, 0x00, 0x00, 0x00,
    0x00, 0x00, 0xdf, 0xff, 0xff, 0xff, 0xff, 0x20,
    0x00, 0x00, 0x00, 0x00, 0x00, 0x6f, 0xff, 0xff,
    0xff, 0xfb, 0x00, 0x00, 0x00, 0x00, 0x00, 0x00,
    0x0f, 0xff, 0xff, 0xff, 0xf4, 0x00, 0x00, 0x00,
    0x00, 0x00, 0x00, 0x09, 0xff, 0xff, 0xff, 0xe0,
    0x00, 0x00, 0x00, 0x00, 0x00, 0x00, 0x03, 0xff,
    0xff, 0xff, 0x70, 0x00, 0x00, 0x00, 0x00, 0x00,
    0x00, 0x00, 0xcf, 0xff, 0xff, 0x10, 0x00, 0x00,
    0x00,

    /* U+0077 "w" */
    0xcf, 0xff, 0xf3, 0x00, 0x00, 0x00, 0x05, 0xff,
    0xff, 0x70, 0x00, 0x00, 0x00, 0x1f, 0xff, 0xfa,
    0x7f, 0xff, 0xf8, 0x00, 0x00, 0x00, 0x0a, 0xff,
    0xff, 0xd0, 0x00, 0x00, 0x00, 0x6f, 0xff, 0xf4,
    0x1f, 0xff, 0xfd, 0x00, 0x00, 0x00, 0x0f, 0xff,
    0xff, 0xf2, 0x00, 0x00, 0x00, 0xbf, 0xff, 0xe0,
    0x0c, 0xff, 0xff, 0x30, 0x00, 0x00, 0x6f, 0xff,
    0xff, 0xf8, 0x00, 0x00, 0x01, 0xff, 0xff, 0x90,
    0x06, 0xff, 0xff, 0x80, 0x00, 0x00, 0xbf, 0xff,
    0xff, 0xfd, 0x00, 0x00, 0x06, 0xff, 0xff, 0x40,
    0x01, 0xff, 0xff, 0xd0, 0x00, 0x01, 0xff, 0xff,
    0xff, 0xff, 0x20, 0x00, 0x0c, 0xff, 0xfe, 0x00,
    0x00, 0xbf, 0xff, 0xf3, 0x00, 0x06, 0xff, 0xff,
    0xff, 0xff, 0x80, 0x00, 0x2f, 0xff, 0xf8, 0x00,
    0x00, 0x5f, 0xff, 0xf8, 0x00, 0x0c, 0xff, 0xfd,
    0xef, 0xff, 0xd0, 0x00, 0x7f, 0xff, 0xf3, 0x00,
    0x00, 0x0f, 0xff, 0xfe, 0x00, 0x2f, 0xff, 0xf8,
    0x8f, 0xff, 0xf3, 0x00, 0xdf, 0xff, 0xd0, 0x00,
    0x00, 0x0a, 0xff, 0xff, 0x30, 0x7f, 0xff, 0xf2,
    0x3f, 0xff, 0xf8, 0x02, 0xff, 0xff, 0x80, 0x00,
    0x00, 0x05, 0xff, 0xff, 0x80, 0xdf, 0xff, 0xc0,
    0x0d, 0xff, 0xfd, 0x08, 0xff, 0xff, 0x20, 0x00,
    0x00, 0x00, 0xff, 0xff, 0xe3, 0xff, 0xff, 0x60,
    0x08, 0xff, 0xff, 0x3d, 0xff, 0xfc, 0x00, 0x00,
    0x00, 0x00, 0xaf, 0xff, 0xfb, 0xff, 0xff, 0x10,
    0x02, 0xff, 0xff, 0xbf, 0xff, 0xf7, 0x00, 0x00,
    0x00, 0x00, 0x4f, 0xff, 0xff, 0xff, 0xfb, 0x00,
    0x00, 0xdf, 0xff, 0xff, 0xff, 0xf1, 0x00, 0x00,
    0x00, 0x00, 0x0e, 0xff, 0xff, 0xff, 0xf5, 0x00,
    0x00, 0x7f, 0xff, 0xff, 0xff, 0xc0, 0x00, 0x00,
    0x00, 0x00, 0x09, 0xff, 0xff, 0xff, 0xf0, 0x00,
    0x00, 0x2f, 0xff, 0xff, 0xff, 0x60, 0x00, 0x00,
    0x00, 0x00, 0x03, 0xff, 0xff, 0xff, 0xa0, 0x00,
    0x00, 0x0c, 0xff, 0xff, 0xff, 0x10, 0x00, 0x00,
    0x00, 0x00, 0x00, 0xef, 0xff, 0xff, 0x40, 0x00,
    0x00, 0x06, 0xff, 0xff, 0xfb, 0x00, 0x00, 0x00,
    0x00, 0x00, 0x00, 0x8f, 0xff, 0xfe, 0x00, 0x00,
    0x00, 0x01, 0xff, 0xff, 0xf5, 0x00, 0x00, 0x00,

    /* U+0078 "x" */
    0x4f, 0xff, 0xff, 0xa0, 0x00, 0x00, 0x03, 0xff,
    0xff, 0xf7, 0x00, 0x8f, 0xff, 0xff, 0x50, 0x00,
    0x00, 0xdf, 0xff, 0xfb, 0x00, 0x00, 0xcf, 0xff,
    0xff, 0x20, 0x00, 0x9f, 0xff, 0xfe, 0x10, 0x00,
    0x02, 0xff, 0xff, 0xfc, 0x00, 0x5f, 0xff, 0xff,
    0x40, 0x00, 0x00, 0x06, 0xff, 0xff, 0xf7, 0x1e,
    0xff, 0xff, 0x80, 0x00, 0x00, 0x00, 0x0a, 0xff,
    0xff, 0xfc, 0xff, 0xff, 0xc0, 0x00, 0x00, 0x00,
    0x00, 0x0e, 0xff, 0xff, 0xff, 0xff, 0xe1, 0x00,
    0x00, 0x00, 0x00, 0x00, 0x3f, 0xff, 0xff, 0xff,
    0xf5, 0x00, 0x00, 0x00, 0x00, 0x00, 0x00, 0x7f,
    0xff, 0xff, 0xf9, 0x00, 0x00, 0x00, 0x00, 0x00,
    0x00, 0x00, 0xff, 0xff, 0xff, 0x30, 0x00, 0x00,
    0x00, 0x00, 0x00, 0x00, 0x9f, 0xff, 0xff, 0xfd,
    0x00, 0x00, 0x00, 0x00, 0x00, 0x00, 0x5f, 0xff,
    0xff, 0xff, 0xfa, 0x00, 0x00, 0x00, 0x00, 0x00,
    0x2f, 0xff, 0xff, 0xff, 0xff, 0xf5, 0x00, 0x00,
    0x00, 0x00, 0x0c, 0xff, 0xff, 0xdb, 0xff, 0xff,
    0xf2, 0x00, 0x00, 0x00, 0x08, 0xff, 0xff, 0xf2,
    0x1e, 0xff, 0xff, 0xc0, 0x00, 0x00, 0x04, 0xff,
    0xff, 0xf6, 0x00, 0x5f, 0xff, 0xff, 0x80, 0x00,
    0x01, 0xef, 0xff, 0xfb, 0x00, 0x00, 0xaf, 0xff,
    0xff, 0x40, 0x00, 0xbf, 0xff, 0xfe, 0x10, 0x00,
    0x01, 0xef, 0xff, 0xfe, 0x10, 0x7f, 0xff, 0xff,
    0x40, 0x00, 0x00, 0x04, 0xff, 0xff, 0xfb, 0x00,

    /* U+0079 "y" */
    0x1f, 0xff, 0xff, 0x60, 0x00, 0x00, 0x00, 0x00,
    0xbf, 0xff, 0xf6, 0x0a, 0xff, 0xff, 0xc0, 0x00,
    0x00, 0x00, 0x01, 0xff, 0xff, 0xf0, 0x03, 0xff,
    0xff, 0xf3, 0x00, 0x00, 0x00, 0x08, 0xff, 0xff,
    0x90, 0x00, 0xdf, 0xff, 0xf9, 0x00, 0x00, 0x00,
    0x0e, 0xff, 0xff, 0x20, 0x00, 0x6f, 0xff, 0xff,
    0x00, 0x00, 0x00, 0x4f, 0xff, 0xfc, 0x00, 0x00,
    0x0f, 0xff, 0xff, 0x60, 0x00, 0x00, 0xbf, 0xff,
    0xf5, 0x00, 0x00, 0x09, 0xff, 0xff, 0xc0, 0x00,
    0x01, 0xff, 0xff, 0xe0, 0x00, 0x00, 0x02, 0xff,
    0xff, 0xf3, 0x00, 0x08, 0xff, 0xff, 0x80, 0x00,
    0x00, 0x00, 0xbf, 0xff, 0xf9, 0x00, 0x0e, 0xff,
    0xff, 0x10, 0x00, 0x00, 0x00, 0x5f, 0xff, 0xff,
    0x00, 0x4f, 0xff, 0xfb, 0x00, 0x00, 0x00, 0x00,
    0x0e, 0xff, 0xff, 0x60, 0xbf, 0xff, 0xf4, 0x00,
    0x00, 0x00, 0x00, 0x07, 0xff, 0xff, 0xc1, 0xff,
    0xff, 0xd0, 0x00, 0x00, 0x00, 0x00, 0x01, 0xff,
    0xff, 0xfb, 0xff, 0xff, 0x70, 0x00, 0x00, 0x00,
    0x00, 0x00, 0xaf, 0xff, 0xff, 0xff, 0xff, 0x10,
    0x00, 0x00, 0x00, 0x00, 0x00, 0x3f, 0xff, 0xff,
    0xff, 0xfa, 0x00, 0x00, 0x00, 0x00, 0x00, 0x00,
    0x0d, 0xff, 0xff, 0xff, 0xf3, 0x00, 0x00, 0x00,
    0x00, 0x00, 0x00, 0x06, 0xff, 0xff, 0xff, 0xc0,
    0x00, 0x00, 0x00, 0x00, 0x00, 0x00, 0x00, 0xff,
    0xff, 0xff, 0x60, 0x00, 0x00, 0x00, 0x00, 0x00,
    0x00, 0x00, 0x9f, 0xff, 0xff, 0x00, 0x00, 0x00,
    0x00, 0x00, 0x00, 0x00, 0x00, 0x8f, 0xff, 0xf9,
    0x00, 0x00, 0x00, 0x00, 0x00, 0x40, 0x00, 0x03,
    0xff, 0xff, 0xf2, 0x00, 0x00, 0x00, 0x00, 0x00,
    0xee, 0x86, 0x8f, 0xff, 0xff, 0xb0, 0x00, 0x00,
    0x00, 0x00, 0x07, 0xff, 0xff, 0xff, 0xff, 0xff,
    0x20, 0x00, 0x00, 0x00, 0x00, 0x0e, 0xff, 0xff,
    0xff, 0xff, 0xf6, 0x00, 0x00, 0x00, 0x00, 0x00,
    0x1d, 0xff, 0xff, 0xff, 0xff, 0x60, 0x00, 0x00,
    0x00, 0x00, 0x00, 0x00, 0x5a, 0xef, 0xfc, 0x81,
    0x00, 0x00, 0x00, 0x00, 0x00, 0x00,

    /* U+007A "z" */
    0x9f, 0xff, 0xff, 0xff, 0xff, 0xff, 0xff, 0xff,
    0x39, 0xff, 0xff, 0xff, 0xff, 0xff, 0xff, 0xff,
    0xf3, 0x9f, 0xff, 0xff, 0xff, 0xff, 0xff, 0xff,
    0xff, 0x39, 0xff, 0xff, 0xff, 0xff, 0xff, 0xff,
    0xff, 0xe1, 0x12, 0x22, 0x22, 0x22, 0x3d, 0xff,
    0xff, 0xf3, 0x00, 0x00, 0x00, 0x00, 0x09, 0xff,
    0xff, 0xf6, 0x00, 0x00, 0x00, 0x00, 0x06, 0xff,
    0xff, 0xf9, 0x00, 0x00, 0x00, 0x00, 0x03, 0xff,
    0xff, 0xfc, 0x00, 0x00, 0x00, 0x00, 0x01, 0xef,
    0xff, 0xfe, 0x10, 0x00, 0x00, 0x00, 0x00, 0xcf,
    0xff, 0xff, 0x30, 0x00, 0x00, 0x00, 0x00, 0x9f,
    0xff, 0xff, 0x60, 0x00, 0x00, 0x00, 0x00, 0x6f,
    0xff, 0xff, 0x90, 0x00, 0x00, 0x00, 0x00, 0x3f,
    0xff, 0xff, 0xb0, 0x00, 0x00, 0x00, 0x00, 0x1e,
    0xff, 0xff, 0xe1, 0x00, 0x00, 0x00, 0x00, 0x0c,
    0xff, 0xff, 0xf5, 0x22, 0x22, 0x22, 0x22, 0x19,
    0xff, 0xff, 0xff, 0xff, 0xff, 0xff, 0xff, 0xf8,
    0xdf, 0xff, 0xff, 0xff, 0xff, 0xff, 0xff, 0xff,
    0x8d, 0xff, 0xff, 0xff, 0xff, 0xff, 0xff, 0xff,
    0xf8, 0xdf, 0xff, 0xff, 0xff, 0xff, 0xff, 0xff,
    0xff, 0x80,

    /* U+007B "{" */
    0x00, 0x00, 0x00, 0x00, 0x23, 0x43, 0x00, 0x00,
    0x01, 0x9f, 0xff, 0xfc, 0x00, 0x00, 0x2e, 0xff,
    0xff, 0xfc, 0x00, 0x00, 0xdf, 0xff, 0xff, 0xfc,
    0x00, 0x04, 0xff, 0xff, 0xff, 0xfc, 0x00, 0x07,
    0xff, 0xff, 0xf9, 0x10, 0x00, 0x09, 0xff, 0xff,
    0xd0, 0x00, 0x00, 0x09, 0xff, 0xff, 0xb0, 0x00,
    0x00, 0x09, 0xff, 0xff, 0xb0, 0x00, 0x00, 0x09,
    0xff, 0xff, 0xb0, 0x00, 0x00, 0x09, 0xff, 0xff,
    0xb0, 0x00, 0x00, 0x09, 0xff, 0xff, 0xb0, 0x00,
    0x00, 0x09, 0xff, 0xff, 0xb0, 0x00, 0x00, 0x0a,
    0xff, 0xff, 0xa0, 0x00, 0x04, 0x6f, 0xff, 0xff,
    0x80, 0x00, 0x3f, 0xff, 0xff, 0xff, 0x20, 0x00,
    0x3f, 0xff, 0xff, 0xd4, 0x00, 0x00, 0x3f, 0xff,
    0xff, 0xf8, 0x00, 0x00, 0x3f, 0xff, 0xff, 0xff,
    0x40, 0x00, 0x00, 0x2e, 0xff, 0xff, 0x90, 0x00,
    0x00, 0x0a, 0xff, 0xff, 0xa0, 0x00, 0x00, 0x09,
    0xff, 0xff, 0xb0, 0x00, 0x00, 0x09, 0xff, 0xff,
    0xb0, 0x00, 0x00, 0x09, 0xff, 0xff, 0xb0, 0x00,
    0x00, 0x09, 0xff, 0xff, 0xb0, 0x00, 0x00, 0x09,
    0xff, 0xff, 0xb0, 0x00, 0x00, 0x09, 0xff, 0xff,
    0xb0, 0x00, 0x00, 0x09, 0xff, 0xff, 0xe0, 0x00,
    0x00, 0x07, 0xff, 0xff, 0xfc, 0x53, 0x00, 0x02,
    0xff, 0xff, 0xff, 0xfc, 0x00, 0x00, 0xbf, 0xff,
    0xff, 0xfc, 0x00, 0x00, 0x1c, 0xff, 0xff, 0xfc,
    0x00, 0x00, 0x00, 0x6b, 0xef, 0xfc,

    /* U+007C "|" */
    0x19, 0x99, 0x96, 0x2f, 0xff, 0xfb, 0x2f, 0xff,
    0xfb, 0x2f, 0xff, 0xfb, 0x2f, 0xff, 0xfb, 0x2f,
    0xff, 0xfb, 0x2f, 0xff, 0xfb, 0x2f, 0xff, 0xfb,
    0x2f, 0xff, 0xfb, 0x2f, 0xff, 0xfb, 0x2f, 0xff,
    0xfb, 0x2f, 0xff, 0xfb, 0x2f, 0xff, 0xfb, 0x2f,
    0xff, 0xfb, 0x2f, 0xff, 0xfb, 0x2f, 0xff, 0xfb,
    0x2f, 0xff, 0xfb, 0x2f, 0xff, 0xfb, 0x2f, 0xff,
    0xfb, 0x2f, 0xff, 0xfb, 0x2f, 0xff, 0xfb, 0x2f,
    0xff, 0xfb, 0x2f, 0xff, 0xfb, 0x2f, 0xff, 0xfb,
    0x2f, 0xff, 0xfb, 0x2f, 0xff, 0xfb, 0x2f, 0xff,
    0xfb, 0x2f, 0xff, 0xfb, 0x2f, 0xff, 0xfb, 0x2f,
    0xff, 0xfb, 0x2f, 0xff, 0xfb, 0x2f, 0xff, 0xfb,
    0x2f, 0xff, 0xfb,

    /* U+007D "}" */
    0x14, 0x32, 0x00, 0x00, 0x00, 0x00, 0x7f, 0xff,
    0xfb, 0x30, 0x00, 0x00, 0x7f, 0xff, 0xff, 0xf6,
    0x00, 0x00, 0x7f, 0xff, 0xff, 0xff, 0x20, 0x00,
    0x7f, 0xff, 0xff, 0xff, 0x80, 0x00, 0x00, 0x5f,
    0xff, 0xff, 0xc0, 0x00, 0x00, 0x09, 0xff, 0xff,
    0xe0, 0x00, 0x00, 0x06, 0xff, 0xff, 0xe0, 0x00,
    0x00, 0x06, 0xff, 0xff, 0xe0, 0x00, 0x00, 0x06,
    0xff, 0xff, 0xe0, 0x00, 0x00, 0x06, 0xff, 0xff,
    0xe0, 0x00, 0x00, 0x06, 0xff, 0xff, 0xe0, 0x00,
    0x00, 0x06, 0xff, 0xff, 0xe0, 0x00, 0x00, 0x05,
    0xff, 0xff, 0xf0, 0x00, 0x00, 0x03, 0xff, 0xff,
    0xf9, 0x42, 0x00, 0x00, 0xdf, 0xff, 0xff, 0xf8,
    0x00, 0x00, 0x2b, 0xff, 0xff, 0xf8, 0x00, 0x00,
    0x4e, 0xff, 0xff, 0xf8, 0x00, 0x00, 0xff, 0xff,
    0xff, 0xf8, 0x00, 0x04, 0xff, 0xff, 0xf5, 0x00,
    0x00, 0x05, 0xff, 0xff, 0xe0, 0x00, 0x00, 0x06,
    0xff, 0xff, 0xe0, 0x00, 0x00, 0x06, 0xff, 0xff,
    0xe0, 0x00, 0x00, 0x06, 0xff, 0xff, 0xe0, 0x00,
    0x00, 0x06, 0xff, 0xff, 0xe0, 0x00, 0x00, 0x06,
    0xff, 0xff, 0xe0, 0x00, 0x00, 0x06, 0xff, 0xff,
    0xe0, 0x00, 0x00, 0x0a, 0xff, 0xff, 0xd0, 0x00,
    0x14, 0x9f, 0xff, 0xff, 0xb0, 0x00, 0x7f, 0xff,
    0xff, 0xff, 0x70, 0x00, 0x7f, 0xff, 0xff, 0xfe,
    0x10, 0x00, 0x7f, 0xff, 0xff, 0xe3, 0x00, 0x00,
    0x7f, 0xfe, 0xc7, 0x10, 0x00, 0x00,

    /* U+007E "~" */
    0x00, 0x06, 0xcf, 0xea, 0x20, 0x00, 0x00, 0x7a,
    0xa7, 0x00, 0x9f, 0xff, 0xff, 0xf7, 0x00, 0x00,
    0xdf, 0xf9, 0x05, 0xff, 0xff, 0xff, 0xff, 0xb2,
    0x07, 0xff, 0xf7, 0x0c, 0xff, 0xff, 0xff, 0xff,
    0xff, 0xff, 0xff, 0xf2, 0x0f, 0xff, 0xc1, 0x07,
    0xff, 0xff, 0xff, 0xff, 0xb0, 0x3f, 0xff, 0x30,
    0x00, 0x3d, 0xff, 0xff, 0xfe, 0x20, 0x3b, 0xbb,
    0x00, 0x00, 0x00, 0x8d, 0xfe, 0x91, 0x00,

    /* U+00B0 "°" */
    0x00, 0x05, 0xce, 0xfc, 0x70, 0x00, 0x00, 0x1b,
    0xff, 0xff, 0xff, 0xd2, 0x00, 0x0b, 0xff, 0xfd,
    0xcf, 0xff, 0xd0, 0x04, 0xff, 0xe3, 0x00, 0x2c,
    0xff, 0x70, 0xaf, 0xf5, 0x00, 0x00, 0x2f, 0xfd,
    0x0d, 0xff, 0x00, 0x00, 0x00, 0xdf, 0xf0, 0xdf,
    0xf0, 0x00, 0x00, 0x0d, 0xff, 0x0a, 0xff, 0x40,
    0x00, 0x02, 0xff, 0xd0, 0x4f, 0xfe, 0x30, 0x01,
    0xcf, 0xf7, 0x00, 0xbf, 0xff, 0xcc, 0xff, 0xfd,
    0x00, 0x01, 0xbf, 0xff, 0xff, 0xfd, 0x20, 0x00,
    0x00, 0x5c, 0xef, 0xc7, 0x00, 0x00,

    /* U+2014 "—" */
    0x66, 0x66, 0x66, 0x66, 0x66, 0x66, 0x66, 0x66,
    0x66, 0x66, 0x66, 0x66, 0x66, 0x66, 0x66, 0x66,
    0x66, 0xff, 0xff, 0xff, 0xff, 0xff, 0xff, 0xff,
    0xff, 0xff, 0xff, 0xff, 0xff, 0xff, 0xff, 0xff,
    0xff, 0xff, 0xff, 0xff, 0xff, 0xff, 0xff, 0xff,
    0xff, 0xff, 0xff, 0xff, 0xff, 0xff, 0xff, 0xff,
    0xff, 0xff, 0xff, 0xff, 0xff, 0xff, 0xff, 0xff,
    0xff, 0xff, 0xff, 0xff, 0xff, 0xff, 0xff, 0xff,
    0xff, 0xff, 0xff, 0xff,

    /* U+2022 "•" */
    0x00, 0x07, 0xbb, 0x81, 0x00, 0x01, 0xdf, 0xff,
    0xfe, 0x20, 0x0a, 0xff, 0xff, 0xff, 0xd0, 0x0f,
    0xff, 0xff, 0xff, 0xf3, 0x2f, 0xff, 0xff, 0xff,
    0xf5, 0x0f, 0xff, 0xff, 0xff, 0xf3, 0x0b, 0xff,
    0xff, 0xff, 0xe0, 0x02, 0xff, 0xff, 0xff, 0x40,
    0x00, 0x2a, 0xef, 0xb3, 0x00
};

/*---------------------
 *  GLYPH DESCRIPTION
 *--------------------*/

static const lv_font_fmt_txt_glyph_dsc_t glyph_dsc[] = {
    {.bitmap_index = 0, .adv_w = 0, .box_w = 0, .box_h = 0, .ofs_x = 0, .ofs_y = 0} /* id = 0 reserved */,
    {.bitmap_index = 0, .adv_w = 154, .box_w = 0, .box_h = 0, .ofs_x = 0, .ofs_y = 0},
    {.bitmap_index = 0, .adv_w = 157, .box_w = 8, .box_h = 24, .ofs_x = 1, .ofs_y = 0},
    {.bitmap_index = 96, .adv_w = 238, .box_w = 13, .box_h = 10, .ofs_x = 1, .ofs_y = 14},
    {.bitmap_index = 161, .adv_w = 392, .box_w = 24, .box_h = 24, .ofs_x = 0, .ofs_y = 0},
    {.bitmap_index = 449, .adv_w = 347, .box_w = 21, .box_h = 33, .ofs_x = 0, .ofs_y = -4},
    {.bitmap_index = 796, .adv_w = 477, .box_w = 29, .box_h = 24, .ofs_x = 0, .ofs_y = 0},
    {.bitmap_index = 1144, .adv_w = 396, .box_w = 23, .box_h = 24, .ofs_x = 1, .ofs_y = 0},
    {.bitmap_index = 1420, .adv_w = 125, .box_w = 6, .box_h = 10, .ofs_x = 1, .ofs_y = 14},
    {.bitmap_index = 1450, .adv_w = 194, .box_w = 10, .box_h = 33, .ofs_x = 2, .ofs_y = -7},
    {.bitmap_index = 1615, .adv_w = 195, .box_w = 10, .box_h = 33, .ofs_x = 0, .ofs_y = -7},
    {.bitmap_index = 1780, .adv_w = 236, .box_w = 15, .box_h = 14, .ofs_x = 0, .ofs_y = 12},
    {.bitmap_index = 1885, .adv_w = 326, .box_w = 17, .box_h = 17, .ofs_x = 2, .ofs_y = 4},
    {.bitmap_index = 2030, .adv_w = 143, .box_w = 7, .box_h = 12, .ofs_x = 1, .ofs_y = -5},
    {.bitmap_index = 2072, .adv_w = 210, .box_w = 11, .box_h = 5, .ofs_x = 1, .ofs_y = 8},
    {.bitmap_index = 2100, .adv_w = 143, .box_w = 7, .box_h = 7, .ofs_x = 1, .ofs_y = 0},
    {.bitmap_index = 2125, .adv_w = 213, .box_w = 17, .box_h = 33, .ofs_x = -2, .ofs_y = -3},
    {.bitmap_index = 2406, .adv_w = 369, .box_w = 21, .box_h = 24, .ofs_x = 1, .ofs_y = 0},
    {.bitmap_index = 2658, .adv_w = 213, .box_w = 11, .box_h = 24, .ofs_x = 0, .ofs_y = 0},
    {.bitmap_index = 2790, .adv_w = 321, .box_w = 20, .box_h = 24, .ofs_x = 0, .ofs_y = 0},
    {.bitmap_index = 3030, .adv_w = 322, .box_w = 20, .box_h = 24, .ofs_x = -1, .ofs_y = 0},
    {.bitmap_index = 3270, .adv_w = 375, .box_w = 23, .box_h = 24, .ofs_x = 1, .ofs_y = 0},
    {.bitmap_index = 3546, .adv_w = 324, .box_w = 20, .box_h = 24, .ofs_x = 0, .ofs_y = 0},
    {.bitmap_index = 3786, .adv_w = 347, .box_w = 20, .box_h = 24, .ofs_x = 1, .ofs_y = 0},
    {.bitmap_index = 4026, .adv_w = 337, .box_w = 20, .box_h = 24, .ofs_x = 0, .ofs_y = 0},
    {.bitmap_index = 4266, .adv_w = 359, .box_w = 21, .box_h = 24, .ofs_x = 1, .ofs_y = 0},
    {.bitmap_index = 4518, .adv_w = 347, .box_w = 21, .box_h = 24, .ofs_x = 0, .ofs_y = 0},
    {.bitmap_index = 4770, .adv_w = 143, .box_w = 7, .box_h = 19, .ofs_x = 1, .ofs_y = 0},
    {.bitmap_index = 4837, .adv_w = 143, .box_w = 7, .box_h = 24, .ofs_x = 1, .ofs_y = -5},
    {.bitmap_index = 4921, .adv_w = 326, .box_w = 17, .box_h = 18, .ofs_x = 2, .ofs_y = 3},
    {.bitmap_index = 5074, .adv_w = 326, .box_w = 17, .box_h = 13, .ofs_x = 2, .ofs_y = 6},
    {.bitmap_index = 5185, .adv_w = 326, .box_w = 17, .box_h = 18, .ofs_x = 2, .ofs_y = 3},
    {.bitmap_index = 5338, .adv_w = 320, .box_w = 20, .box_h = 24, .ofs_x = -1, .ofs_y = 0},
    {.bitmap_index = 5578, .adv_w = 563, .box_w = 33, .box_h = 31, .ofs_x = 1, .ofs_y = -7},
    {.bitmap_index = 6090, .adv_w = 417, .box_w = 28, .box_h = 24, .ofs_x = -1, .ofs_y = 0},
    {.bitmap_index = 6426, .adv_w = 416, .box_w = 23, .box_h = 24, .ofs_x = 2, .ofs_y = 0},
    {.bitmap_index = 6702, .adv_w = 394, .box_w = 24, .box_h = 24, .ofs_x = 1, .ofs_y = 0},
    {.bitmap_index = 6990, .adv_w = 449, .box_w = 25, .box_h = 24, .ofs_x = 2, .ofs_y = 0},
    {.bitmap_index = 7290, .adv_w = 365, .box_w = 20, .box_h = 24, .ofs_x = 2, .ofs_y = 0},
    {.bitmap_index = 7530, .adv_w = 348, .box_w = 19, .box_h = 24, .ofs_x = 2, .ofs_y = 0},
    {.bitmap_index = 7758, .adv_w = 419, .box_w = 24, .box_h = 24, .ofs_x = 1, .ofs_y = 0},
    {.bitmap_index = 8046, .adv_w = 440, .box_w = 23, .box_h = 24, .ofs_x = 2, .ofs_y = 0},
    {.bitmap_index = 8322, .adv_w = 178, .box_w = 7, .box_h = 24, .ofs_x = 2, .ofs_y = 0},
    {.bitmap_index = 8406, .adv_w = 294, .box_w = 17, .box_h = 24, .ofs_x = -1, .ofs_y = 0},
    {.bitmap_index = 8610, .adv_w = 403, .box_w = 24, .box_h = 24, .ofs_x = 2, .ofs_y = 0},
    {.bitmap_index = 8898, .adv_w = 329, .box_w = 19, .box_h = 24, .ofs_x = 2, .ofs_y = 0},
    {.bitmap_index = 9126, .adv_w = 520, .box_w = 28, .box_h = 24, .ofs_x = 2, .ofs_y = 0},
    {.bitmap_index = 9462, .adv_w = 440, .box_w = 23, .box_h = 24, .ofs_x = 2, .ofs_y = 0},
    {.bitmap_index = 9738, .adv_w = 459, .box_w = 27, .box_h = 24, .ofs_x = 1, .ofs_y = 0},
    {.bitmap_index = 10062, .adv_w = 398, .box_w = 22, .box_h = 24, .ofs_x = 2, .ofs_y = 0},
    {.bitmap_index = 10326, .adv_w = 459, .box_w = 28, .box_h = 31, .ofs_x = 1, .ofs_y = -7},
    {.bitmap_index = 10760, .adv_w = 400, .box_w = 22, .box_h = 24, .ofs_x = 2, .ofs_y = 0},
    {.bitmap_index = 11024, .adv_w = 347, .box_w = 21, .box_h = 24, .ofs_x = 0, .ofs_y = 0},
    {.bitmap_index = 11276, .adv_w = 336, .box_w = 21, .box_h = 24, .ofs_x = 0, .ofs_y = 0},
    {.bitmap_index = 11528, .adv_w = 429, .box_w = 23, .box_h = 24, .ofs_x = 2, .ofs_y = 0},
    {.bitmap_index = 11804, .adv_w = 406, .box_w = 27, .box_h = 24, .ofs_x = -1, .ofs_y = 0},
    {.bitmap_index = 12128, .adv_w = 633, .box_w = 39, .box_h = 24, .ofs_x = 0, .ofs_y = 0},
    {.bitmap_index = 12596, .adv_w = 388, .box_w = 25, .box_h = 24, .ofs_x = 0, .ofs_y = 0},
    {.bitmap_index = 12896, .adv_w = 368, .box_w = 25, .box_h = 24, .ofs_x = -1, .ofs_y = 0},
    {.bitmap_index = 13196, .adv_w = 365, .box_w = 22, .box_h = 24, .ofs_x = 1, .ofs_y = 0},
    {.bitmap_index = 13460, .adv_w = 200, .box_w = 11, .box_h = 33, .ofs_x = 2, .ofs_y = -7},
    {.bitmap_index = 13642, .adv_w = 213, .box_w = 17, .box_h = 33, .ofs_x = -2, .ofs_y = -3},
    {.bitmap_index = 13923, .adv_w = 200, .box_w = 10, .box_h = 33, .ofs_x = 0, .ofs_y = -7},
    {.bitmap_index = 14088, .adv_w = 326, .box_w = 18, .box_h = 15, .ofs_x = 1, .ofs_y = 5},
    {.bitmap_index = 14223, .adv_w = 272, .box_w = 17, .box_h = 4, .ofs_x = 0, .ofs_y = -3},
    {.bitmap_index = 14257, .adv_w = 326, .box_w = 12, .box_h = 5, .ofs_x = 2, .ofs_y = 21},
    {.bitmap_index = 14287, .adv_w = 336, .box_w = 18, .box_h = 19, .ofs_x = 1, .ofs_y = 0},
    {.bitmap_index = 14458, .adv_w = 375, .box_w = 21, .box_h = 26, .ofs_x = 2, .ofs_y = 0},
    {.bitmap_index = 14731, .adv_w = 322, .box_w = 19, .box_h = 19, .ofs_x = 1, .ofs_y = 0},
    {.bitmap_index = 14912, .adv_w = 376, .box_w = 21, .box_h = 26, .ofs_x = 1, .ofs_y = 0},
    {.bitmap_index = 15185, .adv_w = 343, .box_w = 20, .box_h = 19, .ofs_x = 1, .ofs_y = 0},
    {.bitmap_index = 15375, .adv_w = 211, .box_w = 15, .box_h = 26, .ofs_x = 0, .ofs_y = 0},
    {.bitmap_index = 15570, .adv_w = 381, .box_w = 21, .box_h = 26, .ofs_x = 1, .ofs_y = -7},
    {.bitmap_index = 15843, .adv_w = 376, .box_w = 20, .box_h = 26, .ofs_x = 2, .ofs_y = 0},
    {.bitmap_index = 16103, .adv_w = 164, .box_w = 8, .box_h = 28, .ofs_x = 1, .ofs_y = 0},
    {.bitmap_index = 16215, .adv_w = 167, .box_w = 13, .box_h = 35, .ofs_x = -4, .ofs_y = -7},
    {.bitmap_index = 16443, .adv_w = 356, .box_w = 21, .box_h = 26, .ofs_x = 2, .ofs_y = 0},
    {.bitmap_index = 16716, .adv_w = 164, .box_w = 6, .box_h = 26, .ofs_x = 2, .ofs_y = 0},
    {.bitmap_index = 16794, .adv_w = 571, .box_w = 32, .box_h = 19, .ofs_x = 2, .ofs_y = 0},
    {.bitmap_index = 17098, .adv_w = 376, .box_w = 20, .box_h = 19, .ofs_x = 2, .ofs_y = 0},
    {.bitmap_index = 17288, .adv_w = 356, .box_w = 21, .box_h = 19, .ofs_x = 1, .ofs_y = 0},
    {.bitmap_index = 17488, .adv_w = 375, .box_w = 21, .box_h = 26, .ofs_x = 2, .ofs_y = -7},
    {.bitmap_index = 17761, .adv_w = 375, .box_w = 21, .box_h = 26, .ofs_x = 1, .ofs_y = -7},
    {.bitmap_index = 18034, .adv_w = 234, .box_w = 12, .box_h = 19, .ofs_x = 2, .ofs_y = 0},
    {.bitmap_index = 18148, .adv_w = 289, .box_w = 18, .box_h = 19, .ofs_x = 0, .ofs_y = 0},
    {.bitmap_index = 18319, .adv_w = 237, .box_w = 15, .box_h = 23, .ofs_x = 0, .ofs_y = 0},
    {.bitmap_index = 18492, .adv_w = 374, .box_w = 19, .box_h = 19, .ofs_x = 2, .ofs_y = 0},
    {.bitmap_index = 18673, .adv_w = 325, .box_w = 22, .box_h = 19, .ofs_x = -1, .ofs_y = 0},
    {.bitmap_index = 18882, .adv_w = 510, .box_w = 32, .box_h = 19, .ofs_x = 0, .ofs_y = 0},
    {.bitmap_index = 19186, .adv_w = 324, .box_w = 21, .box_h = 19, .ofs_x = 0, .ofs_y = 0},
    {.bitmap_index = 19386, .adv_w = 325, .box_w = 22, .box_h = 26, .ofs_x = -1, .ofs_y = -7},
    {.bitmap_index = 19672, .adv_w = 295, .box_w = 17, .box_h = 19, .ofs_x = 1, .ofs_y = 0},
    {.bitmap_index = 19834, .adv_w = 213, .box_w = 12, .box_h = 33, .ofs_x = 1, .ofs_y = -7},
    {.bitmap_index = 20032, .adv_w = 168, .box_w = 6, .box_h = 33, .ofs_x = 2, .ofs_y = -7},
    {.bitmap_index = 20131, .adv_w = 213, .box_w = 12, .box_h = 33, .ofs_x = 0, .ofs_y = -7},
    {.bitmap_index = 20329, .adv_w = 326, .box_w = 18, .box_h = 7, .ofs_x = 1, .ofs_y = 9},
    {.bitmap_index = 20392, .adv_w = 227, .box_w = 13, .box_h = 12, .ofs_x = 1, .ofs_y = 13},
    {.bitmap_index = 20470, .adv_w = 544, .box_w = 34, .box_h = 4, .ofs_x = 0, .ofs_y = 8},
    {.bitmap_index = 20538, .adv_w = 195, .box_w = 10, .box_h = 9, .ofs_x = 1, .ofs_y = 5}
};

/*---------------------
 *  CHARACTER MAPPING
 *--------------------*/

static const uint16_t unicode_list_1[] = {
    0x00, 0x1f64, 0x1f72
};

/*Collect the unicode lists and glyph_id offsets*/
static const lv_font_fmt_txt_cmap_t cmaps[] =
{
    {
        .range_start = 32, .range_length = 95, .glyph_id_start = 1,
        .unicode_list = NULL, .glyph_id_ofs_list = NULL, .list_length = 0, .type = LV_FONT_FMT_TXT_CMAP_FORMAT0_TINY
    },
    {
        .range_start = 176, .range_length = 8051, .glyph_id_start = 96,
        .unicode_list = unicode_list_1, .glyph_id_ofs_list = NULL, .list_length = 3, .type = LV_FONT_FMT_TXT_CMAP_SPARSE_TINY
    }
};

/*-----------------
 *    KERNING
 *----------------*/

/*Map glyph_ids to kern left classes*/
static const uint8_t kern_left_class_mapping[] =
{
    0, 0, 1, 2, 0, 3, 4, 5,
    2, 6, 0, 7, 8, 9, 8, 9,
    10, 11, 0, 12, 13, 14, 15, 16,
    17, 18, 11, 19, 19, 0, 0, 0,
    20, 21, 0, 0, 0, 0, 0, 0,
    0, 0, 0, 0, 0, 0, 0, 0,
    0, 0, 0, 0, 0, 0, 0, 0,
    0, 0, 0, 0, 22, 23, 0, 0,
    24, 0, 0, 0, 0, 0, 0, 0,
    0, 0, 0, 0, 0, 0, 0, 0,
    0, 0, 0, 0, 0, 0, 0, 0,
    0, 0, 0, 0, 22, 0, 0, 8,
    25, 0, 8
};

/*Map glyph_ids to kern right classes*/
static const uint8_t kern_right_class_mapping[] =
{
    0, 0, 1, 2, 0, 3, 4, 5,
    2, 0, 6, 7, 8, 9, 8, 9,
    10, 11, 12, 13, 14, 15, 16, 11,
    17, 18, 19, 20, 20, 0, 0, 0,
    21, 22, 0, 0, 0, 0, 0, 0,
    0, 0, 0, 0, 0, 0, 0, 0,
    0, 0, 0, 0, 0, 0, 0, 0,
    0, 0, 0, 0, 23, 24, 25, 0,
    26, 0, 0, 0, 0, 0, 0, 0,
    0, 0, 0, 0, 0, 0, 0, 0,
    0, 0, 0, 0, 0, 0, 0, 0,
    0, 0, 0, 0, 0, 0, 25, 8,
    27, 0, 8
};

/*Kern values between classes*/
static const int8_t kern_class_values[] =
{
    0, 2, 0, 0, 0, 0, 4, 0,
    2, 0, 0, 5, 0, 0, 0, 0,
    2, 0, 0, 0, 0, 0, 0, 0,
    2, 0, 0, 2, 24, 0, 13, -9,
    0, 11, 0, -30, -33, 2, 24, 9,
    8, -22, 2, 22, 0, 20, 5, 15,
    -8, 0, 33, 7, -2, 11, 0, -16,
    0, 0, 0, 0, -11, 8, 11, 0,
    0, -5, 0, -2, 5, 0, -5, 0,
    -5, -3, -11, 0, 0, -5, 0, -11,
    -8, 0, -13, 0, -68, 0, -11, -27,
    11, 16, 0, 0, -11, 5, 5, 17,
    11, -8, 11, 0, 0, -29, 0, 0,
    -18, 0, 0, -13, -7, -22, 0, -22,
    -2, 0, -16, 0, -2, 16, 0, -16,
    -7, -2, 2, 0, -8, 0, 0, -4,
    -35, 0, 0, -44, -7, 11, -27, 0,
    0, 0, 0, 0, 0, 0, 0, 0,
    20, 0, 5, 0, 0, -11, 0, 0,
    0, 0, 0, 0, 0, 0, 23, 7,
    2, 0, 4, 11, 5, 16, -5, 0,
    11, -5, -20, -72, 2, 13, 11, -1,
    -7, 0, 13, 0, 15, 0, 15, 0,
    0, 0, 2, -5, 16, 0, 0, -8,
    -18, 0, 0, -5, 2, -4, 0, 2,
    -11, -9, -11, 2, 0, -5, 0, 0,
    0, -22, 2, 0, -35, 0, 0, 0,
    2, -30, 5, -36, 0, 0, -20, -4,
    0, 49, -7, -9, 5, 5, 0, 0,
    -9, 5, 0, 0, -30, -11, 0, -51,
    0, 5, -36, 0, 33, -11, 0, -18,
    20, 0, -39, -51, -40, -11, 16, 0,
    0, -35, 0, 4, -14, 0, -8, 0,
    -11, 0, 8, 16, -64, 24, 0, 2,
    0, 0, 0, 0, 2, 2, -7, -11,
    0, -2, -2, -5, 0, 0, -2, 0,
    0, 0, -11, 0, 0, -11, 0, -11,
    0, 0, 0, 0, 5, -2, 0, 0,
    -2, 5, 5, 0, 0, 0, 0, -5,
    0, 0, 0, 0, 0, 0, 0, 0,
    -2, 0, 16, 0, 0, -5, 0, -5,
    0, 0, 0, 0, 0, 0, 0, 0,
    -3, -3, 0, -5, -5, 0, 0, 0,
    0, 0, 0, 0, 0, 0, -8, 0,
    -16, -2, -16, 11, 0, -11, 5, 11,
    13, 0, -14, 0, -4, 0, 0, -23,
    5, -2, 4, -30, 5, 0, -27, 0,
    11, -16, 0, 0, 0, -5, 0, 0,
    -5, 0, 0, 0, 0, 0, -3, -3,
    0, -3, -7, 0, 0, 0, 0, 0,
    0, -5, 0, 0, -4, 0, -2, 0,
    -11, 5, 0, -4, 3, 5, 5, 0,
    0, 0, 0, 0, 0, -2, 0, 0,
    0, 0, 0, 0, 0, 0, 0, -8,
    0, 16, -2, 2, -15, 0, 13, -27,
    -27, -21, -11, 5, 0, -4, -35, -9,
    0, -9, 0, -11, 8, -9, 0, 5,
    4, -16, 5, 0, 0, 0, -5, 0,
    0, 2, 0, 5, 0, 0, 0, 0,
    0, 0, 0, 0, 0, 0, 0, -5,
    0, 0, -16, 0, 0, 0, 0, 5,
    0, 0, 0, 0, 0, 0, 0, 29,
    0, 0, 0, 0, 0, 0, 2, 0,
    0, 0, -5, 0, 0, -11, 0, 5,
    0, -2, 0, 0, 0, -5, 0, 4,
    0, -27, -16, 0, 0, 0, -8, -27,
    0, 0, -5, 5, 0, -16, -2, -4,
    0, 0, -8, 5, 0, -8, 0, 0,
    0, 4, 0, 2, -11, -11, 0, -5,
    -5, -7, 0, 0, 0, 0, 0, 0,
    -16, 0, 0, -11, 7, -16, 5, 2,
    7, 0, 0, 0, 7, 2, -2, 0,
    23, 0, 13, 2, 2, -9, 0, 11,
    0, 0, 0, 7, 0, 0, 16, 0,
    18, 0, 0, -33, 0, -5, 8, 16,
    -72, 0, 49, 4, -11, -11, 5, 5,
    -2, 2, -27, 0, 0, 29, -33, -11,
    0, -40, 23, 76, -33, 0, -2, 11,
    -13, 0, 2, -5, 0, 5, 65, -11,
    -4, 15, 13, -13, 5, 0, 0, 5,
    5, -10, -16, 0, -71, 18, 0, 0,
    0, 11, 11, 14, 0, 0, 16, 0,
    -36, -29, 0, 25, 16, 10, -22, 2,
    20, 0, 18, 0, 11, 5, 0, 30,
    0, 0, 0
};

/*Collect the kern class' data in one place*/
static const lv_font_fmt_txt_kern_classes_t kern_classes =
{
    .class_pair_values   = kern_class_values,
    .left_class_mapping  = kern_left_class_mapping,
    .right_class_mapping = kern_right_class_mapping,
    .left_class_cnt      = 25,
    .right_class_cnt     = 27,
};

/*--------------------
 *  ALL CUSTOM DATA
 *--------------------*/

#if LVGL_VERSION_MAJOR == 8
/*Store all the custom data of the font*/
static  lv_font_fmt_txt_glyph_cache_t cache;
#endif

#if LVGL_VERSION_MAJOR >= 8
static const lv_font_fmt_txt_dsc_t font_dsc = {
#else
static lv_font_fmt_txt_dsc_t font_dsc = {
#endif
    .glyph_bitmap = glyph_bitmap,
    .glyph_dsc = glyph_dsc,
    .cmaps = cmaps,
    .kern_dsc = &kern_classes,
    .kern_scale = 16,
    .cmap_num = 2,
    .bpp = 4,
    .kern_classes = 1,
    .bitmap_format = 0,
#if LVGL_VERSION_MAJOR == 8
    .cache = &cache
#endif

};



/*-----------------
 *  PUBLIC FONT
 *----------------*/

/*Initialize a public general font descriptor*/
#if LVGL_VERSION_MAJOR >= 8
const lv_font_t font_h2_data = {
#else
lv_font_t font_h2_data = {
#endif
    .get_glyph_dsc = lv_font_get_glyph_dsc_fmt_txt,    /*Function pointer to get glyph's data*/
    .get_glyph_bitmap = lv_font_get_bitmap_fmt_txt,    /*Function pointer to get glyph's bitmap*/
    .line_height = 37,          /*The maximum line height required by the font*/
    .base_line = 7,             /*Baseline measured from the bottom of the line*/
#if LV_VERSION_CHECK(9, 6, 0) || LVGL_VERSION_MAJOR >= 10
    .cap_height = 24,           /*Cap height of the font*/
    .x_height = 18,               /*x-height of the font*/
#endif
#if !(LVGL_VERSION_MAJOR == 6 && LVGL_VERSION_MINOR == 0)
    .subpx = LV_FONT_SUBPX_NONE,
#endif
#if LV_VERSION_CHECK(7, 4, 0) || LVGL_VERSION_MAJOR >= 8
    .underline_position = -3,
    .underline_thickness = 2,
#endif

#if LV_VERSION_CHECK(9, 3, 0)
    .static_bitmap = 1,    /*Bitmaps are stored as const so they are always static if not compressed */
#endif

    .dsc = &font_dsc,          /*The custom font data. Will be accessed by `get_glyph_bitmap/dsc` */
#if LV_VERSION_CHECK(8, 2, 0) || LVGL_VERSION_MAJOR >= 9
    .fallback = NULL,
#endif
    .user_data = NULL,
};



#endif /*#if FONT_H2_DATA*/
