/*******************************************************************************
 * Size: 60 px
 * Bpp: 4
 * Opts: --font /fonts/Montserrat-Bold.ttf -o /fonts/font_h1_data.c --size 60 --bpp 4 --format lvgl --no-compress --symbols °—• --range 0x20-0x7F
 ******************************************************************************/

#ifdef __has_include
    #if __has_include("lvgl.h")
        #ifndef LV_LVGL_H_INCLUDE_SIMPLE
            #define LV_LVGL_H_INCLUDE_SIMPLE
        #endif
    #endif
#endif

#ifdef LV_LVGL_H_INCLUDE_SIMPLE
    #include "lvgl.h"
#else
    #include "lvgl/lvgl.h"
#endif



#ifndef FONT_H1_DATA
#define FONT_H1_DATA 1
#endif

#if FONT_H1_DATA

/*-----------------
 *    BITMAPS
 *----------------*/

/*Store the image of the glyphs*/
static LV_ATTRIBUTE_LARGE_CONST const uint8_t glyph_bitmap[] = {
    /* U+0020 " " */

    /* U+0021 "!" */
    0x0d, 0xff, 0xff, 0xff, 0xff, 0xff, 0x30, 0xcf,
    0xff, 0xff, 0xff, 0xff, 0xf2, 0x0b, 0xff, 0xff,
    0xff, 0xff, 0xff, 0x10, 0xaf, 0xff, 0xff, 0xff,
    0xff, 0xf0, 0x09, 0xff, 0xff, 0xff, 0xff, 0xff,
    0x00, 0x8f, 0xff, 0xff, 0xff, 0xff, 0xe0, 0x07,
    0xff, 0xff, 0xff, 0xff, 0xfd, 0x00, 0x5f, 0xff,
    0xff, 0xff, 0xff, 0xc0, 0x04, 0xff, 0xff, 0xff,
    0xff, 0xfb, 0x00, 0x3f, 0xff, 0xff, 0xff, 0xff,
    0xa0, 0x02, 0xff, 0xff, 0xff, 0xff, 0xf9, 0x00,
    0x1f, 0xff, 0xff, 0xff, 0xff, 0x80, 0x00, 0xff,
    0xff, 0xff, 0xff, 0xf7, 0x00, 0x0f, 0xff, 0xff,
    0xff, 0xff, 0x50, 0x00, 0xef, 0xff, 0xff, 0xff,
    0xf4, 0x00, 0x0d, 0xff, 0xff, 0xff, 0xff, 0x30,
    0x00, 0xcf, 0xff, 0xff, 0xff, 0xf2, 0x00, 0x0b,
    0xff, 0xff, 0xff, 0xff, 0x10, 0x00, 0xaf, 0xff,
    0xff, 0xff, 0xf0, 0x00, 0x09, 0xff, 0xff, 0xff,
    0xff, 0x00, 0x00, 0x7f, 0xff, 0xff, 0xff, 0xe0,
    0x00, 0x06, 0xff, 0xff, 0xff, 0xfd, 0x00, 0x00,
    0x5f, 0xff, 0xff, 0xff, 0xc0, 0x00, 0x04, 0xff,
    0xff, 0xff, 0xfb, 0x00, 0x00, 0x3f, 0xff, 0xff,
    0xff, 0xa0, 0x00, 0x02, 0xff, 0xff, 0xff, 0xf8,
    0x00, 0x00, 0x1f, 0xff, 0xff, 0xff, 0x70, 0x00,
    0x00, 0x99, 0x99, 0x99, 0x94, 0x00, 0x00, 0x00,
    0x00, 0x00, 0x00, 0x00, 0x00, 0x00, 0x00, 0x00,
    0x00, 0x00, 0x00, 0x00, 0x00, 0x00, 0x00, 0x00,
    0x00, 0x00, 0x00, 0x17, 0xcd, 0xc9, 0x30, 0x00,
    0x00, 0x4e, 0xff, 0xff, 0xff, 0x90, 0x00, 0x2f,
    0xff, 0xff, 0xff, 0xff, 0x80, 0x0a, 0xff, 0xff,
    0xff, 0xff, 0xff, 0x10, 0xff, 0xff, 0xff, 0xff,
    0xff, 0xf5, 0x0f, 0xff, 0xff, 0xff, 0xff, 0xff,
    0x60, 0xff, 0xff, 0xff, 0xff, 0xff, 0xf5, 0x0a,
    0xff, 0xff, 0xff, 0xff, 0xff, 0x10, 0x2f, 0xff,
    0xff, 0xff, 0xff, 0x80, 0x00, 0x4f, 0xff, 0xff,
    0xff, 0xa0, 0x00, 0x00, 0x29, 0xef, 0xeb, 0x50,
    0x00,

    /* U+0022 "\"" */
    0x0f, 0xff, 0xff, 0xff, 0xe0, 0x00, 0x0b, 0xff,
    0xff, 0xff, 0xf4, 0x0f, 0xff, 0xff, 0xff, 0xd0,
    0x00, 0x0a, 0xff, 0xff, 0xff, 0xf3, 0x0f, 0xff,
    0xff, 0xff, 0xd0, 0x00, 0x09, 0xff, 0xff, 0xff,
    0xf2, 0x0f, 0xff, 0xff, 0xff, 0xc0, 0x00, 0x09,
    0xff, 0xff, 0xff, 0xf2, 0x0e, 0xff, 0xff, 0xff,
    0xb0, 0x00, 0x08, 0xff, 0xff, 0xff, 0xf1, 0x0d,
    0xff, 0xff, 0xff, 0xb0, 0x00, 0x08, 0xff, 0xff,
    0xff, 0xf1, 0x0d, 0xff, 0xff, 0xff, 0xa0, 0x00,
    0x07, 0xff, 0xff, 0xff, 0xf0, 0x0c, 0xff, 0xff,
    0xff, 0xa0, 0x00, 0x07, 0xff, 0xff, 0xff, 0xf0,
    0x0c, 0xff, 0xff, 0xff, 0x90, 0x00, 0x06, 0xff,
    0xff, 0xff, 0xf0, 0x0b, 0xff, 0xff, 0xff, 0x80,
    0x00, 0x05, 0xff, 0xff, 0xff, 0xe0, 0x0b, 0xff,
    0xff, 0xff, 0x80, 0x00, 0x05, 0xff, 0xff, 0xff,
    0xe0, 0x0a, 0xff, 0xff, 0xff, 0x70, 0x00, 0x04,
    0xff, 0xff, 0xff, 0xd0, 0x09, 0xff, 0xff, 0xff,
    0x70, 0x00, 0x04, 0xff, 0xff, 0xff, 0xc0, 0x09,
    0xff, 0xff, 0xff, 0x60, 0x00, 0x03, 0xff, 0xff,
    0xff, 0xc0, 0x08, 0xff, 0xff, 0xff, 0x50, 0x00,
    0x03, 0xff, 0xff, 0xff, 0xb0, 0x08, 0xff, 0xff,
    0xff, 0x50, 0x00, 0x02, 0xff, 0xff, 0xff, 0xb0,
    0x07, 0xff, 0xff, 0xff, 0x40, 0x00, 0x01, 0xff,
    0xff, 0xff, 0xa0, 0x01, 0x22, 0x22, 0x22, 0x00,
    0x00, 0x00, 0x22, 0x22, 0x22, 0x10,

    /* U+0023 "#" */
    0x00, 0x00, 0x00, 0x00, 0x00, 0x00, 0xff, 0xff,
    0xff, 0xb0, 0x00, 0x00, 0x00, 0x07, 0xff, 0xff,
    0xff, 0x40, 0x00, 0x00, 0x00, 0x00, 0x00, 0x00,
    0x00, 0x00, 0x2f, 0xff, 0xff, 0xf9, 0x00, 0x00,
    0x00, 0x00, 0x9f, 0xff, 0xff, 0xf2, 0x00, 0x00,
    0x00, 0x00, 0x00, 0x00, 0x00, 0x00, 0x04, 0xff,
    0xff, 0xff, 0x70, 0x00, 0x00, 0x00, 0x0b, 0xff,
    0xff, 0xff, 0x00, 0x00, 0x00, 0x00, 0x00, 0x00,
    0x00, 0x00, 0x00, 0x6f, 0xff, 0xff, 0xf5, 0x00,
    0x00, 0x00, 0x00, 0xdf, 0xff, 0xff, 0xe0, 0x00,
    0x00, 0x00, 0x00, 0x00, 0x00, 0x00, 0x00, 0x08,
    0xff, 0xff, 0xff, 0x30, 0x00, 0x00, 0x00, 0x0f,
    0xff, 0xff, 0xfb, 0x00, 0x00, 0x00, 0x00, 0x00,
    0x00, 0x00, 0x00, 0x00, 0xaf, 0xff, 0xff, 0xf0,
    0x00, 0x00, 0x00, 0x01, 0xff, 0xff, 0xff, 0x90,
    0x00, 0x00, 0x00, 0x00, 0x00, 0x00, 0x00, 0x00,
    0x0c, 0xff, 0xff, 0xfe, 0x00, 0x00, 0x00, 0x00,
    0x3f, 0xff, 0xff, 0xf7, 0x00, 0x00, 0x00, 0x00,
    0x00, 0x00, 0x00, 0x00, 0x00, 0xef, 0xff, 0xff,
    0xc0, 0x00, 0x00, 0x00, 0x06, 0xff, 0xff, 0xff,
    0x50, 0x00, 0x00, 0x00, 0x00, 0x00, 0x00, 0x00,
    0x00, 0x0f, 0xff, 0xff, 0xfa, 0x00, 0x00, 0x00,
    0x00, 0x8f, 0xff, 0xff, 0xf3, 0x00, 0x00, 0x00,
    0x00, 0x0c, 0xff, 0xff, 0xff, 0xff, 0xff, 0xff,
    0xff, 0xff, 0xff, 0xff, 0xff, 0xff, 0xff, 0xff,
    0xff, 0xff, 0xff, 0xff, 0xff, 0x00, 0xcf, 0xff,
    0xff, 0xff, 0xff, 0xff, 0xff, 0xff, 0xff, 0xff,
    0xff, 0xff, 0xff, 0xff, 0xff, 0xff, 0xff, 0xff,
    0xff, 0xf0, 0x0c, 0xff, 0xff, 0xff, 0xff, 0xff,
    0xff, 0xff, 0xff, 0xff, 0xff, 0xff, 0xff, 0xff,
    0xff, 0xff, 0xff, 0xff, 0xff, 0xff, 0x00, 0xcf,
    0xff, 0xff, 0xff, 0xff, 0xff, 0xff, 0xff, 0xff,
    0xff, 0xff, 0xff, 0xff, 0xff, 0xff, 0xff, 0xff,
    0xff, 0xff, 0xf0, 0x0c, 0xff, 0xff, 0xff, 0xff,
    0xff, 0xff, 0xff, 0xff, 0xff, 0xff, 0xff, 0xff,
    0xff, 0xff, 0xff, 0xff, 0xff, 0xff, 0xff, 0x00,
    0xcf, 0xff, 0xff, 0xff, 0xff, 0xff, 0xff, 0xff,
    0xff, 0xff, 0xff, 0xff, 0xff, 0xff, 0xff, 0xff,
    0xff, 0xff, 0xff, 0xf0, 0x07, 0x99, 0x99, 0x99,
    0x9f, 0xff, 0xff, 0xfe, 0x99, 0x99, 0x99, 0x99,
    0xbf, 0xff, 0xff, 0xfb, 0x99, 0x99, 0x99, 0x99,
    0x00, 0x00, 0x00, 0x00, 0x01, 0xff, 0xff, 0xff,
    0xb0, 0x00, 0x00, 0x00, 0x07, 0xff, 0xff, 0xff,
    0x40, 0x00, 0x00, 0x00, 0x00, 0x00, 0x00, 0x00,
    0x00, 0x2f, 0xff, 0xff, 0xf9, 0x00, 0x00, 0x00,
    0x00, 0x9f, 0xff, 0xff, 0xf2, 0x00, 0x00, 0x00,
    0x00, 0x00, 0x00, 0x00, 0x00, 0x04, 0xff, 0xff,
    0xff, 0x70, 0x00, 0x00, 0x00, 0x0b, 0xff, 0xff,
    0xff, 0x00, 0x00, 0x00, 0x00, 0x00, 0x00, 0x00,
    0x00, 0x00, 0x6f, 0xff, 0xff, 0xf5, 0x00, 0x00,
    0x00, 0x00, 0xdf, 0xff, 0xff, 0xe0, 0x00, 0x00,
    0x00, 0x00, 0x00, 0x00, 0x00, 0x00, 0x08, 0xff,
    0xff, 0xff, 0x40, 0x00, 0x00, 0x00, 0x0e, 0xff,
    0xff, 0xfc, 0x00, 0x00, 0x00, 0x00, 0x00, 0x00,
    0x00, 0x00, 0x00, 0xaf, 0xff, 0xff, 0xf2, 0x00,
    0x00, 0x00, 0x00, 0xff, 0xff, 0xff, 0xa0, 0x00,
    0x00, 0x00, 0x00, 0x00, 0x00, 0x00, 0x00, 0x0c,
    0xff, 0xff, 0xff, 0x00, 0x00, 0x00, 0x00, 0x2f,
    0xff, 0xff, 0xf8, 0x00, 0x00, 0x00, 0x00, 0x00,
    0x00, 0x00, 0x00, 0x00, 0xdf, 0xff, 0xff, 0xe0,
    0x00, 0x00, 0x00, 0x04, 0xff, 0xff, 0xff, 0x70,
    0x00, 0x00, 0x00, 0x00, 0x00, 0x00, 0x00, 0x00,
    0x0f, 0xff, 0xff, 0xfc, 0x00, 0x00, 0x00, 0x00,
    0x6f, 0xff, 0xff, 0xf5, 0x00, 0x00, 0x00, 0x00,
    0x00, 0x00, 0x00, 0x00, 0x01, 0xff, 0xff, 0xff,
    0xa0, 0x00, 0x00, 0x00, 0x08, 0xff, 0xff, 0xff,
    0x30, 0x00, 0x00, 0x00, 0x00, 0xcf, 0xff, 0xff,
    0xff, 0xff, 0xff, 0xff, 0xff, 0xff, 0xff, 0xff,
    0xff, 0xff, 0xff, 0xff, 0xff, 0xff, 0xff, 0xff,
    0xf0, 0x0c, 0xff, 0xff, 0xff, 0xff, 0xff, 0xff,
    0xff, 0xff, 0xff, 0xff, 0xff, 0xff, 0xff, 0xff,
    0xff, 0xff, 0xff, 0xff, 0xff, 0x00, 0xcf, 0xff,
    0xff, 0xff, 0xff, 0xff, 0xff, 0xff, 0xff, 0xff,
    0xff, 0xff, 0xff, 0xff, 0xff, 0xff, 0xff, 0xff,
    0xff, 0xf0, 0x0c, 0xff, 0xff, 0xff, 0xff, 0xff,
    0xff, 0xff, 0xff, 0xff, 0xff, 0xff, 0xff, 0xff,
    0xff, 0xff, 0xff, 0xff, 0xff, 0xff, 0x00, 0xcf,
    0xff, 0xff, 0xff, 0xff, 0xff, 0xff, 0xff, 0xff,
    0xff, 0xff, 0xff, 0xff, 0xff, 0xff, 0xff, 0xff,
    0xff, 0xff, 0xf0, 0x0c, 0xff, 0xff, 0xff, 0xff,
    0xff, 0xff, 0xff, 0xff, 0xff, 0xff, 0xff, 0xff,
    0xff, 0xff, 0xff, 0xff, 0xff, 0xff, 0xff, 0x00,
    0x79, 0x99, 0x99, 0x99, 0xff, 0xff, 0xff, 0xe9,
    0x99, 0x99, 0x99, 0x9c, 0xff, 0xff, 0xff, 0xb9,
    0x99, 0x99, 0x99, 0x80, 0x00, 0x00, 0x00, 0x00,
    0x0f, 0xff, 0xff, 0xfa, 0x00, 0x00, 0x00, 0x00,
    0x8f, 0xff, 0xff, 0xf4, 0x00, 0x00, 0x00, 0x00,
    0x00, 0x00, 0x00, 0x00, 0x02, 0xff, 0xff, 0xff,
    0x80, 0x00, 0x00, 0x00, 0x0a, 0xff, 0xff, 0xff,
    0x20, 0x00, 0x00, 0x00, 0x00, 0x00, 0x00, 0x00,
    0x00, 0x5f, 0xff, 0xff, 0xf6, 0x00, 0x00, 0x00,
    0x00, 0xcf, 0xff, 0xff, 0xf0, 0x00, 0x00, 0x00,
    0x00, 0x00, 0x00, 0x00, 0x00, 0x07, 0xff, 0xff,
    0xff, 0x40, 0x00, 0x00, 0x00, 0x0e, 0xff, 0xff,
    0xfe, 0x00, 0x00, 0x00, 0x00, 0x00, 0x00, 0x00,
    0x00, 0x00, 0x9f, 0xff, 0xff, 0xf2, 0x00, 0x00,
    0x00, 0x00, 0xff, 0xff, 0xff, 0xc0, 0x00, 0x00,
    0x00, 0x00, 0x00, 0x00, 0x00, 0x00, 0x0b, 0xff,
    0xff, 0xff, 0x00, 0x00, 0x00, 0x00, 0x2f, 0xff,
    0xff, 0xfa, 0x00, 0x00, 0x00, 0x00, 0x00, 0x00,
    0x00, 0x00, 0x00, 0xdf, 0xff, 0xff, 0xe0, 0x00,
    0x00, 0x00, 0x04, 0xff, 0xff, 0xff, 0x80, 0x00,
    0x00, 0x00, 0x00, 0x00, 0x00, 0x00, 0x00, 0x0f,
    0xff, 0xff, 0xfc, 0x00, 0x00, 0x00, 0x00, 0x6f,
    0xff, 0xff, 0xf6, 0x00, 0x00, 0x00, 0x00, 0x00,
    0x00, 0x00, 0x00, 0x01, 0xff, 0xff, 0xff, 0xa0,
    0x00, 0x00, 0x00, 0x08, 0xff, 0xff, 0xff, 0x40,
    0x00, 0x00, 0x00, 0x00, 0x00,

    /* U+0024 "$" */
    0x00, 0x00, 0x00, 0x00, 0x00, 0x00, 0x00, 0x08,
    0xff, 0xff, 0xf8, 0x00, 0x00, 0x00, 0x00, 0x00,
    0x00, 0x00, 0x00, 0x00, 0x00, 0x00, 0x00, 0x00,
    0x00, 0x08, 0xff, 0xff, 0xf8, 0x00, 0x00, 0x00,
    0x00, 0x00, 0x00, 0x00, 0x00, 0x00, 0x00, 0x00,
    0x00, 0x00, 0x00, 0x08, 0xff, 0xff, 0xf8, 0x00,
    0x00, 0x00, 0x00, 0x00, 0x00, 0x00, 0x00, 0x00,
    0x00, 0x00, 0x00, 0x00, 0x00, 0x08, 0xff, 0xff,
    0xf8, 0x00, 0x00, 0x00, 0x00, 0x00, 0x00, 0x00,
    0x00, 0x00, 0x00, 0x00, 0x00, 0x00, 0x00, 0x08,
    0xff, 0xff, 0xf8, 0x00, 0x00, 0x00, 0x00, 0x00,
    0x00, 0x00, 0x00, 0x00, 0x00, 0x00, 0x00, 0x00,
    0x00, 0x08, 0xff, 0xff, 0xf8, 0x00, 0x00, 0x00,
    0x00, 0x00, 0x00, 0x00, 0x00, 0x00, 0x00, 0x00,
    0x00, 0x00, 0x00, 0x08, 0xff, 0xff, 0xf8, 0x00,
    0x00, 0x00, 0x00, 0x00, 0x00, 0x00, 0x00, 0x00,
    0x00, 0x00, 0x00, 0x00, 0x03, 0x5b, 0xff, 0xff,
    0xfb, 0x65, 0x41, 0x00, 0x00, 0x00, 0x00, 0x00,
    0x00, 0x00, 0x00, 0x00, 0x01, 0x6b, 0xff, 0xff,
    0xff, 0xff, 0xff, 0xff, 0xff, 0xea, 0x61, 0x00,
    0x00, 0x00, 0x00, 0x00, 0x00, 0x01, 0x9f, 0xff,
    0xff, 0xff, 0xff, 0xff, 0xff, 0xff, 0xff, 0xff,
    0xff, 0xa4, 0x00, 0x00, 0x00, 0x00, 0x00, 0x5e,
    0xff, 0xff, 0xff, 0xff, 0xff, 0xff, 0xff, 0xff,
    0xff, 0xff, 0xff, 0xff, 0xb3, 0x00, 0x00, 0x00,
    0x09, 0xff, 0xff, 0xff, 0xff, 0xff, 0xff, 0xff,
    0xff, 0xff, 0xff, 0xff, 0xff, 0xff, 0xf9, 0x00,
    0x00, 0x00, 0x9f, 0xff, 0xff, 0xff, 0xff, 0xff,
    0xff, 0xff, 0xff, 0xff, 0xff, 0xff, 0xff, 0xff,
    0xf2, 0x00, 0x00, 0x06, 0xff, 0xff, 0xff, 0xff,
    0xff, 0xff, 0xff, 0xff, 0xff, 0xff, 0xff, 0xff,
    0xff, 0xff, 0xb0, 0x00, 0x00, 0x1f, 0xff, 0xff,
    0xff, 0xff, 0xff, 0xff, 0xff, 0xff, 0xff, 0xff,
    0xff, 0xff, 0xff, 0xff, 0x50, 0x00, 0x00, 0x8f,
    0xff, 0xff, 0xff, 0xff, 0xff, 0xab, 0xff, 0xff,
    0xf9, 0x47, 0xbf, 0xff, 0xff, 0xfe, 0x00, 0x00,
    0x00, 0xef, 0xff, 0xff, 0xff, 0xff, 0xb1, 0x08,
    0xff, 0xff, 0xf8, 0x00, 0x00, 0x5b, 0xff, 0xf8,
    0x00, 0x00, 0x02, 0xff, 0xff, 0xff, 0xff, 0xfd,
    0x00, 0x08, 0xff, 0xff, 0xf8, 0x00, 0x00, 0x00,
    0x19, 0xf1, 0x00, 0x00, 0x05, 0xff, 0xff, 0xff,
    0xff, 0xf6, 0x00, 0x08, 0xff, 0xff, 0xf8, 0x00,
    0x00, 0x00, 0x00, 0x10, 0x00, 0x00, 0x07, 0xff,
    0xff, 0xff, 0xff, 0xf3, 0x00, 0x08, 0xff, 0xff,
    0xf8, 0x00, 0x00, 0x00, 0x00, 0x00, 0x00, 0x00,
    0x07, 0xff, 0xff, 0xff, 0xff, 0xf4, 0x00, 0x08,
    0xff, 0xff, 0xf8, 0x00, 0x00, 0x00, 0x00, 0x00,
    0x00, 0x00, 0x06, 0xff, 0xff, 0xff, 0xff, 0xfb,
    0x00, 0x08, 0xff, 0xff, 0xf8, 0x00, 0x00, 0x00,
    0x00, 0x00, 0x00, 0x00, 0x04, 0xff, 0xff, 0xff,
    0xff, 0xff, 0xc2, 0x08, 0xff, 0xff, 0xf8, 0x00,
    0x00, 0x00, 0x00, 0x00, 0x00, 0x00, 0x00, 0xff,
    0xff, 0xff, 0xff, 0xff, 0xff, 0xaa, 0xff, 0xff,
    0xf8, 0x00, 0x00, 0x00, 0x00, 0x00, 0x00, 0x00,
    0x00, 0xbf, 0xff, 0xff, 0xff, 0xff, 0xff, 0xff,
    0xff, 0xff, 0xf8, 0x00, 0x00, 0x00, 0x00, 0x00,
    0x00, 0x00, 0x00, 0x3f, 0xff, 0xff, 0xff, 0xff,
    0xff, 0xff, 0xff, 0xff, 0xfd, 0x84, 0x00, 0x00,
    0x00, 0x00, 0x00, 0x00, 0x00, 0x07, 0xff, 0xff,
    0xff, 0xff, 0xff, 0xff, 0xff, 0xff, 0xff, 0xff,
    0xfb, 0x61, 0x00, 0x00, 0x00, 0x00, 0x00, 0x00,
    0x9f, 0xff, 0xff, 0xff, 0xff, 0xff, 0xff, 0xff,
    0xff, 0xff, 0xff, 0xff, 0xa3, 0x00, 0x00, 0x00,
    0x00, 0x00, 0x07, 0xff, 0xff, 0xff, 0xff, 0xff,
    0xff, 0xff, 0xff, 0xff, 0xff, 0xff, 0xff, 0xa1,
    0x00, 0x00, 0x00, 0x00, 0x00, 0x2b, 0xff, 0xff,
    0xff, 0xff, 0xff, 0xff, 0xff, 0xff, 0xff, 0xff,
    0xff, 0xfe, 0x20, 0x00, 0x00, 0x00, 0x00, 0x00,
    0x39, 0xff, 0xff, 0xff, 0xff, 0xff, 0xff, 0xff,
    0xff, 0xff, 0xff, 0xff, 0xf2, 0x00, 0x00, 0x00,
    0x00, 0x00, 0x00, 0x04, 0x8d, 0xff, 0xff, 0xff,
    0xff, 0xff, 0xff, 0xff, 0xff, 0xff, 0xfd, 0x00,
    0x00, 0x00, 0x00, 0x00, 0x00, 0x00, 0x00, 0x1a,
    0xff, 0xff, 0xff, 0xff, 0xff, 0xff, 0xff, 0xff,
    0xff, 0x80, 0x00, 0x00, 0x00, 0x00, 0x00, 0x00,
    0x00, 0x08, 0xff, 0xff, 0xff, 0xff, 0xff, 0xff,
    0xff, 0xff, 0xff, 0xf0, 0x00, 0x00, 0x00, 0x00,
    0x00, 0x00, 0x00, 0x08, 0xff, 0xff, 0xf8, 0x4b,
    0xff, 0xff, 0xff, 0xff, 0xff, 0xf4, 0x00, 0x00,
    0x00, 0x00, 0x00, 0x00, 0x00, 0x08, 0xff, 0xff,
    0xf8, 0x00, 0x5f, 0xff, 0xff, 0xff, 0xff, 0xf7,
    0x00, 0x00, 0x00, 0x00, 0x00, 0x00, 0x00, 0x08,
    0xff, 0xff, 0xf8, 0x00, 0x07, 0xff, 0xff, 0xff,
    0xff, 0xf8, 0x00, 0x00, 0x00, 0x00, 0x00, 0x00,
    0x00, 0x08, 0xff, 0xff, 0xf8, 0x00, 0x02, 0xff,
    0xff, 0xff, 0xff, 0xf9, 0x00, 0x02, 0x80, 0x00,
    0x00, 0x00, 0x00, 0x08, 0xff, 0xff, 0xf8, 0x00,
    0x01, 0xff, 0xff, 0xff, 0xff, 0xf8, 0x00, 0x0a,
    0xfe, 0x50, 0x00, 0x00, 0x00, 0x08, 0xff, 0xff,
    0xf8, 0x00, 0x06, 0xff, 0xff, 0xff, 0xff, 0xf5,
    0x00, 0x1f, 0xff, 0xfd, 0x71, 0x00, 0x00, 0x08,
    0xff, 0xff, 0xf8, 0x00, 0x2e, 0xff, 0xff, 0xff,
    0xff, 0xf2, 0x00, 0x8f, 0xff, 0xff, 0xff, 0xb7,
    0x20, 0x08, 0xff, 0xff, 0xf8, 0x28, 0xff, 0xff,
    0xff, 0xff, 0xff, 0xc0, 0x00, 0xff, 0xff, 0xff,
    0xff, 0xff, 0xff, 0xdd, 0xff, 0xff, 0xff, 0xff,
    0xff, 0xff, 0xff, 0xff, 0xff, 0x50, 0x07, 0xff,
    0xff, 0xff, 0xff, 0xff, 0xff, 0xff, 0xff, 0xff,
    0xff, 0xff, 0xff, 0xff, 0xff, 0xff, 0xfb, 0x00,
    0x0e, 0xff, 0xff, 0xff, 0xff, 0xff, 0xff, 0xff,
    0xff, 0xff, 0xff, 0xff, 0xff, 0xff, 0xff, 0xff,
    0xe1, 0x00, 0x1e, 0xff, 0xff, 0xff, 0xff, 0xff,
    0xff, 0xff, 0xff, 0xff, 0xff, 0xff, 0xff, 0xff,
    0xff, 0xfe, 0x20, 0x00, 0x01, 0x9f, 0xff, 0xff,
    0xff, 0xff, 0xff, 0xff, 0xff, 0xff, 0xff, 0xff,
    0xff, 0xff, 0xff, 0xc1, 0x00, 0x00, 0x00, 0x02,
    0xaf, 0xff, 0xff, 0xff, 0xff, 0xff, 0xff, 0xff,
    0xff, 0xff, 0xff, 0xff, 0xe7, 0x00, 0x00, 0x00,
    0x00, 0x00, 0x01, 0x7c, 0xff, 0xff, 0xff, 0xff,
    0xff, 0xff, 0xff, 0xff, 0xff, 0xd7, 0x00, 0x00,
    0x00, 0x00, 0x00, 0x00, 0x00, 0x00, 0x15, 0x8b,
    0xde, 0xff, 0xff, 0xff, 0xff, 0xca, 0x62, 0x00,
    0x00, 0x00, 0x00, 0x00, 0x00, 0x00, 0x00, 0x00,
    0x00, 0x00, 0x00, 0x08, 0xff, 0xff, 0xf8, 0x00,
    0x00, 0x00, 0x00, 0x00, 0x00, 0x00, 0x00, 0x00,
    0x00, 0x00, 0x00, 0x00, 0x00, 0x08, 0xff, 0xff,
    0xf8, 0x00, 0x00, 0x00, 0x00, 0x00, 0x00, 0x00,
    0x00, 0x00, 0x00, 0x00, 0x00, 0x00, 0x00, 0x08,
    0xff, 0xff, 0xf8, 0x00, 0x00, 0x00, 0x00, 0x00,
    0x00, 0x00, 0x00, 0x00, 0x00, 0x00, 0x00, 0x00,
    0x00, 0x08, 0xff, 0xff, 0xf8, 0x00, 0x00, 0x00,
    0x00, 0x00, 0x00, 0x00, 0x00, 0x00, 0x00, 0x00,
    0x00, 0x00, 0x00, 0x08, 0xff, 0xff, 0xf8, 0x00,
    0x00, 0x00, 0x00, 0x00, 0x00, 0x00, 0x00, 0x00,
    0x00, 0x00, 0x00, 0x00, 0x00, 0x08, 0xff, 0xff,
    0xf8, 0x00, 0x00, 0x00, 0x00, 0x00, 0x00, 0x00,
    0x00, 0x00, 0x00, 0x00, 0x00, 0x00, 0x00, 0x06,
    0xcc, 0xcc, 0xc6, 0x00, 0x00, 0x00, 0x00, 0x00,
    0x00, 0x00,

    /* U+0025 "%" */
    0x00, 0x00, 0x00, 0x00, 0x35, 0x77, 0x53, 0x00,
    0x00, 0x00, 0x00, 0x00, 0x00, 0x00, 0x00, 0x00,
    0x00, 0x00, 0x00, 0x00, 0x00, 0x00, 0x00, 0x00,
    0x00, 0x00, 0x00, 0x01, 0x8e, 0xff, 0xff, 0xff,
    0xe9, 0x10, 0x00, 0x00, 0x00, 0x00, 0x00, 0x00,
    0x00, 0x00, 0x04, 0xff, 0xff, 0xff, 0xd0, 0x00,
    0x00, 0x00, 0x00, 0x00, 0x4e, 0xff, 0xff, 0xff,
    0xff, 0xff, 0xf5, 0x00, 0x00, 0x00, 0x00, 0x00,
    0x00, 0x00, 0x00, 0x0e, 0xff, 0xff, 0xff, 0x30,
    0x00, 0x00, 0x00, 0x00, 0x05, 0xff, 0xff, 0xff,
    0xff, 0xff, 0xff, 0xff, 0x70, 0x00, 0x00, 0x00,
    0x00, 0x00, 0x00, 0x00, 0xaf, 0xff, 0xff, 0xf8,
    0x00, 0x00, 0x00, 0x00, 0x00, 0x3f, 0xff, 0xff,
    0xff, 0xff, 0xff, 0xff, 0xff, 0xf4, 0x00, 0x00,
    0x00, 0x00, 0x00, 0x00, 0x05, 0xff, 0xff, 0xff,
    0xc0, 0x00, 0x00, 0x00, 0x00, 0x00, 0xdf, 0xff,
    0xff, 0xfc, 0x87, 0xbf, 0xff, 0xff, 0xfe, 0x00,
    0x00, 0x00, 0x00, 0x00, 0x00, 0x1e, 0xff, 0xff,
    0xff, 0x20, 0x00, 0x00, 0x00, 0x00, 0x05, 0xff,
    0xff, 0xff, 0x60, 0x00, 0x04, 0xff, 0xff, 0xff,
    0x60, 0x00, 0x00, 0x00, 0x00, 0x00, 0xaf, 0xff,
    0xff, 0xf7, 0x00, 0x00, 0x00, 0x00, 0x00, 0x0b,
    0xff, 0xff, 0xf9, 0x00, 0x00, 0x00, 0x7f, 0xff,
    0xff, 0xc0, 0x00, 0x00, 0x00, 0x00, 0x05, 0xff,
    0xff, 0xff, 0xc0, 0x00, 0x00, 0x00, 0x00, 0x00,
    0x0f, 0xff, 0xff, 0xf2, 0x00, 0x00, 0x00, 0x0f,
    0xff, 0xff, 0xf1, 0x00, 0x00, 0x00, 0x00, 0x1e,
    0xff, 0xff, 0xff, 0x20, 0x00, 0x00, 0x00, 0x00,
    0x00, 0x3f, 0xff, 0xff, 0xe0, 0x00, 0x00, 0x00,
    0x0c, 0xff, 0xff, 0xf4, 0x00, 0x00, 0x00, 0x00,
    0xbf, 0xff, 0xff, 0xf6, 0x00, 0x00, 0x00, 0x00,
    0x00, 0x00, 0x4f, 0xff, 0xff, 0xc0, 0x00, 0x00,
    0x00, 0x0a, 0xff, 0xff, 0xf5, 0x00, 0x00, 0x00,
    0x06, 0xff, 0xff, 0xff, 0xb0, 0x00, 0x00, 0x00,
    0x00, 0x00, 0x00, 0x5f, 0xff, 0xff, 0xb0, 0x00,
    0x00, 0x00, 0x09, 0xff, 0xff, 0xf6, 0x00, 0x00,
    0x00, 0x2f, 0xff, 0xff, 0xff, 0x10, 0x00, 0x00,
    0x00, 0x00, 0x00, 0x00, 0x5f, 0xff, 0xff, 0xb0,
    0x00, 0x00, 0x00, 0x09, 0xff, 0xff, 0xf6, 0x00,
    0x00, 0x00, 0xcf, 0xff, 0xff, 0xf5, 0x00, 0x00,
    0x00, 0x00, 0x00, 0x00, 0x00, 0x3f, 0xff, 0xff,
    0xc0, 0x00, 0x00, 0x00, 0x0b, 0xff, 0xff, 0xf4,
    0x00, 0x00, 0x07, 0xff, 0xff, 0xff, 0xa0, 0x00,
    0x00, 0x00, 0x00, 0x00, 0x00, 0x00, 0x1f, 0xff,
    0xff, 0xf0, 0x00, 0x00, 0x00, 0x0e, 0xff, 0xff,
    0xf2, 0x00, 0x00, 0x2f, 0xff, 0xff, 0xfe, 0x10,
    0x00, 0x00, 0x00, 0x00, 0x00, 0x00, 0x00, 0x0e,
    0xff, 0xff, 0xf5, 0x00, 0x00, 0x00, 0x3f, 0xff,
    0xff, 0xe0, 0x00, 0x00, 0xcf, 0xff, 0xff, 0xf5,
    0x00, 0x00, 0x00, 0x00, 0x00, 0x00, 0x00, 0x00,
    0x09, 0xff, 0xff, 0xfd, 0x10, 0x00, 0x00, 0xcf,
    0xff, 0xff, 0xa0, 0x00, 0x08, 0xff, 0xff, 0xff,
    0xa0, 0x00, 0x00, 0x00, 0x00, 0x00, 0x00, 0x00,
    0x00, 0x02, 0xff, 0xff, 0xff, 0xd4, 0x00, 0x3c,
    0xff, 0xff, 0xff, 0x30, 0x00, 0x3f, 0xff, 0xff,
    0xfe, 0x10, 0x00, 0x00, 0x00, 0x00, 0x00, 0x00,
    0x00, 0x00, 0x00, 0x9f, 0xff, 0xff, 0xff, 0xff,
    0xff, 0xff, 0xff, 0xfa, 0x00, 0x00, 0xdf, 0xff,
    0xff, 0xf4, 0x00, 0x00, 0x00, 0x00, 0x00, 0x00,
    0x00, 0x00, 0x00, 0x00, 0x0c, 0xff, 0xff, 0xff,
    0xff, 0xff, 0xff, 0xff, 0xd0, 0x00, 0x08, 0xff,
    0xff, 0xff, 0x90, 0x00, 0x00, 0x00, 0x00, 0x00,
    0x00, 0x00, 0x00, 0x00, 0x00, 0x01, 0xcf, 0xff,
    0xff, 0xff, 0xff, 0xff, 0xfc, 0x10, 0x00, 0x3f,
    0xff, 0xff, 0xfd, 0x00, 0x00, 0x03, 0x8c, 0xef,
    0xed, 0x94, 0x00, 0x00, 0x00, 0x00, 0x00, 0x08,
    0xff, 0xff, 0xff, 0xff, 0xff, 0x80, 0x00, 0x00,
    0xdf, 0xff, 0xff, 0xf3, 0x00, 0x02, 0xbf, 0xff,
    0xff, 0xff, 0xff, 0xc3, 0x00, 0x00, 0x00, 0x00,
    0x00, 0x16, 0xbd, 0xff, 0xeb, 0x71, 0x00, 0x00,
    0x09, 0xff, 0xff, 0xff, 0x80, 0x00, 0x4f, 0xff,
    0xff, 0xff, 0xff, 0xff, 0xff, 0x60, 0x00, 0x00,
    0x00, 0x00, 0x00, 0x00, 0x00, 0x00, 0x00, 0x00,
    0x00, 0x4f, 0xff, 0xff, 0xfd, 0x00, 0x03, 0xff,
    0xff, 0xff, 0xff, 0xff, 0xff, 0xff, 0xf5, 0x00,
    0x00, 0x00, 0x00, 0x00, 0x00, 0x00, 0x00, 0x00,
    0x00, 0x01, 0xef, 0xff, 0xff, 0xf3, 0x00, 0x0d,
    0xff, 0xff, 0xff, 0xff, 0xff, 0xff, 0xff, 0xff,
    0x20, 0x00, 0x00, 0x00, 0x00, 0x00, 0x00, 0x00,
    0x00, 0x00, 0x0a, 0xff, 0xff, 0xff, 0x70, 0x00,
    0x7f, 0xff, 0xff, 0xf9, 0x10, 0x17, 0xff, 0xff,
    0xff, 0xa0, 0x00, 0x00, 0x00, 0x00, 0x00, 0x00,
    0x00, 0x00, 0x00, 0x5f, 0xff, 0xff, 0xfc, 0x00,
    0x00, 0xef, 0xff, 0xff, 0x80, 0x00, 0x00, 0x5f,
    0xff, 0xff, 0xf2, 0x00, 0x00, 0x00, 0x00, 0x00,
    0x00, 0x00, 0x00, 0x01, 0xef, 0xff, 0xff, 0xf2,
    0x00, 0x04, 0xff, 0xff, 0xfe, 0x00, 0x00, 0x00,
    0x0c, 0xff, 0xff, 0xf7, 0x00, 0x00, 0x00, 0x00,
    0x00, 0x00, 0x00, 0x00, 0x0b, 0xff, 0xff, 0xff,
    0x70, 0x00, 0x08, 0xff, 0xff, 0xf8, 0x00, 0x00,
    0x00, 0x06, 0xff, 0xff, 0xfb, 0x00, 0x00, 0x00,
    0x00, 0x00, 0x00, 0x00, 0x00, 0x6f, 0xff, 0xff,
    0xfc, 0x00, 0x00, 0x0a, 0xff, 0xff, 0xf5, 0x00,
    0x00, 0x00, 0x03, 0xff, 0xff, 0xfd, 0x00, 0x00,
    0x00, 0x00, 0x00, 0x00, 0x00, 0x01, 0xff, 0xff,
    0xff, 0xf2, 0x00, 0x00, 0x0b, 0xff, 0xff, 0xf3,
    0x00, 0x00, 0x00, 0x01, 0xff, 0xff, 0xfe, 0x00,
    0x00, 0x00, 0x00, 0x00, 0x00, 0x00, 0x0b, 0xff,
    0xff, 0xff, 0x60, 0x00, 0x00, 0x0c, 0xff, 0xff,
    0xf3, 0x00, 0x00, 0x00, 0x01, 0xff, 0xff, 0xff,
    0x00, 0x00, 0x00, 0x00, 0x00, 0x00, 0x00, 0x6f,
    0xff, 0xff, 0xfb, 0x00, 0x00, 0x00, 0x0b, 0xff,
    0xff, 0xf3, 0x00, 0x00, 0x00, 0x01, 0xff, 0xff,
    0xfe, 0x00, 0x00, 0x00, 0x00, 0x00, 0x00, 0x02,
    0xff, 0xff, 0xff, 0xe1, 0x00, 0x00, 0x00, 0x0a,
    0xff, 0xff, 0xf5, 0x00, 0x00, 0x00, 0x03, 0xff,
    0xff, 0xfd, 0x00, 0x00, 0x00, 0x00, 0x00, 0x00,
    0x0c, 0xff, 0xff, 0xff, 0x50, 0x00, 0x00, 0x00,
    0x08, 0xff, 0xff, 0xf8, 0x00, 0x00, 0x00, 0x06,
    0xff, 0xff, 0xfb, 0x00, 0x00, 0x00, 0x00, 0x00,
    0x00, 0x7f, 0xff, 0xff, 0xfa, 0x00, 0x00, 0x00,
    0x00, 0x04, 0xff, 0xff, 0xfe, 0x00, 0x00, 0x00,
    0x0c, 0xff, 0xff, 0xf7, 0x00, 0x00, 0x00, 0x00,
    0x00, 0x02, 0xff, 0xff, 0xff, 0xe1, 0x00, 0x00,
    0x00, 0x00, 0x00, 0xef, 0xff, 0xff, 0x80, 0x00,
    0x00, 0x5f, 0xff, 0xff, 0xf2, 0x00, 0x00, 0x00,
    0x00, 0x00, 0x0d, 0xff, 0xff, 0xff, 0x40, 0x00,
    0x00, 0x00, 0x00, 0x00, 0x8f, 0xff, 0xff, 0xf9,
    0x10, 0x17, 0xff, 0xff, 0xff, 0xb0, 0x00, 0x00,
    0x00, 0x00, 0x00, 0x8f, 0xff, 0xff, 0xf9, 0x00,
    0x00, 0x00, 0x00, 0x00, 0x00, 0x1e, 0xff, 0xff,
    0xff, 0xff, 0xff, 0xff, 0xff, 0xff, 0x20, 0x00,
    0x00, 0x00, 0x00, 0x03, 0xff, 0xff, 0xff, 0xe0,
    0x00, 0x00, 0x00, 0x00, 0x00, 0x00, 0x03, 0xff,
    0xff, 0xff, 0xff, 0xff, 0xff, 0xff, 0xf6, 0x00,
    0x00, 0x00, 0x00, 0x00, 0x0d, 0xff, 0xff, 0xff,
    0x40, 0x00, 0x00, 0x00, 0x00, 0x00, 0x00, 0x00,
    0x4f, 0xff, 0xff, 0xff, 0xff, 0xff, 0xff, 0x60,
    0x00, 0x00, 0x00, 0x00, 0x00, 0x9f, 0xff, 0xff,
    0xf9, 0x00, 0x00, 0x00, 0x00, 0x00, 0x00, 0x00,
    0x00, 0x02, 0xbf, 0xff, 0xff, 0xff, 0xff, 0xd4,
    0x00, 0x00, 0x00, 0x00, 0x00, 0x04, 0xff, 0xff,
    0xff, 0xd0, 0x00, 0x00, 0x00, 0x00, 0x00, 0x00,
    0x00, 0x00, 0x00, 0x03, 0x8c, 0xef, 0xed, 0x94,
    0x00, 0x00, 0x00,

    /* U+0026 "&" */
    0x00, 0x00, 0x00, 0x00, 0x00, 0x00, 0x00, 0x25,
    0x67, 0x76, 0x52, 0x00, 0x00, 0x00, 0x00, 0x00,
    0x00, 0x00, 0x00, 0x00, 0x00, 0x00, 0x00, 0x00,
    0x00, 0x00, 0x4a, 0xff, 0xff, 0xff, 0xff, 0xff,
    0xa4, 0x00, 0x00, 0x00, 0x00, 0x00, 0x00, 0x00,
    0x00, 0x00, 0x00, 0x00, 0x00, 0x04, 0xdf, 0xff,
    0xff, 0xff, 0xff, 0xff, 0xff, 0xfc, 0x30, 0x00,
    0x00, 0x00, 0x00, 0x00, 0x00, 0x00, 0x00, 0x00,
    0x00, 0x08, 0xff, 0xff, 0xff, 0xff, 0xff, 0xff,
    0xff, 0xff, 0xff, 0x50, 0x00, 0x00, 0x00, 0x00,
    0x00, 0x00, 0x00, 0x00, 0x00, 0x09, 0xff, 0xff,
    0xff, 0xff, 0xff, 0xff, 0xff, 0xff, 0xff, 0xff,
    0x50, 0x00, 0x00, 0x00, 0x00, 0x00, 0x00, 0x00,
    0x00, 0x05, 0xff, 0xff, 0xff, 0xff, 0xff, 0xff,
    0xff, 0xff, 0xff, 0xff, 0xfe, 0x10, 0x00, 0x00,
    0x00, 0x00, 0x00, 0x00, 0x00, 0x00, 0xef, 0xff,
    0xff, 0xff, 0xff, 0xff, 0xff, 0xff, 0xff, 0xff,
    0xff, 0xf8, 0x00, 0x00, 0x00, 0x00, 0x00, 0x00,
    0x00, 0x00, 0x5f, 0xff, 0xff, 0xff, 0xff, 0x82,
    0x00, 0x17, 0xff, 0xff, 0xff, 0xff, 0xd0, 0x00,
    0x00, 0x00, 0x00, 0x00, 0x00, 0x00, 0x0a, 0xff,
    0xff, 0xff, 0xff, 0x50, 0x00, 0x00, 0x04, 0xff,
    0xff, 0xff, 0xff, 0x00, 0x00, 0x00, 0x00, 0x00,
    0x00, 0x00, 0x00, 0xdf, 0xff, 0xff, 0xff, 0xd0,
    0x00, 0x00, 0x00, 0x0d, 0xff, 0xff, 0xff, 0xf2,
    0x00, 0x00, 0x00, 0x00, 0x00, 0x00, 0x00, 0x0e,
    0xff, 0xff, 0xff, 0xf9, 0x00, 0x00, 0x00, 0x00,
    0xbf, 0xff, 0xff, 0xff, 0x20, 0x00, 0x00, 0x00,
    0x00, 0x00, 0x00, 0x00, 0xef, 0xff, 0xff, 0xff,
    0xb0, 0x00, 0x00, 0x00, 0x0e, 0xff, 0xff, 0xff,
    0xf1, 0x00, 0x00, 0x00, 0x00, 0x00, 0x00, 0x00,
    0x0c, 0xff, 0xff, 0xff, 0xff, 0x00, 0x00, 0x00,
    0x06, 0xff, 0xff, 0xff, 0xfe, 0x00, 0x00, 0x00,
    0x00, 0x00, 0x00, 0x00, 0x00, 0x8f, 0xff, 0xff,
    0xff, 0xf8, 0x00, 0x00, 0x04, 0xff, 0xff, 0xff,
    0xff, 0x80, 0x00, 0x00, 0x00, 0x00, 0x00, 0x00,
    0x00, 0x02, 0xff, 0xff, 0xff, 0xff, 0xf5, 0x00,
    0x07, 0xff, 0xff, 0xff, 0xff, 0xf1, 0x00, 0x00,
    0x00, 0x00, 0x00, 0x00, 0x00, 0x00, 0x0b, 0xff,
    0xff, 0xff, 0xff, 0xf3, 0x3c, 0xff, 0xff, 0xff,
    0xff, 0xf7, 0x00, 0x00, 0x00, 0x00, 0x00, 0x00,
    0x00, 0x00, 0x00, 0x2f, 0xff, 0xff, 0xff, 0xff,
    0xff, 0xff, 0xff, 0xff, 0xff, 0xf9, 0x00, 0x00,
    0x00, 0x00, 0x00, 0x00, 0x00, 0x00, 0x00, 0x00,
    0x6f, 0xff, 0xff, 0xff, 0xff, 0xff, 0xff, 0xff,
    0xff, 0xf9, 0x00, 0x00, 0x00, 0x00, 0x00, 0x00,
    0x00, 0x00, 0x00, 0x00, 0x00, 0x9f, 0xff, 0xff,
    0xff, 0xff, 0xff, 0xff, 0xff, 0xf6, 0x00, 0x00,
    0x00, 0x00, 0x00, 0x00, 0x00, 0x00, 0x00, 0x00,
    0x00, 0x00, 0xdf, 0xff, 0xff, 0xff, 0xff, 0xff,
    0xff, 0xc2, 0x00, 0x00, 0x00, 0x00, 0x00, 0x00,
    0x00, 0x00, 0x00, 0x00, 0x00, 0x03, 0xcf, 0xff,
    0xff, 0xff, 0xff, 0xff, 0xff, 0x60, 0x00, 0x00,
    0x00, 0x00, 0x00, 0x00, 0x00, 0x00, 0x00, 0x00,
    0x00, 0x08, 0xff, 0xff, 0xff, 0xff, 0xff, 0xff,
    0xff, 0xfb, 0x00, 0x00, 0x00, 0x00, 0x38, 0x30,
    0x00, 0x00, 0x00, 0x00, 0x00, 0x1c, 0xff, 0xff,
    0xff, 0xff, 0xff, 0xff, 0xff, 0xff, 0xfc, 0x10,
    0x00, 0x00, 0x08, 0xff, 0xe9, 0x40, 0x00, 0x00,
    0x00, 0x2e, 0xff, 0xff, 0xff, 0xff, 0xff, 0xff,
    0xff, 0xff, 0xff, 0xfd, 0x20, 0x00, 0x00, 0xcf,
    0xff, 0xff, 0xfa, 0x10, 0x00, 0x1e, 0xff, 0xff,
    0xff, 0xff, 0xfe, 0x8f, 0xff, 0xff, 0xff, 0xff,
    0xfe, 0x30, 0x00, 0x0f, 0xff, 0xff, 0xff, 0xf0,
    0x00, 0x0c, 0xff, 0xff, 0xff, 0xff, 0xfb, 0x10,
    0x3f, 0xff, 0xff, 0xff, 0xff, 0xff, 0x40, 0x06,
    0xff, 0xff, 0xff, 0xfc, 0x00, 0x06, 0xff, 0xff,
    0xff, 0xff, 0xf8, 0x00, 0x00, 0x3e, 0xff, 0xff,
    0xff, 0xff, 0xff, 0x50, 0xdf, 0xff, 0xff, 0xff,
    0x80, 0x00, 0xef, 0xff, 0xff, 0xff, 0xf9, 0x00,
    0x00, 0x00, 0x2d, 0xff, 0xff, 0xff, 0xff, 0xff,
    0x9f, 0xff, 0xff, 0xff, 0xf2, 0x00, 0x4f, 0xff,
    0xff, 0xff, 0xfe, 0x00, 0x00, 0x00, 0x00, 0x1d,
    0xff, 0xff, 0xff, 0xff, 0xff, 0xff, 0xff, 0xff,
    0xfd, 0x00, 0x08, 0xff, 0xff, 0xff, 0xff, 0x80,
    0x00, 0x00, 0x00, 0x00, 0x1c, 0xff, 0xff, 0xff,
    0xff, 0xff, 0xff, 0xff, 0xff, 0x60, 0x00, 0xbf,
    0xff, 0xff, 0xff, 0xf6, 0x00, 0x00, 0x00, 0x00,
    0x00, 0x0b, 0xff, 0xff, 0xff, 0xff, 0xff, 0xff,
    0xff, 0xe0, 0x00, 0x0c, 0xff, 0xff, 0xff, 0xff,
    0x60, 0x00, 0x00, 0x00, 0x00, 0x00, 0x0a, 0xff,
    0xff, 0xff, 0xff, 0xff, 0xff, 0xf6, 0x00, 0x00,
    0xcf, 0xff, 0xff, 0xff, 0xfa, 0x00, 0x00, 0x00,
    0x00, 0x00, 0x00, 0x09, 0xff, 0xff, 0xff, 0xff,
    0xff, 0xfd, 0x00, 0x00, 0x0b, 0xff, 0xff, 0xff,
    0xff, 0xf3, 0x00, 0x00, 0x00, 0x00, 0x00, 0x00,
    0x0a, 0xff, 0xff, 0xff, 0xff, 0xff, 0xd1, 0x00,
    0x00, 0x8f, 0xff, 0xff, 0xff, 0xff, 0xe3, 0x00,
    0x00, 0x00, 0x00, 0x00, 0x19, 0xff, 0xff, 0xff,
    0xff, 0xff, 0xff, 0xe2, 0x00, 0x03, 0xff, 0xff,
    0xff, 0xff, 0xff, 0xfa, 0x41, 0x00, 0x00, 0x15,
    0xaf, 0xff, 0xff, 0xff, 0xff, 0xff, 0xff, 0xff,
    0xe3, 0x00, 0x0b, 0xff, 0xff, 0xff, 0xff, 0xff,
    0xff, 0xfe, 0xee, 0xff, 0xff, 0xff, 0xff, 0xff,
    0xff, 0xff, 0xff, 0xff, 0xff, 0xf4, 0x00, 0x2f,
    0xff, 0xff, 0xff, 0xff, 0xff, 0xff, 0xff, 0xff,
    0xff, 0xff, 0xff, 0xff, 0xff, 0xff, 0xff, 0xff,
    0xff, 0xff, 0xf2, 0x00, 0x4f, 0xff, 0xff, 0xff,
    0xff, 0xff, 0xff, 0xff, 0xff, 0xff, 0xff, 0xff,
    0xff, 0xff, 0xff, 0xff, 0xff, 0xff, 0xf8, 0x00,
    0x00, 0x4f, 0xff, 0xff, 0xff, 0xff, 0xff, 0xff,
    0xff, 0xff, 0xff, 0xff, 0xff, 0xff, 0x51, 0xdf,
    0xff, 0xff, 0xfa, 0x00, 0x00, 0x00, 0x2c, 0xff,
    0xff, 0xff, 0xff, 0xff, 0xff, 0xff, 0xff, 0xff,
    0xff, 0xfa, 0x10, 0x01, 0xdf, 0xff, 0xfc, 0x00,
    0x00, 0x00, 0x00, 0x05, 0xdf, 0xff, 0xff, 0xff,
    0xff, 0xff, 0xff, 0xff, 0xff, 0xa2, 0x00, 0x00,
    0x01, 0xcf, 0xfe, 0x10, 0x00, 0x00, 0x00, 0x00,
    0x00, 0x38, 0xdf, 0xff, 0xff, 0xff, 0xff, 0xfe,
    0xa6, 0x00, 0x00, 0x00, 0x00, 0x00, 0xbf, 0x20,
    0x00, 0x00, 0x00, 0x00, 0x00, 0x00, 0x00, 0x13,
    0x56, 0x77, 0x76, 0x42, 0x00, 0x00, 0x00, 0x00,
    0x00, 0x00, 0x00, 0x30, 0x00, 0x00,

    /* U+0027 "'" */
    0x0f, 0xff, 0xff, 0xff, 0xe0, 0xff, 0xff, 0xff,
    0xfd, 0x0f, 0xff, 0xff, 0xff, 0xd0, 0xff, 0xff,
    0xff, 0xfc, 0x0e, 0xff, 0xff, 0xff, 0xb0, 0xdf,
    0xff, 0xff, 0xfb, 0x0d, 0xff, 0xff, 0xff, 0xa0,
    0xcf, 0xff, 0xff, 0xfa, 0x0c, 0xff, 0xff, 0xff,
    0x90, 0xbf, 0xff, 0xff, 0xf8, 0x0b, 0xff, 0xff,
    0xff, 0x80, 0xaf, 0xff, 0xff, 0xf7, 0x09, 0xff,
    0xff, 0xff, 0x70, 0x9f, 0xff, 0xff, 0xf6, 0x08,
    0xff, 0xff, 0xff, 0x50, 0x8f, 0xff, 0xff, 0xf5,
    0x07, 0xff, 0xff, 0xff, 0x40, 0x12, 0x22, 0x22,
    0x20,

    /* U+0028 "(" */
    0x00, 0x00, 0x00, 0x02, 0x99, 0x99, 0x99, 0x99,
    0x50, 0x00, 0x00, 0x00, 0xcf, 0xff, 0xff, 0xff,
    0xf4, 0x00, 0x00, 0x00, 0x5f, 0xff, 0xff, 0xff,
    0xfb, 0x00, 0x00, 0x00, 0x0e, 0xff, 0xff, 0xff,
    0xff, 0x30, 0x00, 0x00, 0x06, 0xff, 0xff, 0xff,
    0xff, 0xb0, 0x00, 0x00, 0x00, 0xef, 0xff, 0xff,
    0xff, 0xf4, 0x00, 0x00, 0x00, 0x5f, 0xff, 0xff,
    0xff, 0xfd, 0x00, 0x00, 0x00, 0x0c, 0xff, 0xff,
    0xff, 0xff, 0x60, 0x00, 0x00, 0x02, 0xff, 0xff,
    0xff, 0xff, 0xf1, 0x00, 0x00, 0x00, 0x8f, 0xff,
    0xff, 0xff, 0xfb, 0x00, 0x00, 0x00, 0x0d, 0xff,
    0xff, 0xff, 0xff, 0x50, 0x00, 0x00, 0x02, 0xff,
    0xff, 0xff, 0xff, 0xf0, 0x00, 0x00, 0x00, 0x7f,
    0xff, 0xff, 0xff, 0xfb, 0x00, 0x00, 0x00, 0x0c,
    0xff, 0xff, 0xff, 0xff, 0x70, 0x00, 0x00, 0x00,
    0xff, 0xff, 0xff, 0xff, 0xf3, 0x00, 0x00, 0x00,
    0x3f, 0xff, 0xff, 0xff, 0xff, 0x00, 0x00, 0x00,
    0x07, 0xff, 0xff, 0xff, 0xff, 0xc0, 0x00, 0x00,
    0x00, 0xaf, 0xff, 0xff, 0xff, 0xf8, 0x00, 0x00,
    0x00, 0x0c, 0xff, 0xff, 0xff, 0xff, 0x60, 0x00,
    0x00, 0x00, 0xff, 0xff, 0xff, 0xff, 0xf4, 0x00,
    0x00, 0x00, 0x1f, 0xff, 0xff, 0xff, 0xff, 0x10,
    0x00, 0x00, 0x03, 0xff, 0xff, 0xff, 0xff, 0xf0,
    0x00, 0x00, 0x00, 0x4f, 0xff, 0xff, 0xff, 0xfe,
    0x00, 0x00, 0x00, 0x06, 0xff, 0xff, 0xff, 0xff,
    0xc0, 0x00, 0x00, 0x00, 0x7f, 0xff, 0xff, 0xff,
    0xfb, 0x00, 0x00, 0x00, 0x08, 0xff, 0xff, 0xff,
    0xff, 0xa0, 0x00, 0x00, 0x00, 0x8f, 0xff, 0xff,
    0xff, 0xf9, 0x00, 0x00, 0x00, 0x09, 0xff, 0xff,
    0xff, 0xff, 0x90, 0x00, 0x00, 0x00, 0x9f, 0xff,
    0xff, 0xff, 0xf9, 0x00, 0x00, 0x00, 0x09, 0xff,
    0xff, 0xff, 0xff, 0x90, 0x00, 0x00, 0x00, 0x9f,
    0xff, 0xff, 0xff, 0xf9, 0x00, 0x00, 0x00, 0x08,
    0xff, 0xff, 0xff, 0xff, 0xa0, 0x00, 0x00, 0x00,
    0x8f, 0xff, 0xff, 0xff, 0xfa, 0x00, 0x00, 0x00,
    0x07, 0xff, 0xff, 0xff, 0xff, 0xc0, 0x00, 0x00,
    0x00, 0x5f, 0xff, 0xff, 0xff, 0xfd, 0x00, 0x00,
    0x00, 0x04, 0xff, 0xff, 0xff, 0xff, 0xe0, 0x00,
    0x00, 0x00, 0x2f, 0xff, 0xff, 0xff, 0xff, 0x00,
    0x00, 0x00, 0x00, 0xff, 0xff, 0xff, 0xff, 0xf2,
    0x00, 0x00, 0x00, 0x0d, 0xff, 0xff, 0xff, 0xff,
    0x50, 0x00, 0x00, 0x00, 0xbf, 0xff, 0xff, 0xff,
    0xf7, 0x00, 0x00, 0x00, 0x08, 0xff, 0xff, 0xff,
    0xff, 0xa0, 0x00, 0x00, 0x00, 0x5f, 0xff, 0xff,
    0xff, 0xfe, 0x00, 0x00, 0x00, 0x01, 0xff, 0xff,
    0xff, 0xff, 0xf1, 0x00, 0x00, 0x00, 0x0d, 0xff,
    0xff, 0xff, 0xff, 0x50, 0x00, 0x00, 0x00, 0x9f,
    0xff, 0xff, 0xff, 0xf9, 0x00, 0x00, 0x00, 0x04,
    0xff, 0xff, 0xff, 0xff, 0xe0, 0x00, 0x00, 0x00,
    0x0f, 0xff, 0xff, 0xff, 0xff, 0x30, 0x00, 0x00,
    0x00, 0xbf, 0xff, 0xff, 0xff, 0xf8, 0x00, 0x00,
    0x00, 0x05, 0xff, 0xff, 0xff, 0xff, 0xe0, 0x00,
    0x00, 0x00, 0x0e, 0xff, 0xff, 0xff, 0xff, 0x40,
    0x00, 0x00, 0x00, 0x8f, 0xff, 0xff, 0xff, 0xfa,
    0x00, 0x00, 0x00, 0x02, 0xff, 0xff, 0xff, 0xff,
    0xf1, 0x00, 0x00, 0x00, 0x0a, 0xff, 0xff, 0xff,
    0xff, 0x80, 0x00, 0x00, 0x00, 0x2f, 0xff, 0xff,
    0xff, 0xff, 0x00, 0x00, 0x00, 0x00, 0x9f, 0xff,
    0xff, 0xff, 0xf8, 0x00, 0x00, 0x00, 0x01, 0xef,
    0xff, 0xff, 0xff, 0xf1, 0x00, 0x00, 0x00, 0x06,
    0xff, 0xff, 0xff, 0xff, 0x80,

    /* U+0029 ")" */
    0x29, 0x99, 0x99, 0x99, 0x96, 0x00, 0x00, 0x00,
    0x00, 0x0d, 0xff, 0xff, 0xff, 0xff, 0x30, 0x00,
    0x00, 0x00, 0x05, 0xff, 0xff, 0xff, 0xff, 0xc0,
    0x00, 0x00, 0x00, 0x00, 0xcf, 0xff, 0xff, 0xff,
    0xf5, 0x00, 0x00, 0x00, 0x00, 0x5f, 0xff, 0xff,
    0xff, 0xfd, 0x00, 0x00, 0x00, 0x00, 0x0d, 0xff,
    0xff, 0xff, 0xff, 0x50, 0x00, 0x00, 0x00, 0x07,
    0xff, 0xff, 0xff, 0xff, 0xd0, 0x00, 0x00, 0x00,
    0x00, 0xff, 0xff, 0xff, 0xff, 0xf3, 0x00, 0x00,
    0x00, 0x00, 0xaf, 0xff, 0xff, 0xff, 0xf9, 0x00,
    0x00, 0x00, 0x00, 0x4f, 0xff, 0xff, 0xff, 0xff,
    0x00, 0x00, 0x00, 0x00, 0x0e, 0xff, 0xff, 0xff,
    0xff, 0x50, 0x00, 0x00, 0x00, 0x09, 0xff, 0xff,
    0xff, 0xff, 0xa0, 0x00, 0x00, 0x00, 0x05, 0xff,
    0xff, 0xff, 0xff, 0xe0, 0x00, 0x00, 0x00, 0x00,
    0xff, 0xff, 0xff, 0xff, 0xf3, 0x00, 0x00, 0x00,
    0x00, 0xcf, 0xff, 0xff, 0xff, 0xf7, 0x00, 0x00,
    0x00, 0x00, 0x8f, 0xff, 0xff, 0xff, 0xfa, 0x00,
    0x00, 0x00, 0x00, 0x5f, 0xff, 0xff, 0xff, 0xfe,
    0x00, 0x00, 0x00, 0x00, 0x1f, 0xff, 0xff, 0xff,
    0xff, 0x10, 0x00, 0x00, 0x00, 0x0f, 0xff, 0xff,
    0xff, 0xff, 0x40, 0x00, 0x00, 0x00, 0x0c, 0xff,
    0xff, 0xff, 0xff, 0x60, 0x00, 0x00, 0x00, 0x0a,
    0xff, 0xff, 0xff, 0xff, 0x90, 0x00, 0x00, 0x00,
    0x07, 0xff, 0xff, 0xff, 0xff, 0xa0, 0x00, 0x00,
    0x00, 0x06, 0xff, 0xff, 0xff, 0xff, 0xc0, 0x00,
    0x00, 0x00, 0x05, 0xff, 0xff, 0xff, 0xff, 0xd0,
    0x00, 0x00, 0x00, 0x03, 0xff, 0xff, 0xff, 0xff,
    0xf0, 0x00, 0x00, 0x00, 0x02, 0xff, 0xff, 0xff,
    0xff, 0xf0, 0x00, 0x00, 0x00, 0x02, 0xff, 0xff,
    0xff, 0xff, 0xf0, 0x00, 0x00, 0x00, 0x01, 0xff,
    0xff, 0xff, 0xff, 0xf0, 0x00, 0x00, 0x00, 0x01,
    0xff, 0xff, 0xff, 0xff, 0xf1, 0x00, 0x00, 0x00,
    0x01, 0xff, 0xff, 0xff, 0xff, 0xf1, 0x00, 0x00,
    0x00, 0x02, 0xff, 0xff, 0xff, 0xff, 0xf0, 0x00,
    0x00, 0x00, 0x02, 0xff, 0xff, 0xff, 0xff, 0xf0,
    0x00, 0x00, 0x00, 0x03, 0xff, 0xff, 0xff, 0xff,
    0xf0, 0x00, 0x00, 0x00, 0x04, 0xff, 0xff, 0xff,
    0xff, 0xe0, 0x00, 0x00, 0x00, 0x05, 0xff, 0xff,
    0xff, 0xff, 0xd0, 0x00, 0x00, 0x00, 0x07, 0xff,
    0xff, 0xff, 0xff, 0xb0, 0x00, 0x00, 0x00, 0x09,
    0xff, 0xff, 0xff, 0xff, 0xa0, 0x00, 0x00, 0x00,
    0x0b, 0xff, 0xff, 0xff, 0xff, 0x70, 0x00, 0x00,
    0x00, 0x0d, 0xff, 0xff, 0xff, 0xff, 0x50, 0x00,
    0x00, 0x00, 0x0f, 0xff, 0xff, 0xff, 0xff, 0x20,
    0x00, 0x00, 0x00, 0x3f, 0xff, 0xff, 0xff, 0xff,
    0x00, 0x00, 0x00, 0x00, 0x7f, 0xff, 0xff, 0xff,
    0xfc, 0x00, 0x00, 0x00, 0x00, 0xaf, 0xff, 0xff,
    0xff, 0xf8, 0x00, 0x00, 0x00, 0x00, 0xef, 0xff,
    0xff, 0xff, 0xf5, 0x00, 0x00, 0x00, 0x03, 0xff,
    0xff, 0xff, 0xff, 0xf1, 0x00, 0x00, 0x00, 0x07,
    0xff, 0xff, 0xff, 0xff, 0xc0, 0x00, 0x00, 0x00,
    0x0c, 0xff, 0xff, 0xff, 0xff, 0x70, 0x00, 0x00,
    0x00, 0x1f, 0xff, 0xff, 0xff, 0xff, 0x20, 0x00,
    0x00, 0x00, 0x7f, 0xff, 0xff, 0xff, 0xfc, 0x00,
    0x00, 0x00, 0x00, 0xdf, 0xff, 0xff, 0xff, 0xf6,
    0x00, 0x00, 0x00, 0x03, 0xff, 0xff, 0xff, 0xff,
    0xf0, 0x00, 0x00, 0x00, 0x0b, 0xff, 0xff, 0xff,
    0xff, 0x90, 0x00, 0x00, 0x00, 0x2f, 0xff, 0xff,
    0xff, 0xff, 0x10, 0x00, 0x00, 0x00, 0x9f, 0xff,
    0xff, 0xff, 0xf9, 0x00, 0x00, 0x00, 0x01, 0xff,
    0xff, 0xff, 0xff, 0xf1, 0x00, 0x00, 0x00, 0x0a,
    0xff, 0xff, 0xff, 0xff, 0x70, 0x00, 0x00, 0x00,
    0x2f, 0xff, 0xff, 0xff, 0xfd, 0x00, 0x00, 0x00,
    0x00,

    /* U+002A "*" */
    0x00, 0x00, 0x00, 0x00, 0x00, 0xbe, 0xee, 0xeb,
    0x00, 0x00, 0x00, 0x00, 0x00, 0x00, 0x00, 0x00,
    0x00, 0x00, 0xcf, 0xff, 0xfd, 0x00, 0x00, 0x00,
    0x00, 0x00, 0x00, 0x00, 0x00, 0x00, 0x00, 0xcf,
    0xff, 0xfc, 0x00, 0x00, 0x00, 0x00, 0x00, 0x00,
    0x03, 0x00, 0x00, 0x00, 0xcf, 0xff, 0xfc, 0x00,
    0x00, 0x01, 0x30, 0x00, 0x00, 0x0e, 0xe5, 0x00,
    0x00, 0xcf, 0xff, 0xfc, 0x00, 0x00, 0x6e, 0xd0,
    0x00, 0x00, 0x7f, 0xff, 0xc2, 0x00, 0xcf, 0xff,
    0xfc, 0x00, 0x3c, 0xff, 0xf7, 0x00, 0x01, 0xff,
    0xff, 0xff, 0x90, 0xbf, 0xff, 0xfb, 0x09, 0xff,
    0xff, 0xff, 0x20, 0x0a, 0xff, 0xff, 0xff, 0xfe,
    0xef, 0xff, 0xfe, 0xef, 0xff, 0xff, 0xff, 0xa0,
    0x0d, 0xff, 0xff, 0xff, 0xff, 0xff, 0xff, 0xff,
    0xff, 0xff, 0xff, 0xff, 0xd1, 0x00, 0x6e, 0xff,
    0xff, 0xff, 0xff, 0xff, 0xff, 0xff, 0xff, 0xff,
    0xe7, 0x00, 0x00, 0x00, 0x8f, 0xff, 0xff, 0xff,
    0xff, 0xff, 0xff, 0xff, 0xf8, 0x10, 0x00, 0x00,
    0x00, 0x01, 0xaf, 0xff, 0xff, 0xff, 0xff, 0xff,
    0xfa, 0x20, 0x00, 0x00, 0x00, 0x00, 0x00, 0x7f,
    0xff, 0xff, 0xff, 0xff, 0xff, 0xf7, 0x00, 0x00,
    0x00, 0x00, 0x00, 0x5e, 0xff, 0xff, 0xff, 0xff,
    0xff, 0xff, 0xff, 0xe6, 0x00, 0x00, 0x00, 0x4d,
    0xff, 0xff, 0xff, 0xff, 0xff, 0xff, 0xff, 0xff,
    0xff, 0xd4, 0x00, 0x0b, 0xff, 0xff, 0xff, 0xff,
    0xff, 0xff, 0xff, 0xff, 0xff, 0xff, 0xff, 0xc1,
    0x0b, 0xff, 0xff, 0xff, 0xff, 0xef, 0xff, 0xfe,
    0xff, 0xff, 0xff, 0xff, 0xc0, 0x02, 0xff, 0xff,
    0xff, 0xb2, 0xbf, 0xff, 0xfb, 0x2b, 0xff, 0xff,
    0xff, 0x20, 0x00, 0x9f, 0xff, 0xd4, 0x00, 0xcf,
    0xff, 0xfb, 0x00, 0x4d, 0xff, 0xf9, 0x00, 0x00,
    0x1e, 0xf8, 0x00, 0x00, 0xcf, 0xff, 0xfc, 0x00,
    0x00, 0x8f, 0xe0, 0x00, 0x00, 0x04, 0x20, 0x00,
    0x00, 0xcf, 0xff, 0xfc, 0x00, 0x00, 0x02, 0x40,
    0x00, 0x00, 0x00, 0x00, 0x00, 0x00, 0xcf, 0xff,
    0xfc, 0x00, 0x00, 0x00, 0x00, 0x00, 0x00, 0x00,
    0x00, 0x00, 0x00, 0xcf, 0xff, 0xfd, 0x00, 0x00,
    0x00, 0x00, 0x00, 0x00, 0x00, 0x00, 0x00, 0x00,
    0xcf, 0xff, 0xfd, 0x00, 0x00, 0x00, 0x00, 0x00,

    /* U+002B "+" */
    0x00, 0x00, 0x00, 0x00, 0x00, 0x0d, 0xee, 0xee,
    0xee, 0xc0, 0x00, 0x00, 0x00, 0x00, 0x00, 0x00,
    0x00, 0x00, 0x00, 0x00, 0x0e, 0xff, 0xff, 0xff,
    0xd0, 0x00, 0x00, 0x00, 0x00, 0x00, 0x00, 0x00,
    0x00, 0x00, 0x00, 0x0e, 0xff, 0xff, 0xff, 0xd0,
    0x00, 0x00, 0x00, 0x00, 0x00, 0x00, 0x00, 0x00,
    0x00, 0x00, 0x0e, 0xff, 0xff, 0xff, 0xd0, 0x00,
    0x00, 0x00, 0x00, 0x00, 0x00, 0x00, 0x00, 0x00,
    0x00, 0x0e, 0xff, 0xff, 0xff, 0xd0, 0x00, 0x00,
    0x00, 0x00, 0x00, 0x00, 0x00, 0x00, 0x00, 0x00,
    0x0e, 0xff, 0xff, 0xff, 0xd0, 0x00, 0x00, 0x00,
    0x00, 0x00, 0x00, 0x00, 0x00, 0x00, 0x00, 0x0e,
    0xff, 0xff, 0xff, 0xd0, 0x00, 0x00, 0x00, 0x00,
    0x00, 0x00, 0x00, 0x00, 0x00, 0x00, 0x0e, 0xff,
    0xff, 0xff, 0xd0, 0x00, 0x00, 0x00, 0x00, 0x00,
    0x00, 0x00, 0x00, 0x00, 0x00, 0x0e, 0xff, 0xff,
    0xff, 0xd0, 0x00, 0x00, 0x00, 0x00, 0x00, 0x00,
    0x00, 0x00, 0x00, 0x00, 0x0e, 0xff, 0xff, 0xff,
    0xd0, 0x00, 0x00, 0x00, 0x00, 0x00, 0x16, 0x66,
    0x66, 0x66, 0x66, 0x6f, 0xff, 0xff, 0xff, 0xe6,
    0x66, 0x66, 0x66, 0x66, 0x61, 0x4f, 0xff, 0xff,
    0xff, 0xff, 0xff, 0xff, 0xff, 0xff, 0xff, 0xff,
    0xff, 0xff, 0xff, 0xf4, 0x4f, 0xff, 0xff, 0xff,
    0xff, 0xff, 0xff, 0xff, 0xff, 0xff, 0xff, 0xff,
    0xff, 0xff, 0xf4, 0x4f, 0xff, 0xff, 0xff, 0xff,
    0xff, 0xff, 0xff, 0xff, 0xff, 0xff, 0xff, 0xff,
    0xff, 0xf4, 0x4f, 0xff, 0xff, 0xff, 0xff, 0xff,
    0xff, 0xff, 0xff, 0xff, 0xff, 0xff, 0xff, 0xff,
    0xf4, 0x4f, 0xff, 0xff, 0xff, 0xff, 0xff, 0xff,
    0xff, 0xff, 0xff, 0xff, 0xff, 0xff, 0xff, 0xf4,
    0x4f, 0xff, 0xff, 0xff, 0xff, 0xff, 0xff, 0xff,
    0xff, 0xff, 0xff, 0xff, 0xff, 0xff, 0xf4, 0x4f,
    0xff, 0xff, 0xff, 0xff, 0xff, 0xff, 0xff, 0xff,
    0xff, 0xff, 0xff, 0xff, 0xff, 0xf4, 0x00, 0x00,
    0x00, 0x00, 0x00, 0x0e, 0xff, 0xff, 0xff, 0xd0,
    0x00, 0x00, 0x00, 0x00, 0x00, 0x00, 0x00, 0x00,
    0x00, 0x00, 0x0e, 0xff, 0xff, 0xff, 0xd0, 0x00,
    0x00, 0x00, 0x00, 0x00, 0x00, 0x00, 0x00, 0x00,
    0x00, 0x0e, 0xff, 0xff, 0xff, 0xd0, 0x00, 0x00,
    0x00, 0x00, 0x00, 0x00, 0x00, 0x00, 0x00, 0x00,
    0x0e, 0xff, 0xff, 0xff, 0xd0, 0x00, 0x00, 0x00,
    0x00, 0x00, 0x00, 0x00, 0x00, 0x00, 0x00, 0x0e,
    0xff, 0xff, 0xff, 0xd0, 0x00, 0x00, 0x00, 0x00,
    0x00, 0x00, 0x00, 0x00, 0x00, 0x00, 0x0e, 0xff,
    0xff, 0xff, 0xd0, 0x00, 0x00, 0x00, 0x00, 0x00,
    0x00, 0x00, 0x00, 0x00, 0x00, 0x0e, 0xff, 0xff,
    0xff, 0xd0, 0x00, 0x00, 0x00, 0x00, 0x00, 0x00,
    0x00, 0x00, 0x00, 0x00, 0x0e, 0xff, 0xff, 0xff,
    0xd0, 0x00, 0x00, 0x00, 0x00, 0x00, 0x00, 0x00,
    0x00, 0x00, 0x00, 0x0e, 0xff, 0xff, 0xff, 0xd0,
    0x00, 0x00, 0x00, 0x00, 0x00, 0x00, 0x00, 0x00,
    0x00, 0x00, 0x0e, 0xff, 0xff, 0xff, 0xd0, 0x00,
    0x00, 0x00, 0x00, 0x00,

    /* U+002C "," */
    0x00, 0x01, 0x68, 0x75, 0x00, 0x00, 0x00, 0x8f,
    0xff, 0xff, 0xe6, 0x00, 0x09, 0xff, 0xff, 0xff,
    0xff, 0x60, 0x4f, 0xff, 0xff, 0xff, 0xff, 0xf1,
    0xaf, 0xff, 0xff, 0xff, 0xff, 0xf7, 0xdf, 0xff,
    0xff, 0xff, 0xff, 0xf9, 0xdf, 0xff, 0xff, 0xff,
    0xff, 0xfa, 0xbf, 0xff, 0xff, 0xff, 0xff, 0xf9,
    0x7f, 0xff, 0xff, 0xff, 0xff, 0xf6, 0x0e, 0xff,
    0xff, 0xff, 0xff, 0xf1, 0x02, 0xef, 0xff, 0xff,
    0xff, 0xc0, 0x00, 0x0d, 0xff, 0xff, 0xff, 0x60,
    0x00, 0x0f, 0xff, 0xff, 0xff, 0x00, 0x00, 0x4f,
    0xff, 0xff, 0xf9, 0x00, 0x00, 0x8f, 0xff, 0xff,
    0xf3, 0x00, 0x00, 0xdf, 0xff, 0xff, 0xc0, 0x00,
    0x01, 0xff, 0xff, 0xff, 0x60, 0x00, 0x05, 0xff,
    0xff, 0xff, 0x00, 0x00, 0x09, 0xff, 0xff, 0xf9,
    0x00, 0x00, 0x0e, 0xff, 0xff, 0xf3, 0x00, 0x00,
    0x2f, 0xff, 0xff, 0xd0, 0x00, 0x00,

    /* U+002D "-" */
    0x78, 0x88, 0x88, 0x88, 0x88, 0x88, 0x88, 0x88,
    0x80, 0xef, 0xff, 0xff, 0xff, 0xff, 0xff, 0xff,
    0xff, 0xf1, 0xef, 0xff, 0xff, 0xff, 0xff, 0xff,
    0xff, 0xff, 0xf1, 0xef, 0xff, 0xff, 0xff, 0xff,
    0xff, 0xff, 0xff, 0xf1, 0xef, 0xff, 0xff, 0xff,
    0xff, 0xff, 0xff, 0xff, 0xf1, 0xef, 0xff, 0xff,
    0xff, 0xff, 0xff, 0xff, 0xff, 0xf1, 0xef, 0xff,
    0xff, 0xff, 0xff, 0xff, 0xff, 0xff, 0xf1, 0xef,
    0xff, 0xff, 0xff, 0xff, 0xff, 0xff, 0xff, 0xf1,

    /* U+002E "." */
    0x00, 0x03, 0x8a, 0xa7, 0x20, 0x00, 0x00, 0xaf,
    0xff, 0xff, 0xf7, 0x00, 0x0c, 0xff, 0xff, 0xff,
    0xff, 0x80, 0x6f, 0xff, 0xff, 0xff, 0xff, 0xf2,
    0xbf, 0xff, 0xff, 0xff, 0xff, 0xf7, 0xef, 0xff,
    0xff, 0xff, 0xff, 0xfa, 0xef, 0xff, 0xff, 0xff,
    0xff, 0xfa, 0xcf, 0xff, 0xff, 0xff, 0xff, 0xf8,
    0x7f, 0xff, 0xff, 0xff, 0xff, 0xf3, 0x0d, 0xff,
    0xff, 0xff, 0xff, 0xa0, 0x02, 0xdf, 0xff, 0xff,
    0xfb, 0x00, 0x00, 0x08, 0xdf, 0xfc, 0x60, 0x00,

    /* U+002F "/" */
    0x00, 0x00, 0x00, 0x00, 0x00, 0x00, 0x00, 0x00,
    0x00, 0x05, 0xff, 0xff, 0xff, 0xff, 0x00, 0x00,
    0x00, 0x00, 0x00, 0x00, 0x00, 0x00, 0x00, 0x00,
    0xbf, 0xff, 0xff, 0xff, 0xa0, 0x00, 0x00, 0x00,
    0x00, 0x00, 0x00, 0x00, 0x00, 0x00, 0x1f, 0xff,
    0xff, 0xff, 0xf4, 0x00, 0x00, 0x00, 0x00, 0x00,
    0x00, 0x00, 0x00, 0x00, 0x06, 0xff, 0xff, 0xff,
    0xfe, 0x00, 0x00, 0x00, 0x00, 0x00, 0x00, 0x00,
    0x00, 0x00, 0x00, 0xcf, 0xff, 0xff, 0xff, 0x90,
    0x00, 0x00, 0x00, 0x00, 0x00, 0x00, 0x00, 0x00,
    0x00, 0x1f, 0xff, 0xff, 0xff, 0xf3, 0x00, 0x00,
    0x00, 0x00, 0x00, 0x00, 0x00, 0x00, 0x00, 0x07,
    0xff, 0xff, 0xff, 0xfe, 0x00, 0x00, 0x00, 0x00,
    0x00, 0x00, 0x00, 0x00, 0x00, 0x00, 0xcf, 0xff,
    0xff, 0xff, 0x80, 0x00, 0x00, 0x00, 0x00, 0x00,
    0x00, 0x00, 0x00, 0x00, 0x2f, 0xff, 0xff, 0xff,
    0xf3, 0x00, 0x00, 0x00, 0x00, 0x00, 0x00, 0x00,
    0x00, 0x00, 0x07, 0xff, 0xff, 0xff, 0xfd, 0x00,
    0x00, 0x00, 0x00, 0x00, 0x00, 0x00, 0x00, 0x00,
    0x00, 0xdf, 0xff, 0xff, 0xff, 0x80, 0x00, 0x00,
    0x00, 0x00, 0x00, 0x00, 0x00, 0x00, 0x00, 0x2f,
    0xff, 0xff, 0xff, 0xf2, 0x00, 0x00, 0x00, 0x00,
    0x00, 0x00, 0x00, 0x00, 0x00, 0x08, 0xff, 0xff,
    0xff, 0xfd, 0x00, 0x00, 0x00, 0x00, 0x00, 0x00,
    0x00, 0x00, 0x00, 0x00, 0xdf, 0xff, 0xff, 0xff,
    0x70, 0x00, 0x00, 0x00, 0x00, 0x00, 0x00, 0x00,
    0x00, 0x00, 0x3f, 0xff, 0xff, 0xff, 0xf1, 0x00,
    0x00, 0x00, 0x00, 0x00, 0x00, 0x00, 0x00, 0x00,
    0x09, 0xff, 0xff, 0xff, 0xfc, 0x00, 0x00, 0x00,
    0x00, 0x00, 0x00, 0x00, 0x00, 0x00, 0x00, 0xef,
    0xff, 0xff, 0xff, 0x60, 0x00, 0x00, 0x00, 0x00,
    0x00, 0x00, 0x00, 0x00, 0x00, 0x4f, 0xff, 0xff,
    0xff, 0xf1, 0x00, 0x00, 0x00, 0x00, 0x00, 0x00,
    0x00, 0x00, 0x00, 0x09, 0xff, 0xff, 0xff, 0xfb,
    0x00, 0x00, 0x00, 0x00, 0x00, 0x00, 0x00, 0x00,
    0x00, 0x00, 0xef, 0xff, 0xff, 0xff, 0x60, 0x00,
    0x00, 0x00, 0x00, 0x00, 0x00, 0x00, 0x00, 0x00,
    0x4f, 0xff, 0xff, 0xff, 0xf1, 0x00, 0x00, 0x00,
    0x00, 0x00, 0x00, 0x00, 0x00, 0x00, 0x0a, 0xff,
    0xff, 0xff, 0xfa, 0x00, 0x00, 0x00, 0x00, 0x00,
    0x00, 0x00, 0x00, 0x00, 0x00, 0xff, 0xff, 0xff,
    0xff, 0x50, 0x00, 0x00, 0x00, 0x00, 0x00, 0x00,
    0x00, 0x00, 0x00, 0x5f, 0xff, 0xff, 0xff, 0xf0,
    0x00, 0x00, 0x00, 0x00, 0x00, 0x00, 0x00, 0x00,
    0x00, 0x0b, 0xff, 0xff, 0xff, 0xfa, 0x00, 0x00,
    0x00, 0x00, 0x00, 0x00, 0x00, 0x00, 0x00, 0x01,
    0xff, 0xff, 0xff, 0xff, 0x40, 0x00, 0x00, 0x00,
    0x00, 0x00, 0x00, 0x00, 0x00, 0x00, 0x6f, 0xff,
    0xff, 0xff, 0xe0, 0x00, 0x00, 0x00, 0x00, 0x00,
    0x00, 0x00, 0x00, 0x00, 0x0b, 0xff, 0xff, 0xff,
    0xf9, 0x00, 0x00, 0x00, 0x00, 0x00, 0x00, 0x00,
    0x00, 0x00, 0x01, 0xff, 0xff, 0xff, 0xff, 0x40,
    0x00, 0x00, 0x00, 0x00, 0x00, 0x00, 0x00, 0x00,
    0x00, 0x6f, 0xff, 0xff, 0xff, 0xe0, 0x00, 0x00,
    0x00, 0x00, 0x00, 0x00, 0x00, 0x00, 0x00, 0x0c,
    0xff, 0xff, 0xff, 0xf8, 0x00, 0x00, 0x00, 0x00,
    0x00, 0x00, 0x00, 0x00, 0x00, 0x02, 0xff, 0xff,
    0xff, 0xff, 0x30, 0x00, 0x00, 0x00, 0x00, 0x00,
    0x00, 0x00, 0x00, 0x00, 0x7f, 0xff, 0xff, 0xff,
    0xd0, 0x00, 0x00, 0x00, 0x00, 0x00, 0x00, 0x00,
    0x00, 0x00, 0x0d, 0xff, 0xff, 0xff, 0xf8, 0x00,
    0x00, 0x00, 0x00, 0x00, 0x00, 0x00, 0x00, 0x00,
    0x02, 0xff, 0xff, 0xff, 0xff, 0x20, 0x00, 0x00,
    0x00, 0x00, 0x00, 0x00, 0x00, 0x00, 0x00, 0x8f,
    0xff, 0xff, 0xff, 0xd0, 0x00, 0x00, 0x00, 0x00,
    0x00, 0x00, 0x00, 0x00, 0x00, 0x0d, 0xff, 0xff,
    0xff, 0xf7, 0x00, 0x00, 0x00, 0x00, 0x00, 0x00,
    0x00, 0x00, 0x00, 0x03, 0xff, 0xff, 0xff, 0xff,
    0x20, 0x00, 0x00, 0x00, 0x00, 0x00, 0x00, 0x00,
    0x00, 0x00, 0x8f, 0xff, 0xff, 0xff, 0xc0, 0x00,
    0x00, 0x00, 0x00, 0x00, 0x00, 0x00, 0x00, 0x00,
    0x0e, 0xff, 0xff, 0xff, 0xf6, 0x00, 0x00, 0x00,
    0x00, 0x00, 0x00, 0x00, 0x00, 0x00, 0x04, 0xff,
    0xff, 0xff, 0xff, 0x10, 0x00, 0x00, 0x00, 0x00,
    0x00, 0x00, 0x00, 0x00, 0x00, 0x9f, 0xff, 0xff,
    0xff, 0xb0, 0x00, 0x00, 0x00, 0x00, 0x00, 0x00,
    0x00, 0x00, 0x00, 0x0e, 0xff, 0xff, 0xff, 0xf6,
    0x00, 0x00, 0x00, 0x00, 0x00, 0x00, 0x00, 0x00,
    0x00, 0x04, 0xff, 0xff, 0xff, 0xff, 0x10, 0x00,
    0x00, 0x00, 0x00, 0x00, 0x00, 0x00, 0x00, 0x00,
    0xaf, 0xff, 0xff, 0xff, 0xb0, 0x00, 0x00, 0x00,
    0x00, 0x00, 0x00, 0x00, 0x00, 0x00, 0x0f, 0xff,
    0xff, 0xff, 0xf5, 0x00, 0x00, 0x00, 0x00, 0x00,
    0x00, 0x00, 0x00, 0x00, 0x05, 0xff, 0xff, 0xff,
    0xff, 0x00, 0x00, 0x00, 0x00, 0x00, 0x00, 0x00,
    0x00, 0x00, 0x00, 0xaf, 0xff, 0xff, 0xff, 0xa0,
    0x00, 0x00, 0x00, 0x00, 0x00, 0x00, 0x00, 0x00,
    0x00, 0x0f, 0xff, 0xff, 0xff, 0xf4, 0x00, 0x00,
    0x00, 0x00, 0x00, 0x00, 0x00, 0x00, 0x00, 0x06,
    0xff, 0xff, 0xff, 0xfe, 0x00, 0x00, 0x00, 0x00,
    0x00, 0x00, 0x00, 0x00, 0x00, 0x00, 0xbf, 0xff,
    0xff, 0xff, 0x90, 0x00, 0x00, 0x00, 0x00, 0x00,
    0x00, 0x00, 0x00, 0x00, 0x1f, 0xff, 0xff, 0xff,
    0xf4, 0x00, 0x00, 0x00, 0x00, 0x00, 0x00, 0x00,
    0x00, 0x00, 0x06, 0xff, 0xff, 0xff, 0xfe, 0x00,
    0x00, 0x00, 0x00, 0x00, 0x00, 0x00, 0x00, 0x00,
    0x00, 0xcf, 0xff, 0xff, 0xff, 0x90, 0x00, 0x00,
    0x00, 0x00, 0x00, 0x00, 0x00, 0x00, 0x00, 0x1f,
    0xff, 0xff, 0xff, 0xf3, 0x00, 0x00, 0x00, 0x00,
    0x00, 0x00, 0x00, 0x00, 0x00, 0x07, 0xff, 0xff,
    0xff, 0xfd, 0x00, 0x00, 0x00, 0x00, 0x00, 0x00,
    0x00, 0x00, 0x00, 0x00, 0xdf, 0xff, 0xff, 0xff,
    0x80, 0x00, 0x00, 0x00, 0x00, 0x00, 0x00, 0x00,
    0x00, 0x00, 0x00,

    /* U+0030 "0" */
    0x00, 0x00, 0x00, 0x00, 0x00, 0x00, 0x00, 0x14,
    0x67, 0x76, 0x53, 0x00, 0x00, 0x00, 0x00, 0x00,
    0x00, 0x00, 0x00, 0x00, 0x00, 0x00, 0x00, 0x00,
    0x28, 0xdf, 0xff, 0xff, 0xff, 0xff, 0xc6, 0x10,
    0x00, 0x00, 0x00, 0x00, 0x00, 0x00, 0x00, 0x00,
    0x00, 0x02, 0xbf, 0xff, 0xff, 0xff, 0xff, 0xff,
    0xff, 0xff, 0x81, 0x00, 0x00, 0x00, 0x00, 0x00,
    0x00, 0x00, 0x00, 0x08, 0xff, 0xff, 0xff, 0xff,
    0xff, 0xff, 0xff, 0xff, 0xff, 0xe5, 0x00, 0x00,
    0x00, 0x00, 0x00, 0x00, 0x00, 0x1c, 0xff, 0xff,
    0xff, 0xff, 0xff, 0xff, 0xff, 0xff, 0xff, 0xff,
    0xf8, 0x00, 0x00, 0x00, 0x00, 0x00, 0x00, 0x1c,
    0xff, 0xff, 0xff, 0xff, 0xff, 0xff, 0xff, 0xff,
    0xff, 0xff, 0xff, 0xf9, 0x00, 0x00, 0x00, 0x00,
    0x00, 0x0c, 0xff, 0xff, 0xff, 0xff, 0xff, 0xff,
    0xff, 0xff, 0xff, 0xff, 0xff, 0xff, 0xf8, 0x00,
    0x00, 0x00, 0x00, 0x08, 0xff, 0xff, 0xff, 0xff,
    0xff, 0xff, 0xff, 0xff, 0xff, 0xff, 0xff, 0xff,
    0xff, 0xf4, 0x00, 0x00, 0x00, 0x03, 0xff, 0xff,
    0xff, 0xff, 0xff, 0xff, 0xfe, 0xce, 0xff, 0xff,
    0xff, 0xff, 0xff, 0xff, 0xe0, 0x00, 0x00, 0x00,
    0xcf, 0xff, 0xff, 0xff, 0xff, 0xfe, 0x60, 0x00,
    0x02, 0x8f, 0xff, 0xff, 0xff, 0xff, 0xff, 0x80,
    0x00, 0x00, 0x5f, 0xff, 0xff, 0xff, 0xff, 0xfb,
    0x10, 0x00, 0x00, 0x00, 0x2e, 0xff, 0xff, 0xff,
    0xff, 0xff, 0x10, 0x00, 0x0c, 0xff, 0xff, 0xff,
    0xff, 0xfc, 0x00, 0x00, 0x00, 0x00, 0x00, 0x2e,
    0xff, 0xff, 0xff, 0xff, 0xf7, 0x00, 0x02, 0xff,
    0xff, 0xff, 0xff, 0xff, 0x20, 0x00, 0x00, 0x00,
    0x00, 0x00, 0x6f, 0xff, 0xff, 0xff, 0xff, 0xd0,
    0x00, 0x7f, 0xff, 0xff, 0xff, 0xff, 0x90, 0x00,
    0x00, 0x00, 0x00, 0x00, 0x00, 0xdf, 0xff, 0xff,
    0xff, 0xff, 0x20, 0x0c, 0xff, 0xff, 0xff, 0xff,
    0xf3, 0x00, 0x00, 0x00, 0x00, 0x00, 0x00, 0x07,
    0xff, 0xff, 0xff, 0xff, 0xf7, 0x00, 0xff, 0xff,
    0xff, 0xff, 0xfe, 0x00, 0x00, 0x00, 0x00, 0x00,
    0x00, 0x00, 0x2f, 0xff, 0xff, 0xff, 0xff, 0xb0,
    0x3f, 0xff, 0xff, 0xff, 0xff, 0xa0, 0x00, 0x00,
    0x00, 0x00, 0x00, 0x00, 0x00, 0xef, 0xff, 0xff,
    0xff, 0xfd, 0x05, 0xff, 0xff, 0xff, 0xff, 0xf8,
    0x00, 0x00, 0x00, 0x00, 0x00, 0x00, 0x00, 0x0c,
    0xff, 0xff, 0xff, 0xff, 0xf0, 0x7f, 0xff, 0xff,
    0xff, 0xff, 0x50, 0x00, 0x00, 0x00, 0x00, 0x00,
    0x00, 0x00, 0xaf, 0xff, 0xff, 0xff, 0xff, 0x28,
    0xff, 0xff, 0xff, 0xff, 0xf4, 0x00, 0x00, 0x00,
    0x00, 0x00, 0x00, 0x00, 0x08, 0xff, 0xff, 0xff,
    0xff, 0xf3, 0x9f, 0xff, 0xff, 0xff, 0xff, 0x40,
    0x00, 0x00, 0x00, 0x00, 0x00, 0x00, 0x00, 0x8f,
    0xff, 0xff, 0xff, 0xff, 0x4a, 0xff, 0xff, 0xff,
    0xff, 0xf3, 0x00, 0x00, 0x00, 0x00, 0x00, 0x00,
    0x00, 0x07, 0xff, 0xff, 0xff, 0xff, 0xf5, 0xaf,
    0xff, 0xff, 0xff, 0xff, 0x30, 0x00, 0x00, 0x00,
    0x00, 0x00, 0x00, 0x00, 0x7f, 0xff, 0xff, 0xff,
    0xff, 0x59, 0xff, 0xff, 0xff, 0xff, 0xf4, 0x00,
    0x00, 0x00, 0x00, 0x00, 0x00, 0x00, 0x08, 0xff,
    0xff, 0xff, 0xff, 0xf4, 0x8f, 0xff, 0xff, 0xff,
    0xff, 0x40, 0x00, 0x00, 0x00, 0x00, 0x00, 0x00,
    0x00, 0x8f, 0xff, 0xff, 0xff, 0xff, 0x37, 0xff,
    0xff, 0xff, 0xff, 0xf5, 0x00, 0x00, 0x00, 0x00,
    0x00, 0x00, 0x00, 0x09, 0xff, 0xff, 0xff, 0xff,
    0xf2, 0x5f, 0xff, 0xff, 0xff, 0xff, 0x80, 0x00,
    0x00, 0x00, 0x00, 0x00, 0x00, 0x00, 0xcf, 0xff,
    0xff, 0xff, 0xff, 0x03, 0xff, 0xff, 0xff, 0xff,
    0xfa, 0x00, 0x00, 0x00, 0x00, 0x00, 0x00, 0x00,
    0x0e, 0xff, 0xff, 0xff, 0xff, 0xe0, 0x0f, 0xff,
    0xff, 0xff, 0xff, 0xe0, 0x00, 0x00, 0x00, 0x00,
    0x00, 0x00, 0x02, 0xff, 0xff, 0xff, 0xff, 0xfb,
    0x00, 0xcf, 0xff, 0xff, 0xff, 0xff, 0x30, 0x00,
    0x00, 0x00, 0x00, 0x00, 0x00, 0x7f, 0xff, 0xff,
    0xff, 0xff, 0x70, 0x07, 0xff, 0xff, 0xff, 0xff,
    0xf9, 0x00, 0x00, 0x00, 0x00, 0x00, 0x00, 0x0d,
    0xff, 0xff, 0xff, 0xff, 0xf2, 0x00, 0x2f, 0xff,
    0xff, 0xff, 0xff, 0xf2, 0x00, 0x00, 0x00, 0x00,
    0x00, 0x06, 0xff, 0xff, 0xff, 0xff, 0xfd, 0x00,
    0x00, 0xcf, 0xff, 0xff, 0xff, 0xff, 0xc0, 0x00,
    0x00, 0x00, 0x00, 0x02, 0xef, 0xff, 0xff, 0xff,
    0xff, 0x70, 0x00, 0x05, 0xff, 0xff, 0xff, 0xff,
    0xff, 0xb0, 0x00, 0x00, 0x00, 0x02, 0xdf, 0xff,
    0xff, 0xff, 0xff, 0xf1, 0x00, 0x00, 0x0c, 0xff,
    0xff, 0xff, 0xff, 0xff, 0xe6, 0x00, 0x00, 0x18,
    0xff, 0xff, 0xff, 0xff, 0xff, 0xf8, 0x00, 0x00,
    0x00, 0x4f, 0xff, 0xff, 0xff, 0xff, 0xff, 0xff,
    0xdc, 0xef, 0xff, 0xff, 0xff, 0xff, 0xff, 0xfe,
    0x00, 0x00, 0x00, 0x00, 0x9f, 0xff, 0xff, 0xff,
    0xff, 0xff, 0xff, 0xff, 0xff, 0xff, 0xff, 0xff,
    0xff, 0xff, 0x40, 0x00, 0x00, 0x00, 0x00, 0xcf,
    0xff, 0xff, 0xff, 0xff, 0xff, 0xff, 0xff, 0xff,
    0xff, 0xff, 0xff, 0xff, 0x80, 0x00, 0x00, 0x00,
    0x00, 0x01, 0xdf, 0xff, 0xff, 0xff, 0xff, 0xff,
    0xff, 0xff, 0xff, 0xff, 0xff, 0xff, 0x90, 0x00,
    0x00, 0x00, 0x00, 0x00, 0x01, 0xcf, 0xff, 0xff,
    0xff, 0xff, 0xff, 0xff, 0xff, 0xff, 0xff, 0xff,
    0x90, 0x00, 0x00, 0x00, 0x00, 0x00, 0x00, 0x00,
    0x8f, 0xff, 0xff, 0xff, 0xff, 0xff, 0xff, 0xff,
    0xff, 0xff, 0x50, 0x00, 0x00, 0x00, 0x00, 0x00,
    0x00, 0x00, 0x00, 0x3b, 0xff, 0xff, 0xff, 0xff,
    0xff, 0xff, 0xff, 0xf9, 0x10, 0x00, 0x00, 0x00,
    0x00, 0x00, 0x00, 0x00, 0x00, 0x00, 0x02, 0x8d,
    0xff, 0xff, 0xff, 0xff, 0xfc, 0x71, 0x00, 0x00,
    0x00, 0x00, 0x00, 0x00, 0x00, 0x00, 0x00, 0x00,
    0x00, 0x00, 0x01, 0x46, 0x77, 0x65, 0x30, 0x00,
    0x00, 0x00, 0x00, 0x00, 0x00, 0x00,

    /* U+0031 "1" */
    0x9f, 0xff, 0xff, 0xff, 0xff, 0xff, 0xff, 0xff,
    0xff, 0x89, 0xff, 0xff, 0xff, 0xff, 0xff, 0xff,
    0xff, 0xff, 0xf8, 0x9f, 0xff, 0xff, 0xff, 0xff,
    0xff, 0xff, 0xff, 0xff, 0x89, 0xff, 0xff, 0xff,
    0xff, 0xff, 0xff, 0xff, 0xff, 0xf8, 0x9f, 0xff,
    0xff, 0xff, 0xff, 0xff, 0xff, 0xff, 0xff, 0x89,
    0xff, 0xff, 0xff, 0xff, 0xff, 0xff, 0xff, 0xff,
    0xf8, 0x9f, 0xff, 0xff, 0xff, 0xff, 0xff, 0xff,
    0xff, 0xff, 0x87, 0xdd, 0xdd, 0xdd, 0xde, 0xff,
    0xff, 0xff, 0xff, 0xf8, 0x00, 0x00, 0x00, 0x00,
    0x3f, 0xff, 0xff, 0xff, 0xff, 0x80, 0x00, 0x00,
    0x00, 0x03, 0xff, 0xff, 0xff, 0xff, 0xf8, 0x00,
    0x00, 0x00, 0x00, 0x3f, 0xff, 0xff, 0xff, 0xff,
    0x80, 0x00, 0x00, 0x00, 0x03, 0xff, 0xff, 0xff,
    0xff, 0xf8, 0x00, 0x00, 0x00, 0x00, 0x3f, 0xff,
    0xff, 0xff, 0xff, 0x80, 0x00, 0x00, 0x00, 0x03,
    0xff, 0xff, 0xff, 0xff, 0xf8, 0x00, 0x00, 0x00,
    0x00, 0x3f, 0xff, 0xff, 0xff, 0xff, 0x80, 0x00,
    0x00, 0x00, 0x03, 0xff, 0xff, 0xff, 0xff, 0xf8,
    0x00, 0x00, 0x00, 0x00, 0x3f, 0xff, 0xff, 0xff,
    0xff, 0x80, 0x00, 0x00, 0x00, 0x03, 0xff, 0xff,
    0xff, 0xff, 0xf8, 0x00, 0x00, 0x00, 0x00, 0x3f,
    0xff, 0xff, 0xff, 0xff, 0x80, 0x00, 0x00, 0x00,
    0x03, 0xff, 0xff, 0xff, 0xff, 0xf8, 0x00, 0x00,
    0x00, 0x00, 0x3f, 0xff, 0xff, 0xff, 0xff, 0x80,
    0x00, 0x00, 0x00, 0x03, 0xff, 0xff, 0xff, 0xff,
    0xf8, 0x00, 0x00, 0x00, 0x00, 0x3f, 0xff, 0xff,
    0xff, 0xff, 0x80, 0x00, 0x00, 0x00, 0x03, 0xff,
    0xff, 0xff, 0xff, 0xf8, 0x00, 0x00, 0x00, 0x00,
    0x3f, 0xff, 0xff, 0xff, 0xff, 0x80, 0x00, 0x00,
    0x00, 0x03, 0xff, 0xff, 0xff, 0xff, 0xf8, 0x00,
    0x00, 0x00, 0x00, 0x3f, 0xff, 0xff, 0xff, 0xff,
    0x80, 0x00, 0x00, 0x00, 0x03, 0xff, 0xff, 0xff,
    0xff, 0xf8, 0x00, 0x00, 0x00, 0x00, 0x3f, 0xff,
    0xff, 0xff, 0xff, 0x80, 0x00, 0x00, 0x00, 0x03,
    0xff, 0xff, 0xff, 0xff, 0xf8, 0x00, 0x00, 0x00,
    0x00, 0x3f, 0xff, 0xff, 0xff, 0xff, 0x80, 0x00,
    0x00, 0x00, 0x03, 0xff, 0xff, 0xff, 0xff, 0xf8,
    0x00, 0x00, 0x00, 0x00, 0x3f, 0xff, 0xff, 0xff,
    0xff, 0x80, 0x00, 0x00, 0x00, 0x03, 0xff, 0xff,
    0xff, 0xff, 0xf8, 0x00, 0x00, 0x00, 0x00, 0x3f,
    0xff, 0xff, 0xff, 0xff, 0x80, 0x00, 0x00, 0x00,
    0x03, 0xff, 0xff, 0xff, 0xff, 0xf8, 0x00, 0x00,
    0x00, 0x00, 0x3f, 0xff, 0xff, 0xff, 0xff, 0x80,
    0x00, 0x00, 0x00, 0x03, 0xff, 0xff, 0xff, 0xff,
    0xf8, 0x00, 0x00, 0x00, 0x00, 0x3f, 0xff, 0xff,
    0xff, 0xff, 0x80, 0x00, 0x00, 0x00, 0x03, 0xff,
    0xff, 0xff, 0xff, 0xf8, 0x00, 0x00, 0x00, 0x00,
    0x3f, 0xff, 0xff, 0xff, 0xff, 0x80, 0x00, 0x00,
    0x00, 0x03, 0xff, 0xff, 0xff, 0xff, 0xf8,

    /* U+0032 "2" */
    0x00, 0x00, 0x00, 0x00, 0x00, 0x00, 0x24, 0x67,
    0x77, 0x65, 0x30, 0x00, 0x00, 0x00, 0x00, 0x00,
    0x00, 0x00, 0x00, 0x00, 0x00, 0x17, 0xbf, 0xff,
    0xff, 0xff, 0xff, 0xff, 0xc7, 0x20, 0x00, 0x00,
    0x00, 0x00, 0x00, 0x00, 0x00, 0x3a, 0xff, 0xff,
    0xff, 0xff, 0xff, 0xff, 0xff, 0xff, 0xfa, 0x20,
    0x00, 0x00, 0x00, 0x00, 0x00, 0x1a, 0xff, 0xff,
    0xff, 0xff, 0xff, 0xff, 0xff, 0xff, 0xff, 0xff,
    0xf8, 0x00, 0x00, 0x00, 0x00, 0x04, 0xef, 0xff,
    0xff, 0xff, 0xff, 0xff, 0xff, 0xff, 0xff, 0xff,
    0xff, 0xff, 0xb0, 0x00, 0x00, 0x00, 0x6f, 0xff,
    0xff, 0xff, 0xff, 0xff, 0xff, 0xff, 0xff, 0xff,
    0xff, 0xff, 0xff, 0xfb, 0x00, 0x00, 0x06, 0xff,
    0xff, 0xff, 0xff, 0xff, 0xff, 0xff, 0xff, 0xff,
    0xff, 0xff, 0xff, 0xff, 0xff, 0x80, 0x00, 0x4f,
    0xff, 0xff, 0xff, 0xff, 0xff, 0xff, 0xff, 0xff,
    0xff, 0xff, 0xff, 0xff, 0xff, 0xff, 0xf2, 0x00,
    0x9f, 0xff, 0xff, 0xff, 0xff, 0xff, 0xfe, 0xcb,
    0xcd, 0xff, 0xff, 0xff, 0xff, 0xff, 0xff, 0xf8,
    0x00, 0x04, 0xdf, 0xff, 0xff, 0xff, 0xe8, 0x20,
    0x00, 0x00, 0x05, 0xdf, 0xff, 0xff, 0xff, 0xff,
    0xfe, 0x00, 0x00, 0x08, 0xff, 0xff, 0xf8, 0x00,
    0x00, 0x00, 0x00, 0x00, 0x0b, 0xff, 0xff, 0xff,
    0xff, 0xff, 0x10, 0x00, 0x00, 0x3c, 0xff, 0x50,
    0x00, 0x00, 0x00, 0x00, 0x00, 0x01, 0xef, 0xff,
    0xff, 0xff, 0xff, 0x40, 0x00, 0x00, 0x00, 0x76,
    0x00, 0x00, 0x00, 0x00, 0x00, 0x00, 0x00, 0xaf,
    0xff, 0xff, 0xff, 0xff, 0x50, 0x00, 0x00, 0x00,
    0x00, 0x00, 0x00, 0x00, 0x00, 0x00, 0x00, 0x00,
    0x7f, 0xff, 0xff, 0xff, 0xff, 0x40, 0x00, 0x00,
    0x00, 0x00, 0x00, 0x00, 0x00, 0x00, 0x00, 0x00,
    0x00, 0x8f, 0xff, 0xff, 0xff, 0xff, 0x30, 0x00,
    0x00, 0x00, 0x00, 0x00, 0x00, 0x00, 0x00, 0x00,
    0x00, 0x00, 0xaf, 0xff, 0xff, 0xff, 0xff, 0x10,
    0x00, 0x00, 0x00, 0x00, 0x00, 0x00, 0x00, 0x00,
    0x00, 0x00, 0x00, 0xff, 0xff, 0xff, 0xff, 0xfd,
    0x00, 0x00, 0x00, 0x00, 0x00, 0x00, 0x00, 0x00,
    0x00, 0x00, 0x00, 0x06, 0xff, 0xff, 0xff, 0xff,
    0xf8, 0x00, 0x00, 0x00, 0x00, 0x00, 0x00, 0x00,
    0x00, 0x00, 0x00, 0x00, 0x1e, 0xff, 0xff, 0xff,
    0xff, 0xf2, 0x00, 0x00, 0x00, 0x00, 0x00, 0x00,
    0x00, 0x00, 0x00, 0x00, 0x00, 0xcf, 0xff, 0xff,
    0xff, 0xff, 0xa0, 0x00, 0x00, 0x00, 0x00, 0x00,
    0x00, 0x00, 0x00, 0x00, 0x00, 0x0b, 0xff, 0xff,
    0xff, 0xff, 0xff, 0x20, 0x00, 0x00, 0x00, 0x00,
    0x00, 0x00, 0x00, 0x00, 0x00, 0x00, 0xbf, 0xff,
    0xff, 0xff, 0xff, 0xf7, 0x00, 0x00, 0x00, 0x00,
    0x00, 0x00, 0x00, 0x00, 0x00, 0x00, 0x1c, 0xff,
    0xff, 0xff, 0xff, 0xff, 0xa0, 0x00, 0x00, 0x00,
    0x00, 0x00, 0x00, 0x00, 0x00, 0x00, 0x01, 0xdf,
    0xff, 0xff, 0xff, 0xff, 0xfc, 0x00, 0x00, 0x00,
    0x00, 0x00, 0x00, 0x00, 0x00, 0x00, 0x00, 0x2d,
    0xff, 0xff, 0xff, 0xff, 0xff, 0xc0, 0x00, 0x00,
    0x00, 0x00, 0x00, 0x00, 0x00, 0x00, 0x00, 0x02,
    0xef, 0xff, 0xff, 0xff, 0xff, 0xfc, 0x00, 0x00,
    0x00, 0x00, 0x00, 0x00, 0x00, 0x00, 0x00, 0x00,
    0x3e, 0xff, 0xff, 0xff, 0xff, 0xff, 0xb0, 0x00,
    0x00, 0x00, 0x00, 0x00, 0x00, 0x00, 0x00, 0x00,
    0x04, 0xff, 0xff, 0xff, 0xff, 0xff, 0xfa, 0x00,
    0x00, 0x00, 0x00, 0x00, 0x00, 0x00, 0x00, 0x00,
    0x00, 0x4f, 0xff, 0xff, 0xff, 0xff, 0xff, 0x90,
    0x00, 0x00, 0x00, 0x00, 0x00, 0x00, 0x00, 0x00,
    0x00, 0x05, 0xff, 0xff, 0xff, 0xff, 0xff, 0xf8,
    0x00, 0x00, 0x00, 0x00, 0x00, 0x00, 0x00, 0x00,
    0x00, 0x00, 0x6f, 0xff, 0xff, 0xff, 0xff, 0xff,
    0x70, 0x00, 0x00, 0x00, 0x00, 0x00, 0x00, 0x00,
    0x00, 0x00, 0x07, 0xff, 0xff, 0xff, 0xff, 0xff,
    0xf6, 0x00, 0x00, 0x00, 0x00, 0x00, 0x00, 0x00,
    0x00, 0x00, 0x00, 0x8f, 0xff, 0xff, 0xff, 0xff,
    0xff, 0x50, 0x00, 0x00, 0x00, 0x00, 0x00, 0x00,
    0x00, 0x00, 0x00, 0x09, 0xff, 0xff, 0xff, 0xff,
    0xff, 0xf4, 0x00, 0x00, 0x00, 0x00, 0x00, 0x00,
    0x00, 0x00, 0x00, 0x00, 0xaf, 0xff, 0xff, 0xff,
    0xff, 0xff, 0x40, 0x00, 0x00, 0x00, 0x00, 0x00,
    0x00, 0x00, 0x00, 0x00, 0x0b, 0xff, 0xff, 0xff,
    0xff, 0xff, 0xff, 0xff, 0xff, 0xff, 0xff, 0xff,
    0xff, 0xff, 0xff, 0xfb, 0x00, 0xcf, 0xff, 0xff,
    0xff, 0xff, 0xff, 0xff, 0xff, 0xff, 0xff, 0xff,
    0xff, 0xff, 0xff, 0xff, 0xfb, 0x00, 0xff, 0xff,
    0xff, 0xff, 0xff, 0xff, 0xff, 0xff, 0xff, 0xff,
    0xff, 0xff, 0xff, 0xff, 0xff, 0xfb, 0x00, 0xff,
    0xff, 0xff, 0xff, 0xff, 0xff, 0xff, 0xff, 0xff,
    0xff, 0xff, 0xff, 0xff, 0xff, 0xff, 0xfb, 0x00,
    0xff, 0xff, 0xff, 0xff, 0xff, 0xff, 0xff, 0xff,
    0xff, 0xff, 0xff, 0xff, 0xff, 0xff, 0xff, 0xfb,
    0x00, 0xff, 0xff, 0xff, 0xff, 0xff, 0xff, 0xff,
    0xff, 0xff, 0xff, 0xff, 0xff, 0xff, 0xff, 0xff,
    0xfb, 0x00, 0xff, 0xff, 0xff, 0xff, 0xff, 0xff,
    0xff, 0xff, 0xff, 0xff, 0xff, 0xff, 0xff, 0xff,
    0xff, 0xfb, 0x00, 0xff, 0xff, 0xff, 0xff, 0xff,
    0xff, 0xff, 0xff, 0xff, 0xff, 0xff, 0xff, 0xff,
    0xff, 0xff, 0xfb,

    /* U+0033 "3" */
    0x00, 0x0f, 0xff, 0xff, 0xff, 0xff, 0xff, 0xff,
    0xff, 0xff, 0xff, 0xff, 0xff, 0xff, 0xff, 0xff,
    0x70, 0x00, 0x00, 0xff, 0xff, 0xff, 0xff, 0xff,
    0xff, 0xff, 0xff, 0xff, 0xff, 0xff, 0xff, 0xff,
    0xff, 0xf7, 0x00, 0x00, 0x0f, 0xff, 0xff, 0xff,
    0xff, 0xff, 0xff, 0xff, 0xff, 0xff, 0xff, 0xff,
    0xff, 0xff, 0xff, 0x70, 0x00, 0x00, 0xff, 0xff,
    0xff, 0xff, 0xff, 0xff, 0xff, 0xff, 0xff, 0xff,
    0xff, 0xff, 0xff, 0xff, 0xf7, 0x00, 0x00, 0x0f,
    0xff, 0xff, 0xff, 0xff, 0xff, 0xff, 0xff, 0xff,
    0xff, 0xff, 0xff, 0xff, 0xff, 0xff, 0x70, 0x00,
    0x00, 0xff, 0xff, 0xff, 0xff, 0xff, 0xff, 0xff,
    0xff, 0xff, 0xff, 0xff, 0xff, 0xff, 0xff, 0xf7,
    0x00, 0x00, 0x0f, 0xff, 0xff, 0xff, 0xff, 0xff,
    0xff, 0xff, 0xff, 0xff, 0xff, 0xff, 0xff, 0xff,
    0xff, 0x40, 0x00, 0x00, 0xdd, 0xdd, 0xdd, 0xdd,
    0xdd, 0xdd, 0xdd, 0xdd, 0xde, 0xff, 0xff, 0xff,
    0xff, 0xff, 0x60, 0x00, 0x00, 0x00, 0x00, 0x00,
    0x00, 0x00, 0x00, 0x00, 0x00, 0x00, 0xbf, 0xff,
    0xff, 0xff, 0xff, 0x80, 0x00, 0x00, 0x00, 0x00,
    0x00, 0x00, 0x00, 0x00, 0x00, 0x00, 0x00, 0x9f,
    0xff, 0xff, 0xff, 0xff, 0x90, 0x00, 0x00, 0x00,
    0x00, 0x00, 0x00, 0x00, 0x00, 0x00, 0x00, 0x00,
    0x7f, 0xff, 0xff, 0xff, 0xff, 0xb0, 0x00, 0x00,
    0x00, 0x00, 0x00, 0x00, 0x00, 0x00, 0x00, 0x00,
    0x00, 0x6f, 0xff, 0xff, 0xff, 0xff, 0xc0, 0x00,
    0x00, 0x00, 0x00, 0x00, 0x00, 0x00, 0x00, 0x00,
    0x00, 0x00, 0x4f, 0xff, 0xff, 0xff, 0xff, 0xd1,
    0x00, 0x00, 0x00, 0x00, 0x00, 0x00, 0x00, 0x00,
    0x00, 0x00, 0x00, 0x3f, 0xff, 0xff, 0xff, 0xff,
    0xe2, 0x00, 0x00, 0x00, 0x00, 0x00, 0x00, 0x00,
    0x00, 0x00, 0x00, 0x00, 0x2e, 0xff, 0xff, 0xff,
    0xff, 0xf3, 0x00, 0x00, 0x00, 0x00, 0x00, 0x00,
    0x00, 0x00, 0x00, 0x00, 0x00, 0x1d, 0xff, 0xff,
    0xff, 0xff, 0xf4, 0x00, 0x00, 0x00, 0x00, 0x00,
    0x00, 0x00, 0x00, 0x00, 0x00, 0x00, 0x0c, 0xff,
    0xff, 0xff, 0xff, 0xf6, 0x00, 0x00, 0x00, 0x00,
    0x00, 0x00, 0x00, 0x00, 0x00, 0x00, 0x00, 0x09,
    0xff, 0xff, 0xff, 0xff, 0xff, 0xea, 0x61, 0x00,
    0x00, 0x00, 0x00, 0x00, 0x00, 0x00, 0x00, 0x00,
    0x00, 0xbf, 0xff, 0xff, 0xff, 0xff, 0xff, 0xff,
    0xfa, 0x20, 0x00, 0x00, 0x00, 0x00, 0x00, 0x00,
    0x00, 0x00, 0x0b, 0xff, 0xff, 0xff, 0xff, 0xff,
    0xff, 0xff, 0xff, 0x80, 0x00, 0x00, 0x00, 0x00,
    0x00, 0x00, 0x00, 0x00, 0xbf, 0xff, 0xff, 0xff,
    0xff, 0xff, 0xff, 0xff, 0xff, 0xb0, 0x00, 0x00,
    0x00, 0x00, 0x00, 0x00, 0x00, 0x0b, 0xff, 0xff,
    0xff, 0xff, 0xff, 0xff, 0xff, 0xff, 0xff, 0xb0,
    0x00, 0x00, 0x00, 0x00, 0x00, 0x00, 0x00, 0xbf,
    0xff, 0xff, 0xff, 0xff, 0xff, 0xff, 0xff, 0xff,
    0xff, 0x70, 0x00, 0x00, 0x00, 0x00, 0x00, 0x00,
    0x09, 0xdd, 0xdd, 0xef, 0xff, 0xff, 0xff, 0xff,
    0xff, 0xff, 0xff, 0x10, 0x00, 0x00, 0x00, 0x00,
    0x00, 0x00, 0x00, 0x00, 0x00, 0x01, 0x49, 0xff,
    0xff, 0xff, 0xff, 0xff, 0xf8, 0x00, 0x00, 0x00,
    0x00, 0x00, 0x00, 0x00, 0x00, 0x00, 0x00, 0x00,
    0x02, 0xef, 0xff, 0xff, 0xff, 0xff, 0xd0, 0x00,
    0x00, 0x00, 0x00, 0x00, 0x00, 0x00, 0x00, 0x00,
    0x00, 0x00, 0x02, 0xff, 0xff, 0xff, 0xff, 0xff,
    0x10, 0x00, 0x00, 0x00, 0x00, 0x00, 0x00, 0x00,
    0x00, 0x00, 0x00, 0x00, 0x0a, 0xff, 0xff, 0xff,
    0xff, 0xf3, 0x00, 0x00, 0x00, 0x00, 0x00, 0x00,
    0x00, 0x00, 0x00, 0x00, 0x00, 0x00, 0x7f, 0xff,
    0xff, 0xff, 0xff, 0x50, 0x00, 0x00, 0x00, 0x00,
    0x00, 0x00, 0x00, 0x00, 0x00, 0x00, 0x00, 0x07,
    0xff, 0xff, 0xff, 0xff, 0xf5, 0x00, 0x00, 0x21,
    0x00, 0x00, 0x00, 0x00, 0x00, 0x00, 0x00, 0x00,
    0x00, 0xaf, 0xff, 0xff, 0xff, 0xff, 0x40, 0x00,
    0x0c, 0xe5, 0x00, 0x00, 0x00, 0x00, 0x00, 0x00,
    0x00, 0x00, 0x2f, 0xff, 0xff, 0xff, 0xff, 0xf1,
    0x00, 0x04, 0xff, 0xfc, 0x60, 0x00, 0x00, 0x00,
    0x00, 0x00, 0x00, 0x2e, 0xff, 0xff, 0xff, 0xff,
    0xfd, 0x00, 0x00, 0xcf, 0xff, 0xff, 0xfa, 0x62,
    0x00, 0x00, 0x00, 0x03, 0x9f, 0xff, 0xff, 0xff,
    0xff, 0xff, 0x80, 0x00, 0x4f, 0xff, 0xff, 0xff,
    0xff, 0xff, 0xec, 0xbc, 0xdf, 0xff, 0xff, 0xff,
    0xff, 0xff, 0xff, 0xf1, 0x00, 0x0c, 0xff, 0xff,
    0xff, 0xff, 0xff, 0xff, 0xff, 0xff, 0xff, 0xff,
    0xff, 0xff, 0xff, 0xff, 0xf8, 0x00, 0x05, 0xff,
    0xff, 0xff, 0xff, 0xff, 0xff, 0xff, 0xff, 0xff,
    0xff, 0xff, 0xff, 0xff, 0xff, 0xfd, 0x00, 0x00,
    0xdf, 0xff, 0xff, 0xff, 0xff, 0xff, 0xff, 0xff,
    0xff, 0xff, 0xff, 0xff, 0xff, 0xff, 0xfe, 0x20,
    0x00, 0x05, 0xef, 0xff, 0xff, 0xff, 0xff, 0xff,
    0xff, 0xff, 0xff, 0xff, 0xff, 0xff, 0xff, 0xfd,
    0x20, 0x00, 0x00, 0x00, 0x7e, 0xff, 0xff, 0xff,
    0xff, 0xff, 0xff, 0xff, 0xff, 0xff, 0xff, 0xff,
    0xf9, 0x00, 0x00, 0x00, 0x00, 0x00, 0x06, 0xcf,
    0xff, 0xff, 0xff, 0xff, 0xff, 0xff, 0xff, 0xff,
    0xff, 0xb3, 0x00, 0x00, 0x00, 0x00, 0x00, 0x00,
    0x00, 0x16, 0xad, 0xff, 0xff, 0xff, 0xff, 0xff,
    0xff, 0xb7, 0x10, 0x00, 0x00, 0x00, 0x00, 0x00,
    0x00, 0x00, 0x00, 0x00, 0x00, 0x34, 0x67, 0x77,
    0x76, 0x42, 0x00, 0x00, 0x00, 0x00, 0x00, 0x00,
    0x00,

    /* U+0034 "4" */
    0x00, 0x00, 0x00, 0x00, 0x00, 0x00, 0x00, 0x00,
    0x00, 0x00, 0xbf, 0xff, 0xff, 0xff, 0xff, 0x70,
    0x00, 0x00, 0x00, 0x00, 0x00, 0x00, 0x00, 0x00,
    0x00, 0x00, 0x00, 0x00, 0x00, 0x07, 0xff, 0xff,
    0xff, 0xff, 0xfc, 0x00, 0x00, 0x00, 0x00, 0x00,
    0x00, 0x00, 0x00, 0x00, 0x00, 0x00, 0x00, 0x00,
    0x00, 0x3f, 0xff, 0xff, 0xff, 0xff, 0xe1, 0x00,
    0x00, 0x00, 0x00, 0x00, 0x00, 0x00, 0x00, 0x00,
    0x00, 0x00, 0x00, 0x00, 0x01, 0xef, 0xff, 0xff,
    0xff, 0xff, 0x40, 0x00, 0x00, 0x00, 0x00, 0x00,
    0x00, 0x00, 0x00, 0x00, 0x00, 0x00, 0x00, 0x00,
    0x0b, 0xff, 0xff, 0xff, 0xff, 0xf9, 0x00, 0x00,
    0x00, 0x00, 0x00, 0x00, 0x00, 0x00, 0x00, 0x00,
    0x00, 0x00, 0x00, 0x00, 0x7f, 0xff, 0xff, 0xff,
    0xff, 0xc0, 0x00, 0x00, 0x00, 0x00, 0x00, 0x00,
    0x00, 0x00, 0x00, 0x00, 0x00, 0x00, 0x00, 0x03,
    0xff, 0xff, 0xff, 0xff, 0xff, 0x20, 0x00, 0x00,
    0x00, 0x00, 0x00, 0x00, 0x00, 0x00, 0x00, 0x00,
    0x00, 0x00, 0x00, 0x1e, 0xff, 0xff, 0xff, 0xff,
    0xf6, 0x00, 0x00, 0x00, 0x00, 0x00, 0x00, 0x00,
    0x00, 0x00, 0x00, 0x00, 0x00, 0x00, 0x00, 0xbf,
    0xff, 0xff, 0xff, 0xff, 0xa0, 0x00, 0x00, 0x00,
    0x00, 0x00, 0x00, 0x00, 0x00, 0x00, 0x00, 0x00,
    0x00, 0x00, 0x07, 0xff, 0xff, 0xff, 0xff, 0xfd,
    0x00, 0x00, 0x00, 0x00, 0x00, 0x00, 0x00, 0x00,
    0x00, 0x00, 0x00, 0x00, 0x00, 0x00, 0x3f, 0xff,
    0xff, 0xff, 0xff, 0xf3, 0x00, 0x00, 0x00, 0x00,
    0x00, 0x00, 0x00, 0x00, 0x00, 0x00, 0x00, 0x00,
    0x00, 0x01, 0xef, 0xff, 0xff, 0xff, 0xff, 0x70,
    0x00, 0x00, 0x00, 0x00, 0x00, 0x00, 0x00, 0x00,
    0x00, 0x00, 0x00, 0x00, 0x00, 0x0b, 0xff, 0xff,
    0xff, 0xff, 0xfb, 0x00, 0x00, 0x00, 0x00, 0x00,
    0x00, 0x00, 0x00, 0x00, 0x00, 0x00, 0x00, 0x00,
    0x00, 0x7f, 0xff, 0xff, 0xff, 0xff, 0xe1, 0x00,
    0x00, 0x00, 0x00, 0x00, 0x00, 0x00, 0x00, 0x00,
    0x00, 0x00, 0x00, 0x00, 0x03, 0xff, 0xff, 0xff,
    0xff, 0xff, 0x40, 0x00, 0x00, 0x00, 0x00, 0x00,
    0x00, 0x00, 0x00, 0x00, 0x00, 0x00, 0x00, 0x00,
    0x1e, 0xff, 0xff, 0xff, 0xff, 0xf8, 0x00, 0x00,
    0x00, 0x00, 0x00, 0x00, 0x00, 0x00, 0x00, 0x00,
    0x00, 0x00, 0x00, 0x00, 0xbf, 0xff, 0xff, 0xff,
    0xff, 0xc0, 0x00, 0x00, 0x00, 0x00, 0x00, 0x00,
    0x00, 0x00, 0x00, 0x00, 0x00, 0x00, 0x00, 0x07,
    0xff, 0xff, 0xff, 0xff, 0xff, 0x20, 0x00, 0x02,
    0xcc, 0xcc, 0xcc, 0xcc, 0xb0, 0x00, 0x00, 0x00,
    0x00, 0x00, 0x00, 0x3f, 0xff, 0xff, 0xff, 0xff,
    0xf5, 0x00, 0x00, 0x03, 0xff, 0xff, 0xff, 0xff,
    0xf0, 0x00, 0x00, 0x00, 0x00, 0x00, 0x01, 0xef,
    0xff, 0xff, 0xff, 0xff, 0x90, 0x00, 0x00, 0x03,
    0xff, 0xff, 0xff, 0xff, 0xf0, 0x00, 0x00, 0x00,
    0x00, 0x00, 0x0b, 0xff, 0xff, 0xff, 0xff, 0xfd,
    0x00, 0x00, 0x00, 0x03, 0xff, 0xff, 0xff, 0xff,
    0xf0, 0x00, 0x00, 0x00, 0x00, 0x00, 0x7f, 0xff,
    0xff, 0xff, 0xff, 0xf2, 0x00, 0x00, 0x00, 0x03,
    0xff, 0xff, 0xff, 0xff, 0xf0, 0x00, 0x00, 0x00,
    0x00, 0x03, 0xff, 0xff, 0xff, 0xff, 0xff, 0x60,
    0x00, 0x00, 0x00, 0x03, 0xff, 0xff, 0xff, 0xff,
    0xf0, 0x00, 0x00, 0x00, 0x00, 0x1e, 0xff, 0xff,
    0xff, 0xff, 0xfa, 0x00, 0x00, 0x00, 0x00, 0x03,
    0xff, 0xff, 0xff, 0xff, 0xf0, 0x00, 0x00, 0x00,
    0x00, 0xbf, 0xff, 0xff, 0xff, 0xff, 0xe1, 0x00,
    0x00, 0x00, 0x00, 0x03, 0xff, 0xff, 0xff, 0xff,
    0xf0, 0x00, 0x00, 0x00, 0x07, 0xff, 0xff, 0xff,
    0xff, 0xff, 0xff, 0xff, 0xff, 0xff, 0xff, 0xff,
    0xff, 0xff, 0xff, 0xff, 0xff, 0xff, 0xff, 0xfc,
    0x1f, 0xff, 0xff, 0xff, 0xff, 0xff, 0xff, 0xff,
    0xff, 0xff, 0xff, 0xff, 0xff, 0xff, 0xff, 0xff,
    0xff, 0xff, 0xff, 0xfc, 0x2f, 0xff, 0xff, 0xff,
    0xff, 0xff, 0xff, 0xff, 0xff, 0xff, 0xff, 0xff,
    0xff, 0xff, 0xff, 0xff, 0xff, 0xff, 0xff, 0xfc,
    0x2f, 0xff, 0xff, 0xff, 0xff, 0xff, 0xff, 0xff,
    0xff, 0xff, 0xff, 0xff, 0xff, 0xff, 0xff, 0xff,
    0xff, 0xff, 0xff, 0xfc, 0x2f, 0xff, 0xff, 0xff,
    0xff, 0xff, 0xff, 0xff, 0xff, 0xff, 0xff, 0xff,
    0xff, 0xff, 0xff, 0xff, 0xff, 0xff, 0xff, 0xfc,
    0x2f, 0xff, 0xff, 0xff, 0xff, 0xff, 0xff, 0xff,
    0xff, 0xff, 0xff, 0xff, 0xff, 0xff, 0xff, 0xff,
    0xff, 0xff, 0xff, 0xfc, 0x2f, 0xff, 0xff, 0xff,
    0xff, 0xff, 0xff, 0xff, 0xff, 0xff, 0xff, 0xff,
    0xff, 0xff, 0xff, 0xff, 0xff, 0xff, 0xff, 0xfc,
    0x2f, 0xff, 0xff, 0xff, 0xff, 0xff, 0xff, 0xff,
    0xff, 0xff, 0xff, 0xff, 0xff, 0xff, 0xff, 0xff,
    0xff, 0xff, 0xff, 0xfc, 0x00, 0x00, 0x00, 0x00,
    0x00, 0x00, 0x00, 0x00, 0x00, 0x00, 0x00, 0x08,
    0xff, 0xff, 0xff, 0xff, 0xf0, 0x00, 0x00, 0x00,
    0x00, 0x00, 0x00, 0x00, 0x00, 0x00, 0x00, 0x00,
    0x00, 0x00, 0x00, 0x08, 0xff, 0xff, 0xff, 0xff,
    0xf0, 0x00, 0x00, 0x00, 0x00, 0x00, 0x00, 0x00,
    0x00, 0x00, 0x00, 0x00, 0x00, 0x00, 0x00, 0x08,
    0xff, 0xff, 0xff, 0xff, 0xf0, 0x00, 0x00, 0x00,
    0x00, 0x00, 0x00, 0x00, 0x00, 0x00, 0x00, 0x00,
    0x00, 0x00, 0x00, 0x08, 0xff, 0xff, 0xff, 0xff,
    0xf0, 0x00, 0x00, 0x00, 0x00, 0x00, 0x00, 0x00,
    0x00, 0x00, 0x00, 0x00, 0x00, 0x00, 0x00, 0x08,
    0xff, 0xff, 0xff, 0xff, 0xf0, 0x00, 0x00, 0x00,
    0x00, 0x00, 0x00, 0x00, 0x00, 0x00, 0x00, 0x00,
    0x00, 0x00, 0x00, 0x08, 0xff, 0xff, 0xff, 0xff,
    0xf0, 0x00, 0x00, 0x00, 0x00, 0x00, 0x00, 0x00,
    0x00, 0x00, 0x00, 0x00, 0x00, 0x00, 0x00, 0x08,
    0xff, 0xff, 0xff, 0xff, 0xf0, 0x00, 0x00, 0x00,
    0x00, 0x00, 0x00, 0x00, 0x00, 0x00, 0x00, 0x00,
    0x00, 0x00, 0x00, 0x08, 0xff, 0xff, 0xff, 0xff,
    0xf0, 0x00, 0x00, 0x00, 0x00, 0x00, 0x00, 0x00,
    0x00, 0x00, 0x00, 0x00, 0x00, 0x00, 0x00, 0x08,
    0xff, 0xff, 0xff, 0xff, 0xf0, 0x00, 0x00, 0x00,

    /* U+0035 "5" */
    0x00, 0x00, 0x02, 0xff, 0xff, 0xff, 0xff, 0xff,
    0xff, 0xff, 0xff, 0xff, 0xff, 0xff, 0xff, 0xf8,
    0x00, 0x00, 0x00, 0x00, 0x4f, 0xff, 0xff, 0xff,
    0xff, 0xff, 0xff, 0xff, 0xff, 0xff, 0xff, 0xff,
    0xff, 0x80, 0x00, 0x00, 0x00, 0x05, 0xff, 0xff,
    0xff, 0xff, 0xff, 0xff, 0xff, 0xff, 0xff, 0xff,
    0xff, 0xff, 0xf8, 0x00, 0x00, 0x00, 0x00, 0x7f,
    0xff, 0xff, 0xff, 0xff, 0xff, 0xff, 0xff, 0xff,
    0xff, 0xff, 0xff, 0xff, 0x80, 0x00, 0x00, 0x00,
    0x08, 0xff, 0xff, 0xff, 0xff, 0xff, 0xff, 0xff,
    0xff, 0xff, 0xff, 0xff, 0xff, 0xf8, 0x00, 0x00,
    0x00, 0x00, 0xaf, 0xff, 0xff, 0xff, 0xff, 0xff,
    0xff, 0xff, 0xff, 0xff, 0xff, 0xff, 0xff, 0x80,
    0x00, 0x00, 0x00, 0x0b, 0xff, 0xff, 0xff, 0xff,
    0xff, 0xff, 0xff, 0xff, 0xff, 0xff, 0xff, 0xff,
    0xf8, 0x00, 0x00, 0x00, 0x00, 0xdf, 0xff, 0xff,
    0xff, 0xfd, 0xdd, 0xdd, 0xdd, 0xdd, 0xdd, 0xdd,
    0xdd, 0xdd, 0x60, 0x00, 0x00, 0x00, 0x0e, 0xff,
    0xff, 0xff, 0xfe, 0x00, 0x00, 0x00, 0x00, 0x00,
    0x00, 0x00, 0x00, 0x00, 0x00, 0x00, 0x00, 0x00,
    0xff, 0xff, 0xff, 0xff, 0xd0, 0x00, 0x00, 0x00,
    0x00, 0x00, 0x00, 0x00, 0x00, 0x00, 0x00, 0x00,
    0x00, 0x1f, 0xff, 0xff, 0xff, 0xfb, 0x00, 0x00,
    0x00, 0x00, 0x00, 0x00, 0x00, 0x00, 0x00, 0x00,
    0x00, 0x00, 0x03, 0xff, 0xff, 0xff, 0xff, 0xa0,
    0x00, 0x00, 0x00, 0x00, 0x00, 0x00, 0x00, 0x00,
    0x00, 0x00, 0x00, 0x00, 0x4f, 0xff, 0xff, 0xff,
    0xf8, 0x00, 0x00, 0x00, 0x00, 0x00, 0x00, 0x00,
    0x00, 0x00, 0x00, 0x00, 0x00, 0x06, 0xff, 0xff,
    0xff, 0xff, 0x70, 0x00, 0x00, 0x00, 0x00, 0x00,
    0x00, 0x00, 0x00, 0x00, 0x00, 0x00, 0x00, 0x7f,
    0xff, 0xff, 0xff, 0xf5, 0x00, 0x00, 0x00, 0x00,
    0x00, 0x00, 0x00, 0x00, 0x00, 0x00, 0x00, 0x00,
    0x09, 0xff, 0xff, 0xff, 0xff, 0xfe, 0xee, 0xed,
    0xdb, 0x97, 0x30, 0x00, 0x00, 0x00, 0x00, 0x00,
    0x00, 0x00, 0xaf, 0xff, 0xff, 0xff, 0xff, 0xff,
    0xff, 0xff, 0xff, 0xff, 0xfa, 0x40, 0x00, 0x00,
    0x00, 0x00, 0x00, 0x0c, 0xff, 0xff, 0xff, 0xff,
    0xff, 0xff, 0xff, 0xff, 0xff, 0xff, 0xff, 0xc3,
    0x00, 0x00, 0x00, 0x00, 0x00, 0xdf, 0xff, 0xff,
    0xff, 0xff, 0xff, 0xff, 0xff, 0xff, 0xff, 0xff,
    0xff, 0xf8, 0x00, 0x00, 0x00, 0x00, 0x0f, 0xff,
    0xff, 0xff, 0xff, 0xff, 0xff, 0xff, 0xff, 0xff,
    0xff, 0xff, 0xff, 0xfa, 0x00, 0x00, 0x00, 0x00,
    0xff, 0xff, 0xff, 0xff, 0xff, 0xff, 0xff, 0xff,
    0xff, 0xff, 0xff, 0xff, 0xff, 0xf9, 0x00, 0x00,
    0x00, 0x2f, 0xff, 0xff, 0xff, 0xff, 0xff, 0xff,
    0xff, 0xff, 0xff, 0xff, 0xff, 0xff, 0xff, 0xf4,
    0x00, 0x00, 0x03, 0xff, 0xff, 0xff, 0xff, 0xff,
    0xff, 0xff, 0xff, 0xff, 0xff, 0xff, 0xff, 0xff,
    0xff, 0xc0, 0x00, 0x00, 0x00, 0x00, 0x00, 0x00,
    0x00, 0x00, 0x01, 0x24, 0x7c, 0xff, 0xff, 0xff,
    0xff, 0xff, 0xff, 0x30, 0x00, 0x00, 0x00, 0x00,
    0x00, 0x00, 0x00, 0x00, 0x00, 0x00, 0x02, 0xcf,
    0xff, 0xff, 0xff, 0xff, 0xf8, 0x00, 0x00, 0x00,
    0x00, 0x00, 0x00, 0x00, 0x00, 0x00, 0x00, 0x00,
    0x00, 0xcf, 0xff, 0xff, 0xff, 0xff, 0xc0, 0x00,
    0x00, 0x00, 0x00, 0x00, 0x00, 0x00, 0x00, 0x00,
    0x00, 0x00, 0x03, 0xff, 0xff, 0xff, 0xff, 0xff,
    0x00, 0x00, 0x00, 0x00, 0x00, 0x00, 0x00, 0x00,
    0x00, 0x00, 0x00, 0x00, 0x0e, 0xff, 0xff, 0xff,
    0xff, 0xf0, 0x00, 0x00, 0x00, 0x00, 0x00, 0x00,
    0x00, 0x00, 0x00, 0x00, 0x00, 0x00, 0xcf, 0xff,
    0xff, 0xff, 0xff, 0x00, 0x00, 0x00, 0x00, 0x00,
    0x00, 0x00, 0x00, 0x00, 0x00, 0x00, 0x00, 0x0d,
    0xff, 0xff, 0xff, 0xff, 0xf0, 0x00, 0x00, 0x50,
    0x00, 0x00, 0x00, 0x00, 0x00, 0x00, 0x00, 0x00,
    0x01, 0xff, 0xff, 0xff, 0xff, 0xfe, 0x00, 0x00,
    0x2f, 0xe4, 0x00, 0x00, 0x00, 0x00, 0x00, 0x00,
    0x00, 0x00, 0x9f, 0xff, 0xff, 0xff, 0xff, 0xb0,
    0x00, 0x0a, 0xff, 0xfc, 0x50, 0x00, 0x00, 0x00,
    0x00, 0x00, 0x00, 0x8f, 0xff, 0xff, 0xff, 0xff,
    0xf7, 0x00, 0x02, 0xff, 0xff, 0xff, 0xe9, 0x51,
    0x00, 0x00, 0x00, 0x16, 0xdf, 0xff, 0xff, 0xff,
    0xff, 0xff, 0x10, 0x00, 0xaf, 0xff, 0xff, 0xff,
    0xff, 0xfe, 0xdc, 0xbc, 0xef, 0xff, 0xff, 0xff,
    0xff, 0xff, 0xff, 0xa0, 0x00, 0x2f, 0xff, 0xff,
    0xff, 0xff, 0xff, 0xff, 0xff, 0xff, 0xff, 0xff,
    0xff, 0xff, 0xff, 0xff, 0xf2, 0x00, 0x0a, 0xff,
    0xff, 0xff, 0xff, 0xff, 0xff, 0xff, 0xff, 0xff,
    0xff, 0xff, 0xff, 0xff, 0xff, 0xf6, 0x00, 0x02,
    0xff, 0xff, 0xff, 0xff, 0xff, 0xff, 0xff, 0xff,
    0xff, 0xff, 0xff, 0xff, 0xff, 0xff, 0xf9, 0x00,
    0x00, 0x08, 0xff, 0xff, 0xff, 0xff, 0xff, 0xff,
    0xff, 0xff, 0xff, 0xff, 0xff, 0xff, 0xff, 0xf8,
    0x00, 0x00, 0x00, 0x02, 0xaf, 0xff, 0xff, 0xff,
    0xff, 0xff, 0xff, 0xff, 0xff, 0xff, 0xff, 0xff,
    0xe5, 0x00, 0x00, 0x00, 0x00, 0x00, 0x28, 0xef,
    0xff, 0xff, 0xff, 0xff, 0xff, 0xff, 0xff, 0xff,
    0xfe, 0x80, 0x00, 0x00, 0x00, 0x00, 0x00, 0x00,
    0x00, 0x37, 0xbe, 0xff, 0xff, 0xff, 0xff, 0xff,
    0xfe, 0xa5, 0x00, 0x00, 0x00, 0x00, 0x00, 0x00,
    0x00, 0x00, 0x00, 0x00, 0x01, 0x35, 0x67, 0x77,
    0x65, 0x31, 0x00, 0x00, 0x00, 0x00, 0x00, 0x00,
    0x00,

    /* U+0036 "6" */
    0x00, 0x00, 0x00, 0x00, 0x00, 0x00, 0x00, 0x00,
    0x02, 0x46, 0x67, 0x76, 0x53, 0x00, 0x00, 0x00,
    0x00, 0x00, 0x00, 0x00, 0x00, 0x00, 0x00, 0x00,
    0x02, 0x7b, 0xff, 0xff, 0xff, 0xff, 0xff, 0xfe,
    0xa5, 0x00, 0x00, 0x00, 0x00, 0x00, 0x00, 0x00,
    0x00, 0x04, 0xbf, 0xff, 0xff, 0xff, 0xff, 0xff,
    0xff, 0xff, 0xff, 0xf9, 0x10, 0x00, 0x00, 0x00,
    0x00, 0x00, 0x02, 0xcf, 0xff, 0xff, 0xff, 0xff,
    0xff, 0xff, 0xff, 0xff, 0xff, 0xff, 0xf3, 0x00,
    0x00, 0x00, 0x00, 0x00, 0x8f, 0xff, 0xff, 0xff,
    0xff, 0xff, 0xff, 0xff, 0xff, 0xff, 0xff, 0xff,
    0xd0, 0x00, 0x00, 0x00, 0x00, 0x0a, 0xff, 0xff,
    0xff, 0xff, 0xff, 0xff, 0xff, 0xff, 0xff, 0xff,
    0xff, 0xff, 0x50, 0x00, 0x00, 0x00, 0x00, 0xcf,
    0xff, 0xff, 0xff, 0xff, 0xff, 0xff, 0xff, 0xff,
    0xff, 0xff, 0xff, 0xfd, 0x00, 0x00, 0x00, 0x00,
    0x0a, 0xff, 0xff, 0xff, 0xff, 0xff, 0xff, 0xff,
    0xff, 0xff, 0xff, 0xff, 0xff, 0xf5, 0x00, 0x00,
    0x00, 0x00, 0x8f, 0xff, 0xff, 0xff, 0xff, 0xff,
    0xff, 0xea, 0x98, 0x88, 0xac, 0xff, 0xff, 0xc0,
    0x00, 0x00, 0x00, 0x02, 0xff, 0xff, 0xff, 0xff,
    0xff, 0xfe, 0x82, 0x00, 0x00, 0x00, 0x00, 0x04,
    0xaf, 0x40, 0x00, 0x00, 0x00, 0x0c, 0xff, 0xff,
    0xff, 0xff, 0xff, 0xa0, 0x00, 0x00, 0x00, 0x00,
    0x00, 0x00, 0x02, 0x00, 0x00, 0x00, 0x00, 0x4f,
    0xff, 0xff, 0xff, 0xff, 0xf6, 0x00, 0x00, 0x00,
    0x00, 0x00, 0x00, 0x00, 0x00, 0x00, 0x00, 0x00,
    0x00, 0xbf, 0xff, 0xff, 0xff, 0xff, 0x80, 0x00,
    0x00, 0x00, 0x00, 0x00, 0x00, 0x00, 0x00, 0x00,
    0x00, 0x00, 0x02, 0xff, 0xff, 0xff, 0xff, 0xfd,
    0x00, 0x00, 0x00, 0x00, 0x00, 0x00, 0x00, 0x00,
    0x00, 0x00, 0x00, 0x00, 0x07, 0xff, 0xff, 0xff,
    0xff, 0xf5, 0x00, 0x00, 0x00, 0x00, 0x00, 0x00,
    0x00, 0x00, 0x00, 0x00, 0x00, 0x00, 0x0c, 0xff,
    0xff, 0xff, 0xff, 0xe0, 0x00, 0x00, 0x00, 0x00,
    0x00, 0x00, 0x00, 0x00, 0x00, 0x00, 0x00, 0x00,
    0x0f, 0xff, 0xff, 0xff, 0xff, 0xa0, 0x00, 0x04,
    0x8c, 0xde, 0xff, 0xeb, 0x84, 0x00, 0x00, 0x00,
    0x00, 0x00, 0x2f, 0xff, 0xff, 0xff, 0xff, 0x60,
    0x07, 0xef, 0xff, 0xff, 0xff, 0xff, 0xff, 0xe8,
    0x10, 0x00, 0x00, 0x00, 0x5f, 0xff, 0xff, 0xff,
    0xff, 0x54, 0xef, 0xff, 0xff, 0xff, 0xff, 0xff,
    0xff, 0xff, 0xe6, 0x00, 0x00, 0x00, 0x7f, 0xff,
    0xff, 0xff, 0xff, 0xaf, 0xff, 0xff, 0xff, 0xff,
    0xff, 0xff, 0xff, 0xff, 0xff, 0xa0, 0x00, 0x00,
    0x8f, 0xff, 0xff, 0xff, 0xff, 0xff, 0xff, 0xff,
    0xff, 0xff, 0xff, 0xff, 0xff, 0xff, 0xff, 0xfa,
    0x00, 0x00, 0x9f, 0xff, 0xff, 0xff, 0xff, 0xff,
    0xff, 0xff, 0xff, 0xff, 0xff, 0xff, 0xff, 0xff,
    0xff, 0xff, 0x80, 0x00, 0xaf, 0xff, 0xff, 0xff,
    0xff, 0xff, 0xff, 0xff, 0xff, 0xff, 0xff, 0xff,
    0xff, 0xff, 0xff, 0xff, 0xf3, 0x00, 0xaf, 0xff,
    0xff, 0xff, 0xff, 0xff, 0xff, 0xfc, 0x86, 0x56,
    0x8d, 0xff, 0xff, 0xff, 0xff, 0xff, 0xfb, 0x00,
    0x9f, 0xff, 0xff, 0xff, 0xff, 0xff, 0xfd, 0x40,
    0x00, 0x00, 0x00, 0x4e, 0xff, 0xff, 0xff, 0xff,
    0xff, 0x20, 0x8f, 0xff, 0xff, 0xff, 0xff, 0xff,
    0xd1, 0x00, 0x00, 0x00, 0x00, 0x01, 0xef, 0xff,
    0xff, 0xff, 0xff, 0x80, 0x7f, 0xff, 0xff, 0xff,
    0xff, 0xff, 0x20, 0x00, 0x00, 0x00, 0x00, 0x00,
    0x3f, 0xff, 0xff, 0xff, 0xff, 0xb0, 0x5f, 0xff,
    0xff, 0xff, 0xff, 0xf9, 0x00, 0x00, 0x00, 0x00,
    0x00, 0x00, 0x0c, 0xff, 0xff, 0xff, 0xff, 0xe0,
    0x3f, 0xff, 0xff, 0xff, 0xff, 0xf5, 0x00, 0x00,
    0x00, 0x00, 0x00, 0x00, 0x08, 0xff, 0xff, 0xff,
    0xff, 0xf0, 0x0f, 0xff, 0xff, 0xff, 0xff, 0xf3,
    0x00, 0x00, 0x00, 0x00, 0x00, 0x00, 0x06, 0xff,
    0xff, 0xff, 0xff, 0xf0, 0x0c, 0xff, 0xff, 0xff,
    0xff, 0xf4, 0x00, 0x00, 0x00, 0x00, 0x00, 0x00,
    0x07, 0xff, 0xff, 0xff, 0xff, 0xf0, 0x07, 0xff,
    0xff, 0xff, 0xff, 0xf7, 0x00, 0x00, 0x00, 0x00,
    0x00, 0x00, 0x0a, 0xff, 0xff, 0xff, 0xff, 0xd0,
    0x02, 0xff, 0xff, 0xff, 0xff, 0xfc, 0x00, 0x00,
    0x00, 0x00, 0x00, 0x00, 0x0e, 0xff, 0xff, 0xff,
    0xff, 0xa0, 0x00, 0xbf, 0xff, 0xff, 0xff, 0xff,
    0x60, 0x00, 0x00, 0x00, 0x00, 0x00, 0x8f, 0xff,
    0xff, 0xff, 0xff, 0x60, 0x00, 0x4f, 0xff, 0xff,
    0xff, 0xff, 0xf5, 0x00, 0x00, 0x00, 0x00, 0x07,
    0xff, 0xff, 0xff, 0xff, 0xff, 0x10, 0x00, 0x0b,
    0xff, 0xff, 0xff, 0xff, 0xff, 0xb4, 0x00, 0x00,
    0x05, 0xcf, 0xff, 0xff, 0xff, 0xff, 0xfa, 0x00,
    0x00, 0x01, 0xef, 0xff, 0xff, 0xff, 0xff, 0xff,
    0xfe, 0xde, 0xff, 0xff, 0xff, 0xff, 0xff, 0xff,
    0xf1, 0x00, 0x00, 0x00, 0x4f, 0xff, 0xff, 0xff,
    0xff, 0xff, 0xff, 0xff, 0xff, 0xff, 0xff, 0xff,
    0xff, 0xff, 0x60, 0x00, 0x00, 0x00, 0x05, 0xff,
    0xff, 0xff, 0xff, 0xff, 0xff, 0xff, 0xff, 0xff,
    0xff, 0xff, 0xff, 0xf9, 0x00, 0x00, 0x00, 0x00,
    0x00, 0x4f, 0xff, 0xff, 0xff, 0xff, 0xff, 0xff,
    0xff, 0xff, 0xff, 0xff, 0xff, 0x80, 0x00, 0x00,
    0x00, 0x00, 0x00, 0x02, 0xcf, 0xff, 0xff, 0xff,
    0xff, 0xff, 0xff, 0xff, 0xff, 0xff, 0xe5, 0x00,
    0x00, 0x00, 0x00, 0x00, 0x00, 0x00, 0x05, 0xdf,
    0xff, 0xff, 0xff, 0xff, 0xff, 0xff, 0xff, 0xf9,
    0x10, 0x00, 0x00, 0x00, 0x00, 0x00, 0x00, 0x00,
    0x00, 0x03, 0x9d, 0xff, 0xff, 0xff, 0xff, 0xff,
    0xc7, 0x10, 0x00, 0x00, 0x00, 0x00, 0x00, 0x00,
    0x00, 0x00, 0x00, 0x00, 0x00, 0x13, 0x56, 0x77,
    0x65, 0x30, 0x00, 0x00, 0x00, 0x00, 0x00, 0x00,

    /* U+0037 "7" */
    0x7f, 0xff, 0xff, 0xff, 0xff, 0xff, 0xff, 0xff,
    0xff, 0xff, 0xff, 0xff, 0xff, 0xff, 0xff, 0xff,
    0xff, 0x37, 0xff, 0xff, 0xff, 0xff, 0xff, 0xff,
    0xff, 0xff, 0xff, 0xff, 0xff, 0xff, 0xff, 0xff,
    0xff, 0xff, 0xf3, 0x7f, 0xff, 0xff, 0xff, 0xff,
    0xff, 0xff, 0xff, 0xff, 0xff, 0xff, 0xff, 0xff,
    0xff, 0xff, 0xff, 0xff, 0x37, 0xff, 0xff, 0xff,
    0xff, 0xff, 0xff, 0xff, 0xff, 0xff, 0xff, 0xff,
    0xff, 0xff, 0xff, 0xff, 0xff, 0xf3, 0x7f, 0xff,
    0xff, 0xff, 0xff, 0xff, 0xff, 0xff, 0xff, 0xff,
    0xff, 0xff, 0xff, 0xff, 0xff, 0xff, 0xff, 0x37,
    0xff, 0xff, 0xff, 0xff, 0xff, 0xff, 0xff, 0xff,
    0xff, 0xff, 0xff, 0xff, 0xff, 0xff, 0xff, 0xff,
    0xf3, 0x7f, 0xff, 0xff, 0xff, 0xff, 0xff, 0xff,
    0xff, 0xff, 0xff, 0xff, 0xff, 0xff, 0xff, 0xff,
    0xff, 0xff, 0x27, 0xff, 0xff, 0xff, 0xff, 0xff,
    0xff, 0xff, 0xff, 0xff, 0xff, 0xff, 0xff, 0xff,
    0xff, 0xff, 0xff, 0xb0, 0x7f, 0xff, 0xff, 0xff,
    0xf3, 0x00, 0x00, 0x00, 0x00, 0x00, 0x00, 0x1f,
    0xff, 0xff, 0xff, 0xff, 0xf4, 0x07, 0xff, 0xff,
    0xff, 0xff, 0x30, 0x00, 0x00, 0x00, 0x00, 0x00,
    0x08, 0xff, 0xff, 0xff, 0xff, 0xfd, 0x00, 0x7f,
    0xff, 0xff, 0xff, 0xf3, 0x00, 0x00, 0x00, 0x00,
    0x00, 0x00, 0xff, 0xff, 0xff, 0xff, 0xff, 0x60,
    0x07, 0xff, 0xff, 0xff, 0xff, 0x30, 0x00, 0x00,
    0x00, 0x00, 0x00, 0x7f, 0xff, 0xff, 0xff, 0xff,
    0xe0, 0x00, 0x7f, 0xff, 0xff, 0xff, 0xf3, 0x00,
    0x00, 0x00, 0x00, 0x00, 0x0d, 0xff, 0xff, 0xff,
    0xff, 0xf8, 0x00, 0x07, 0xff, 0xff, 0xff, 0xff,
    0x30, 0x00, 0x00, 0x00, 0x00, 0x05, 0xff, 0xff,
    0xff, 0xff, 0xff, 0x10, 0x00, 0x5c, 0xcc, 0xcc,
    0xcc, 0xc2, 0x00, 0x00, 0x00, 0x00, 0x00, 0xcf,
    0xff, 0xff, 0xff, 0xff, 0xa0, 0x00, 0x00, 0x00,
    0x00, 0x00, 0x00, 0x00, 0x00, 0x00, 0x00, 0x00,
    0x3f, 0xff, 0xff, 0xff, 0xff, 0xf3, 0x00, 0x00,
    0x00, 0x00, 0x00, 0x00, 0x00, 0x00, 0x00, 0x00,
    0x00, 0x0a, 0xff, 0xff, 0xff, 0xff, 0xfc, 0x00,
    0x00, 0x00, 0x00, 0x00, 0x00, 0x00, 0x00, 0x00,
    0x00, 0x00, 0x01, 0xff, 0xff, 0xff, 0xff, 0xff,
    0x50, 0x00, 0x00, 0x00, 0x00, 0x00, 0x00, 0x00,
    0x00, 0x00, 0x00, 0x00, 0x8f, 0xff, 0xff, 0xff,
    0xff, 0xe0, 0x00, 0x00, 0x00, 0x00, 0x00, 0x00,
    0x00, 0x00, 0x00, 0x00, 0x00, 0x0e, 0xff, 0xff,
    0xff, 0xff, 0xf7, 0x00, 0x00, 0x00, 0x00, 0x00,
    0x00, 0x00, 0x00, 0x00, 0x00, 0x00, 0x06, 0xff,
    0xff, 0xff, 0xff, 0xff, 0x10, 0x00, 0x00, 0x00,
    0x00, 0x00, 0x00, 0x00, 0x00, 0x00, 0x00, 0x00,
    0xdf, 0xff, 0xff, 0xff, 0xff, 0x90, 0x00, 0x00,
    0x00, 0x00, 0x00, 0x00, 0x00, 0x00, 0x00, 0x00,
    0x00, 0x4f, 0xff, 0xff, 0xff, 0xff, 0xf2, 0x00,
    0x00, 0x00, 0x00, 0x00, 0x00, 0x00, 0x00, 0x00,
    0x00, 0x00, 0x0c, 0xff, 0xff, 0xff, 0xff, 0xfb,
    0x00, 0x00, 0x00, 0x00, 0x00, 0x00, 0x00, 0x00,
    0x00, 0x00, 0x00, 0x03, 0xff, 0xff, 0xff, 0xff,
    0xff, 0x40, 0x00, 0x00, 0x00, 0x00, 0x00, 0x00,
    0x00, 0x00, 0x00, 0x00, 0x00, 0xaf, 0xff, 0xff,
    0xff, 0xff, 0xd0, 0x00, 0x00, 0x00, 0x00, 0x00,
    0x00, 0x00, 0x00, 0x00, 0x00, 0x00, 0x1f, 0xff,
    0xff, 0xff, 0xff, 0xf6, 0x00, 0x00, 0x00, 0x00,
    0x00, 0x00, 0x00, 0x00, 0x00, 0x00, 0x00, 0x08,
    0xff, 0xff, 0xff, 0xff, 0xfe, 0x00, 0x00, 0x00,
    0x00, 0x00, 0x00, 0x00, 0x00, 0x00, 0x00, 0x00,
    0x00, 0xef, 0xff, 0xff, 0xff, 0xff, 0x80, 0x00,
    0x00, 0x00, 0x00, 0x00, 0x00, 0x00, 0x00, 0x00,
    0x00, 0x00, 0x6f, 0xff, 0xff, 0xff, 0xff, 0xf1,
    0x00, 0x00, 0x00, 0x00, 0x00, 0x00, 0x00, 0x00,
    0x00, 0x00, 0x00, 0x0d, 0xff, 0xff, 0xff, 0xff,
    0xfa, 0x00, 0x00, 0x00, 0x00, 0x00, 0x00, 0x00,
    0x00, 0x00, 0x00, 0x00, 0x04, 0xff, 0xff, 0xff,
    0xff, 0xff, 0x30, 0x00, 0x00, 0x00, 0x00, 0x00,
    0x00, 0x00, 0x00, 0x00, 0x00, 0x00, 0xbf, 0xff,
    0xff, 0xff, 0xff, 0xc0, 0x00, 0x00, 0x00, 0x00,
    0x00, 0x00, 0x00, 0x00, 0x00, 0x00, 0x00, 0x2f,
    0xff, 0xff, 0xff, 0xff, 0xf5, 0x00, 0x00, 0x00,
    0x00, 0x00, 0x00, 0x00, 0x00, 0x00, 0x00, 0x00,
    0x09, 0xff, 0xff, 0xff, 0xff, 0xfe, 0x00, 0x00,
    0x00, 0x00, 0x00, 0x00, 0x00, 0x00, 0x00, 0x00,
    0x00, 0x01, 0xff, 0xff, 0xff, 0xff, 0xff, 0x70,
    0x00, 0x00, 0x00, 0x00, 0x00, 0x00, 0x00, 0x00,
    0x00, 0x00, 0x00, 0x8f, 0xff, 0xff, 0xff, 0xff,
    0xf1, 0x00, 0x00, 0x00, 0x00, 0x00, 0x00, 0x00,
    0x00, 0x00, 0x00, 0x00, 0x0e, 0xff, 0xff, 0xff,
    0xff, 0xf9, 0x00, 0x00, 0x00, 0x00, 0x00, 0x00,
    0x00, 0x00, 0x00, 0x00, 0x00, 0x06, 0xff, 0xff,
    0xff, 0xff, 0xff, 0x20, 0x00, 0x00, 0x00, 0x00,
    0x00, 0x00, 0x00, 0x00, 0x00, 0x00, 0x00, 0xdf,
    0xff, 0xff, 0xff, 0xff, 0xb0, 0x00, 0x00, 0x00,
    0x00, 0x00, 0x00, 0x00, 0x00, 0x00, 0x00, 0x00,
    0x4f, 0xff, 0xff, 0xff, 0xff, 0xf4, 0x00, 0x00,
    0x00, 0x00, 0x00, 0x00, 0x00, 0x00, 0x00, 0x00,
    0x00, 0x0b, 0xff, 0xff, 0xff, 0xff, 0xfd, 0x00,
    0x00, 0x00, 0x00, 0x00, 0x00, 0x00, 0x00,

    /* U+0038 "8" */
    0x00, 0x00, 0x00, 0x00, 0x00, 0x00, 0x02, 0x46,
    0x77, 0x76, 0x53, 0x10, 0x00, 0x00, 0x00, 0x00,
    0x00, 0x00, 0x00, 0x00, 0x00, 0x00, 0x02, 0x7c,
    0xff, 0xff, 0xff, 0xff, 0xff, 0xfe, 0xa5, 0x00,
    0x00, 0x00, 0x00, 0x00, 0x00, 0x00, 0x00, 0x03,
    0xbf, 0xff, 0xff, 0xff, 0xff, 0xff, 0xff, 0xff,
    0xff, 0xe7, 0x00, 0x00, 0x00, 0x00, 0x00, 0x00,
    0x00, 0x9f, 0xff, 0xff, 0xff, 0xff, 0xff, 0xff,
    0xff, 0xff, 0xff, 0xff, 0xe5, 0x00, 0x00, 0x00,
    0x00, 0x00, 0x2d, 0xff, 0xff, 0xff, 0xff, 0xff,
    0xff, 0xff, 0xff, 0xff, 0xff, 0xff, 0xff, 0x80,
    0x00, 0x00, 0x00, 0x01, 0xef, 0xff, 0xff, 0xff,
    0xff, 0xff, 0xff, 0xff, 0xff, 0xff, 0xff, 0xff,
    0xff, 0xf8, 0x00, 0x00, 0x00, 0x0b, 0xff, 0xff,
    0xff, 0xff, 0xff, 0xff, 0xff, 0xff, 0xff, 0xff,
    0xff, 0xff, 0xff, 0xff, 0x50, 0x00, 0x00, 0x5f,
    0xff, 0xff, 0xff, 0xff, 0xff, 0xff, 0xcb, 0xbd,
    0xff, 0xff, 0xff, 0xff, 0xff, 0xff, 0xe0, 0x00,
    0x00, 0xcf, 0xff, 0xff, 0xff, 0xff, 0xfb, 0x30,
    0x00, 0x00, 0x16, 0xef, 0xff, 0xff, 0xff, 0xff,
    0xf5, 0x00, 0x01, 0xff, 0xff, 0xff, 0xff, 0xff,
    0x70, 0x00, 0x00, 0x00, 0x00, 0x1d, 0xff, 0xff,
    0xff, 0xff, 0xfa, 0x00, 0x04, 0xff, 0xff, 0xff,
    0xff, 0xfb, 0x00, 0x00, 0x00, 0x00, 0x00, 0x02,
    0xff, 0xff, 0xff, 0xff, 0xfd, 0x00, 0x05, 0xff,
    0xff, 0xff, 0xff, 0xf6, 0x00, 0x00, 0x00, 0x00,
    0x00, 0x00, 0xcf, 0xff, 0xff, 0xff, 0xff, 0x00,
    0x06, 0xff, 0xff, 0xff, 0xff, 0xf4, 0x00, 0x00,
    0x00, 0x00, 0x00, 0x00, 0xaf, 0xff, 0xff, 0xff,
    0xff, 0x00, 0x04, 0xff, 0xff, 0xff, 0xff, 0xf6,
    0x00, 0x00, 0x00, 0x00, 0x00, 0x00, 0xcf, 0xff,
    0xff, 0xff, 0xfe, 0x00, 0x01, 0xff, 0xff, 0xff,
    0xff, 0xfb, 0x00, 0x00, 0x00, 0x00, 0x00, 0x02,
    0xff, 0xff, 0xff, 0xff, 0xfb, 0x00, 0x00, 0xcf,
    0xff, 0xff, 0xff, 0xff, 0x70, 0x00, 0x00, 0x00,
    0x00, 0x1c, 0xff, 0xff, 0xff, 0xff, 0xf5, 0x00,
    0x00, 0x5f, 0xff, 0xff, 0xff, 0xff, 0xfb, 0x30,
    0x00, 0x00, 0x06, 0xef, 0xff, 0xff, 0xff, 0xff,
    0xe0, 0x00, 0x00, 0x0b, 0xff, 0xff, 0xff, 0xff,
    0xff, 0xfe, 0xcb, 0xbd, 0xff, 0xff, 0xff, 0xff,
    0xff, 0xff, 0x40, 0x00, 0x00, 0x00, 0xcf, 0xff,
    0xff, 0xff, 0xff, 0xff, 0xff, 0xff, 0xff, 0xff,
    0xff, 0xff, 0xff, 0xf6, 0x00, 0x00, 0x00, 0x00,
    0x0b, 0xff, 0xff, 0xff, 0xff, 0xff, 0xff, 0xff,
    0xff, 0xff, 0xff, 0xff, 0xff, 0x50, 0x00, 0x00,
    0x00, 0x00, 0x01, 0xdf, 0xff, 0xff, 0xff, 0xff,
    0xff, 0xff, 0xff, 0xff, 0xff, 0xff, 0xf8, 0x00,
    0x00, 0x00, 0x00, 0x00, 0x6f, 0xff, 0xff, 0xff,
    0xff, 0xff, 0xff, 0xff, 0xff, 0xff, 0xff, 0xff,
    0xff, 0xc2, 0x00, 0x00, 0x00, 0x08, 0xff, 0xff,
    0xff, 0xff, 0xff, 0xff, 0xff, 0xff, 0xff, 0xff,
    0xff, 0xff, 0xff, 0xfe, 0x30, 0x00, 0x00, 0x8f,
    0xff, 0xff, 0xff, 0xff, 0xff, 0xff, 0xff, 0xff,
    0xff, 0xff, 0xff, 0xff, 0xff, 0xff, 0xe2, 0x00,
    0x03, 0xff, 0xff, 0xff, 0xff, 0xff, 0xfc, 0x63,
    0x10, 0x01, 0x49, 0xef, 0xff, 0xff, 0xff, 0xff,
    0xfc, 0x00, 0x0c, 0xff, 0xff, 0xff, 0xff, 0xff,
    0x50, 0x00, 0x00, 0x00, 0x00, 0x1a, 0xff, 0xff,
    0xff, 0xff, 0xff, 0x60, 0x3f, 0xff, 0xff, 0xff,
    0xff, 0xf3, 0x00, 0x00, 0x00, 0x00, 0x00, 0x00,
    0x9f, 0xff, 0xff, 0xff, 0xff, 0xd0, 0x8f, 0xff,
    0xff, 0xff, 0xff, 0x80, 0x00, 0x00, 0x00, 0x00,
    0x00, 0x00, 0x0e, 0xff, 0xff, 0xff, 0xff, 0xf2,
    0xbf, 0xff, 0xff, 0xff, 0xff, 0x20, 0x00, 0x00,
    0x00, 0x00, 0x00, 0x00, 0x09, 0xff, 0xff, 0xff,
    0xff, 0xf5, 0xdf, 0xff, 0xff, 0xff, 0xff, 0x00,
    0x00, 0x00, 0x00, 0x00, 0x00, 0x00, 0x06, 0xff,
    0xff, 0xff, 0xff, 0xf7, 0xef, 0xff, 0xff, 0xff,
    0xff, 0x00, 0x00, 0x00, 0x00, 0x00, 0x00, 0x00,
    0x06, 0xff, 0xff, 0xff, 0xff, 0xf7, 0xdf, 0xff,
    0xff, 0xff, 0xff, 0x10, 0x00, 0x00, 0x00, 0x00,
    0x00, 0x00, 0x08, 0xff, 0xff, 0xff, 0xff, 0xf6,
    0xbf, 0xff, 0xff, 0xff, 0xff, 0x60, 0x00, 0x00,
    0x00, 0x00, 0x00, 0x00, 0x0d, 0xff, 0xff, 0xff,
    0xff, 0xf5, 0x8f, 0xff, 0xff, 0xff, 0xff, 0xe1,
    0x00, 0x00, 0x00, 0x00, 0x00, 0x00, 0x6f, 0xff,
    0xff, 0xff, 0xff, 0xf1, 0x3f, 0xff, 0xff, 0xff,
    0xff, 0xfc, 0x10, 0x00, 0x00, 0x00, 0x00, 0x05,
    0xff, 0xff, 0xff, 0xff, 0xff, 0xc0, 0x0c, 0xff,
    0xff, 0xff, 0xff, 0xff, 0xf7, 0x20, 0x00, 0x00,
    0x04, 0xbf, 0xff, 0xff, 0xff, 0xff, 0xff, 0x60,
    0x04, 0xff, 0xff, 0xff, 0xff, 0xff, 0xff, 0xfe,
    0xcb, 0xbc, 0xff, 0xff, 0xff, 0xff, 0xff, 0xff,
    0xfc, 0x00, 0x00, 0x9f, 0xff, 0xff, 0xff, 0xff,
    0xff, 0xff, 0xff, 0xff, 0xff, 0xff, 0xff, 0xff,
    0xff, 0xff, 0xf2, 0x00, 0x00, 0x0b, 0xff, 0xff,
    0xff, 0xff, 0xff, 0xff, 0xff, 0xff, 0xff, 0xff,
    0xff, 0xff, 0xff, 0xff, 0x40, 0x00, 0x00, 0x00,
    0x9f, 0xff, 0xff, 0xff, 0xff, 0xff, 0xff, 0xff,
    0xff, 0xff, 0xff, 0xff, 0xff, 0xe3, 0x00, 0x00,
    0x00, 0x00, 0x04, 0xef, 0xff, 0xff, 0xff, 0xff,
    0xff, 0xff, 0xff, 0xff, 0xff, 0xff, 0xfa, 0x10,
    0x00, 0x00, 0x00, 0x00, 0x00, 0x06, 0xef, 0xff,
    0xff, 0xff, 0xff, 0xff, 0xff, 0xff, 0xff, 0xfa,
    0x30, 0x00, 0x00, 0x00, 0x00, 0x00, 0x00, 0x00,
    0x03, 0x9d, 0xff, 0xff, 0xff, 0xff, 0xff, 0xfe,
    0xb6, 0x10, 0x00, 0x00, 0x00, 0x00, 0x00, 0x00,
    0x00, 0x00, 0x00, 0x00, 0x03, 0x56, 0x77, 0x76,
    0x64, 0x20, 0x00, 0x00, 0x00, 0x00, 0x00, 0x00,

    /* U+0039 "9" */
    0x00, 0x00, 0x00, 0x00, 0x00, 0x00, 0x25, 0x67,
    0x77, 0x64, 0x10, 0x00, 0x00, 0x00, 0x00, 0x00,
    0x00, 0x00, 0x00, 0x00, 0x00, 0x00, 0x6b, 0xff,
    0xff, 0xff, 0xff, 0xff, 0xea, 0x40, 0x00, 0x00,
    0x00, 0x00, 0x00, 0x00, 0x00, 0x00, 0x08, 0xff,
    0xff, 0xff, 0xff, 0xff, 0xff, 0xff, 0xff, 0xe7,
    0x00, 0x00, 0x00, 0x00, 0x00, 0x00, 0x00, 0x4e,
    0xff, 0xff, 0xff, 0xff, 0xff, 0xff, 0xff, 0xff,
    0xff, 0xfd, 0x30, 0x00, 0x00, 0x00, 0x00, 0x00,
    0x7f, 0xff, 0xff, 0xff, 0xff, 0xff, 0xff, 0xff,
    0xff, 0xff, 0xff, 0xff, 0x70, 0x00, 0x00, 0x00,
    0x00, 0x8f, 0xff, 0xff, 0xff, 0xff, 0xff, 0xff,
    0xff, 0xff, 0xff, 0xff, 0xff, 0xff, 0x80, 0x00,
    0x00, 0x00, 0x5f, 0xff, 0xff, 0xff, 0xff, 0xff,
    0xff, 0xff, 0xff, 0xff, 0xff, 0xff, 0xff, 0xff,
    0x70, 0x00, 0x00, 0x1e, 0xff, 0xff, 0xff, 0xff,
    0xff, 0xff, 0xed, 0xdf, 0xff, 0xff, 0xff, 0xff,
    0xff, 0xff, 0x30, 0x00, 0x09, 0xff, 0xff, 0xff,
    0xff, 0xff, 0xd5, 0x10, 0x00, 0x02, 0x8f, 0xff,
    0xff, 0xff, 0xff, 0xfd, 0x00, 0x00, 0xff, 0xff,
    0xff, 0xff, 0xff, 0x80, 0x00, 0x00, 0x00, 0x00,
    0x2d, 0xff, 0xff, 0xff, 0xff, 0xf7, 0x00, 0x4f,
    0xff, 0xff, 0xff, 0xff, 0xa0, 0x00, 0x00, 0x00,
    0x00, 0x00, 0x1e, 0xff, 0xff, 0xff, 0xff, 0xe0,
    0x08, 0xff, 0xff, 0xff, 0xff, 0xf1, 0x00, 0x00,
    0x00, 0x00, 0x00, 0x00, 0x7f, 0xff, 0xff, 0xff,
    0xff, 0x50, 0xaf, 0xff, 0xff, 0xff, 0xfd, 0x00,
    0x00, 0x00, 0x00, 0x00, 0x00, 0x02, 0xff, 0xff,
    0xff, 0xff, 0xfa, 0x0c, 0xff, 0xff, 0xff, 0xff,
    0xb0, 0x00, 0x00, 0x00, 0x00, 0x00, 0x00, 0x0f,
    0xff, 0xff, 0xff, 0xff, 0xf0, 0xcf, 0xff, 0xff,
    0xff, 0xfc, 0x00, 0x00, 0x00, 0x00, 0x00, 0x00,
    0x01, 0xff, 0xff, 0xff, 0xff, 0xff, 0x3b, 0xff,
    0xff, 0xff, 0xff, 0xf0, 0x00, 0x00, 0x00, 0x00,
    0x00, 0x00, 0x4f, 0xff, 0xff, 0xff, 0xff, 0xf6,
    0x9f, 0xff, 0xff, 0xff, 0xff, 0x50, 0x00, 0x00,
    0x00, 0x00, 0x00, 0x0b, 0xff, 0xff, 0xff, 0xff,
    0xff, 0x96, 0xff, 0xff, 0xff, 0xff, 0xfe, 0x20,
    0x00, 0x00, 0x00, 0x00, 0x07, 0xff, 0xff, 0xff,
    0xff, 0xff, 0xfa, 0x1f, 0xff, 0xff, 0xff, 0xff,
    0xfe, 0x50, 0x00, 0x00, 0x00, 0x1a, 0xff, 0xff,
    0xff, 0xff, 0xff, 0xff, 0xc0, 0xaf, 0xff, 0xff,
    0xff, 0xff, 0xff, 0xe9, 0x65, 0x57, 0xbf, 0xff,
    0xff, 0xff, 0xff, 0xff, 0xff, 0xfd, 0x02, 0xff,
    0xff, 0xff, 0xff, 0xff, 0xff, 0xff, 0xff, 0xff,
    0xff, 0xff, 0xff, 0xff, 0xff, 0xff, 0xff, 0xd0,
    0x06, 0xff, 0xff, 0xff, 0xff, 0xff, 0xff, 0xff,
    0xff, 0xff, 0xff, 0xff, 0xff, 0xff, 0xff, 0xff,
    0xfd, 0x00, 0x09, 0xff, 0xff, 0xff, 0xff, 0xff,
    0xff, 0xff, 0xff, 0xff, 0xff, 0xff, 0xff, 0xff,
    0xff, 0xff, 0xc0, 0x00, 0x08, 0xff, 0xff, 0xff,
    0xff, 0xff, 0xff, 0xff, 0xff, 0xff, 0xfa, 0xff,
    0xff, 0xff, 0xff, 0xfc, 0x00, 0x00, 0x05, 0xef,
    0xff, 0xff, 0xff, 0xff, 0xff, 0xff, 0xff, 0xf7,
    0x0f, 0xff, 0xff, 0xff, 0xff, 0xb0, 0x00, 0x00,
    0x00, 0x7e, 0xff, 0xff, 0xff, 0xff, 0xff, 0xff,
    0x92, 0x02, 0xff, 0xff, 0xff, 0xff, 0xf8, 0x00,
    0x00, 0x00, 0x00, 0x03, 0x8b, 0xdf, 0xff, 0xdc,
    0x95, 0x10, 0x00, 0x5f, 0xff, 0xff, 0xff, 0xff,
    0x60, 0x00, 0x00, 0x00, 0x00, 0x00, 0x00, 0x00,
    0x00, 0x00, 0x00, 0x00, 0x09, 0xff, 0xff, 0xff,
    0xff, 0xf3, 0x00, 0x00, 0x00, 0x00, 0x00, 0x00,
    0x00, 0x00, 0x00, 0x00, 0x00, 0x00, 0xef, 0xff,
    0xff, 0xff, 0xff, 0x00, 0x00, 0x00, 0x00, 0x00,
    0x00, 0x00, 0x00, 0x00, 0x00, 0x00, 0x00, 0x5f,
    0xff, 0xff, 0xff, 0xff, 0xb0, 0x00, 0x00, 0x00,
    0x00, 0x00, 0x00, 0x00, 0x00, 0x00, 0x00, 0x00,
    0x0d, 0xff, 0xff, 0xff, 0xff, 0xf6, 0x00, 0x00,
    0x00, 0x00, 0x00, 0x00, 0x00, 0x00, 0x00, 0x00,
    0x00, 0x09, 0xff, 0xff, 0xff, 0xff, 0xfe, 0x00,
    0x00, 0x00, 0x00, 0x00, 0x00, 0x00, 0x00, 0x00,
    0x00, 0x00, 0x07, 0xff, 0xff, 0xff, 0xff, 0xff,
    0x80, 0x00, 0x00, 0x00, 0x50, 0x00, 0x00, 0x00,
    0x00, 0x00, 0x00, 0x0a, 0xff, 0xff, 0xff, 0xff,
    0xff, 0xf1, 0x00, 0x00, 0x00, 0x2f, 0xe7, 0x20,
    0x00, 0x00, 0x00, 0x01, 0x7e, 0xff, 0xff, 0xff,
    0xff, 0xff, 0xf6, 0x00, 0x00, 0x00, 0x0a, 0xff,
    0xff, 0xdb, 0x98, 0x78, 0xad, 0xff, 0xff, 0xff,
    0xff, 0xff, 0xff, 0xfc, 0x00, 0x00, 0x00, 0x02,
    0xff, 0xff, 0xff, 0xff, 0xff, 0xff, 0xff, 0xff,
    0xff, 0xff, 0xff, 0xff, 0xfd, 0x10, 0x00, 0x00,
    0x00, 0xaf, 0xff, 0xff, 0xff, 0xff, 0xff, 0xff,
    0xff, 0xff, 0xff, 0xff, 0xff, 0xfe, 0x20, 0x00,
    0x00, 0x00, 0x2f, 0xff, 0xff, 0xff, 0xff, 0xff,
    0xff, 0xff, 0xff, 0xff, 0xff, 0xff, 0xfd, 0x20,
    0x00, 0x00, 0x00, 0x0a, 0xff, 0xff, 0xff, 0xff,
    0xff, 0xff, 0xff, 0xff, 0xff, 0xff, 0xff, 0xfb,
    0x10, 0x00, 0x00, 0x00, 0x00, 0xef, 0xff, 0xff,
    0xff, 0xff, 0xff, 0xff, 0xff, 0xff, 0xff, 0xff,
    0xe5, 0x00, 0x00, 0x00, 0x00, 0x00, 0x00, 0x8f,
    0xff, 0xff, 0xff, 0xff, 0xff, 0xff, 0xff, 0xff,
    0xfd, 0x60, 0x00, 0x00, 0x00, 0x00, 0x00, 0x00,
    0x00, 0x04, 0x9d, 0xff, 0xff, 0xff, 0xff, 0xff,
    0xfd, 0x83, 0x00, 0x00, 0x00, 0x00, 0x00, 0x00,
    0x00, 0x00, 0x00, 0x00, 0x00, 0x35, 0x67, 0x77,
    0x65, 0x20, 0x00, 0x00, 0x00, 0x00, 0x00, 0x00,
    0x00, 0x00,

    /* U+003A ":" */
    0x00, 0x18, 0xdf, 0xfc, 0x60, 0x00, 0x03, 0xef,
    0xff, 0xff, 0xfc, 0x10, 0x1e, 0xff, 0xff, 0xff,
    0xff, 0xb0, 0x8f, 0xff, 0xff, 0xff, 0xff, 0xf4,
    0xcf, 0xff, 0xff, 0xff, 0xff, 0xf8, 0xef, 0xff,
    0xff, 0xff, 0xff, 0xfa, 0xef, 0xff, 0xff, 0xff,
    0xff, 0xfa, 0xbf, 0xff, 0xff, 0xff, 0xff, 0xf7,
    0x5f, 0xff, 0xff, 0xff, 0xff, 0xf1, 0x0b, 0xff,
    0xff, 0xff, 0xff, 0x70, 0x00, 0xaf, 0xff, 0xff,
    0xf7, 0x00, 0x00, 0x03, 0x9b, 0xa7, 0x20, 0x00,
    0x00, 0x00, 0x00, 0x00, 0x00, 0x00, 0x00, 0x00,
    0x00, 0x00, 0x00, 0x00, 0x00, 0x00, 0x00, 0x00,
    0x00, 0x00, 0x00, 0x00, 0x00, 0x00, 0x00, 0x00,
    0x00, 0x00, 0x00, 0x00, 0x00, 0x00, 0x00, 0x00,
    0x00, 0x00, 0x00, 0x00, 0x00, 0x00, 0x00, 0x00,
    0x00, 0x00, 0x00, 0x00, 0x00, 0x00, 0x00, 0x00,
    0x00, 0x00, 0x00, 0x00, 0x00, 0x00, 0x00, 0x03,
    0x8a, 0xa7, 0x20, 0x00, 0x00, 0xaf, 0xff, 0xff,
    0xf7, 0x00, 0x0c, 0xff, 0xff, 0xff, 0xff, 0x80,
    0x6f, 0xff, 0xff, 0xff, 0xff, 0xf2, 0xbf, 0xff,
    0xff, 0xff, 0xff, 0xf7, 0xef, 0xff, 0xff, 0xff,
    0xff, 0xfa, 0xef, 0xff, 0xff, 0xff, 0xff, 0xfa,
    0xcf, 0xff, 0xff, 0xff, 0xff, 0xf8, 0x7f, 0xff,
    0xff, 0xff, 0xff, 0xf3, 0x0d, 0xff, 0xff, 0xff,
    0xff, 0xa0, 0x02, 0xdf, 0xff, 0xff, 0xfb, 0x00,
    0x00, 0x08, 0xdf, 0xfc, 0x60, 0x00,

    /* U+003B ";" */
    0x00, 0x18, 0xdf, 0xfc, 0x60, 0x00, 0x03, 0xef,
    0xff, 0xff, 0xfc, 0x10, 0x1e, 0xff, 0xff, 0xff,
    0xff, 0xb0, 0x8f, 0xff, 0xff, 0xff, 0xff, 0xf4,
    0xcf, 0xff, 0xff, 0xff, 0xff, 0xf8, 0xef, 0xff,
    0xff, 0xff, 0xff, 0xfa, 0xef, 0xff, 0xff, 0xff,
    0xff, 0xfa, 0xbf, 0xff, 0xff, 0xff, 0xff, 0xf7,
    0x5f, 0xff, 0xff, 0xff, 0xff, 0xf1, 0x0b, 0xff,
    0xff, 0xff, 0xff, 0x70, 0x00, 0xaf, 0xff, 0xff,
    0xf7, 0x00, 0x00, 0x03, 0x9b, 0xa7, 0x20, 0x00,
    0x00, 0x00, 0x00, 0x00, 0x00, 0x00, 0x00, 0x00,
    0x00, 0x00, 0x00, 0x00, 0x00, 0x00, 0x00, 0x00,
    0x00, 0x00, 0x00, 0x00, 0x00, 0x00, 0x00, 0x00,
    0x00, 0x00, 0x00, 0x00, 0x00, 0x00, 0x00, 0x00,
    0x00, 0x00, 0x00, 0x00, 0x00, 0x00, 0x00, 0x00,
    0x00, 0x00, 0x00, 0x00, 0x00, 0x00, 0x00, 0x00,
    0x00, 0x00, 0x00, 0x00, 0x00, 0x00, 0x00, 0x01,
    0x68, 0x75, 0x00, 0x00, 0x00, 0x8f, 0xff, 0xff,
    0xe6, 0x00, 0x09, 0xff, 0xff, 0xff, 0xff, 0x60,
    0x4f, 0xff, 0xff, 0xff, 0xff, 0xf1, 0xaf, 0xff,
    0xff, 0xff, 0xff, 0xf7, 0xdf, 0xff, 0xff, 0xff,
    0xff, 0xf9, 0xdf, 0xff, 0xff, 0xff, 0xff, 0xfa,
    0xbf, 0xff, 0xff, 0xff, 0xff, 0xf9, 0x7f, 0xff,
    0xff, 0xff, 0xff, 0xf6, 0x0e, 0xff, 0xff, 0xff,
    0xff, 0xf1, 0x02, 0xef, 0xff, 0xff, 0xff, 0xc0,
    0x00, 0x0d, 0xff, 0xff, 0xff, 0x60, 0x00, 0x0f,
    0xff, 0xff, 0xff, 0x00, 0x00, 0x4f, 0xff, 0xff,
    0xf9, 0x00, 0x00, 0x8f, 0xff, 0xff, 0xf3, 0x00,
    0x00, 0xdf, 0xff, 0xff, 0xc0, 0x00, 0x01, 0xff,
    0xff, 0xff, 0x60, 0x00, 0x05, 0xff, 0xff, 0xff,
    0x00, 0x00, 0x09, 0xff, 0xff, 0xf9, 0x00, 0x00,
    0x0e, 0xff, 0xff, 0xf3, 0x00, 0x00, 0x2f, 0xff,
    0xff, 0xd0, 0x00, 0x00,

    /* U+003C "<" */
    0x00, 0x00, 0x00, 0x00, 0x00, 0x00, 0x00, 0x00,
    0x00, 0x00, 0x00, 0x00, 0x00, 0x00, 0x00, 0x00,
    0x00, 0x00, 0x00, 0x00, 0x00, 0x00, 0x00, 0x00,
    0x00, 0x00, 0x00, 0x00, 0x05, 0xb4, 0x00, 0x00,
    0x00, 0x00, 0x00, 0x00, 0x00, 0x00, 0x00, 0x00,
    0x00, 0x00, 0x29, 0xef, 0xf4, 0x00, 0x00, 0x00,
    0x00, 0x00, 0x00, 0x00, 0x00, 0x00, 0x00, 0x01,
    0x6c, 0xff, 0xff, 0xf4, 0x00, 0x00, 0x00, 0x00,
    0x00, 0x00, 0x00, 0x00, 0x00, 0x04, 0xaf, 0xff,
    0xff, 0xff, 0xf4, 0x00, 0x00, 0x00, 0x00, 0x00,
    0x00, 0x00, 0x00, 0x28, 0xef, 0xff, 0xff, 0xff,
    0xff, 0xf4, 0x00, 0x00, 0x00, 0x00, 0x00, 0x00,
    0x00, 0x5b, 0xff, 0xff, 0xff, 0xff, 0xff, 0xff,
    0xf4, 0x00, 0x00, 0x00, 0x00, 0x00, 0x03, 0x9e,
    0xff, 0xff, 0xff, 0xff, 0xff, 0xff, 0xff, 0xf4,
    0x00, 0x00, 0x00, 0x00, 0x17, 0xdf, 0xff, 0xff,
    0xff, 0xff, 0xff, 0xff, 0xff, 0xff, 0xc2, 0x00,
    0x00, 0x00, 0x4a, 0xff, 0xff, 0xff, 0xff, 0xff,
    0xff, 0xff, 0xff, 0xfd, 0x82, 0x00, 0x00, 0x02,
    0x8e, 0xff, 0xff, 0xff, 0xff, 0xff, 0xff, 0xff,
    0xff, 0xf9, 0x30, 0x00, 0x00, 0x06, 0xcf, 0xff,
    0xff, 0xff, 0xff, 0xff, 0xff, 0xff, 0xff, 0xb5,
    0x00, 0x00, 0x00, 0x00, 0x4f, 0xff, 0xff, 0xff,
    0xff, 0xff, 0xff, 0xff, 0xfd, 0x71, 0x00, 0x00,
    0x00, 0x00, 0x00, 0x4f, 0xff, 0xff, 0xff, 0xff,
    0xff, 0xff, 0xe9, 0x30, 0x00, 0x00, 0x00, 0x00,
    0x00, 0x00, 0x4f, 0xff, 0xff, 0xff, 0xff, 0xff,
    0xa4, 0x00, 0x00, 0x00, 0x00, 0x00, 0x00, 0x00,
    0x00, 0x4f, 0xff, 0xff, 0xff, 0xfd, 0x61, 0x00,
    0x00, 0x00, 0x00, 0x00, 0x00, 0x00, 0x00, 0x00,
    0x4f, 0xff, 0xff, 0xff, 0xff, 0xb5, 0x00, 0x00,
    0x00, 0x00, 0x00, 0x00, 0x00, 0x00, 0x00, 0x4f,
    0xff, 0xff, 0xff, 0xff, 0xff, 0xf9, 0x40, 0x00,
    0x00, 0x00, 0x00, 0x00, 0x00, 0x00, 0x4f, 0xff,
    0xff, 0xff, 0xff, 0xff, 0xff, 0xfe, 0x82, 0x00,
    0x00, 0x00, 0x00, 0x00, 0x00, 0x3f, 0xff, 0xff,
    0xff, 0xff, 0xff, 0xff, 0xff, 0xff, 0xc6, 0x10,
    0x00, 0x00, 0x00, 0x00, 0x01, 0x7d, 0xff, 0xff,
    0xff, 0xff, 0xff, 0xff, 0xff, 0xff, 0xfb, 0x50,
    0x00, 0x00, 0x00, 0x00, 0x00, 0x39, 0xff, 0xff,
    0xff, 0xff, 0xff, 0xff, 0xff, 0xff, 0xfe, 0x93,
    0x00, 0x00, 0x00, 0x00, 0x00, 0x06, 0xcf, 0xff,
    0xff, 0xff, 0xff, 0xff, 0xff, 0xff, 0xff, 0xd7,
    0x20, 0x00, 0x00, 0x00, 0x00, 0x02, 0x8e, 0xff,
    0xff, 0xff, 0xff, 0xff, 0xff, 0xff, 0xff, 0xf4,
    0x00, 0x00, 0x00, 0x00, 0x00, 0x00, 0x4a, 0xff,
    0xff, 0xff, 0xff, 0xff, 0xff, 0xff, 0xf4, 0x00,
    0x00, 0x00, 0x00, 0x00, 0x00, 0x00, 0x17, 0xdf,
    0xff, 0xff, 0xff, 0xff, 0xff, 0xf4, 0x00, 0x00,
    0x00, 0x00, 0x00, 0x00, 0x00, 0x00, 0x03, 0x9f,
    0xff, 0xff, 0xff, 0xff, 0xf4, 0x00, 0x00, 0x00,
    0x00, 0x00, 0x00, 0x00, 0x00, 0x00, 0x00, 0x5b,
    0xff, 0xff, 0xff, 0xf4, 0x00, 0x00, 0x00, 0x00,
    0x00, 0x00, 0x00, 0x00, 0x00, 0x00, 0x00, 0x28,
    0xef, 0xff, 0xf4, 0x00, 0x00, 0x00, 0x00, 0x00,
    0x00, 0x00, 0x00, 0x00, 0x00, 0x00, 0x00, 0x04,
    0xaf, 0xf4, 0x00, 0x00, 0x00, 0x00, 0x00, 0x00,
    0x00, 0x00, 0x00, 0x00, 0x00, 0x00, 0x00, 0x01,
    0x62,

    /* U+003D "=" */
    0x4f, 0xff, 0xff, 0xff, 0xff, 0xff, 0xff, 0xff,
    0xff, 0xff, 0xff, 0xff, 0xff, 0xff, 0xf4, 0x4f,
    0xff, 0xff, 0xff, 0xff, 0xff, 0xff, 0xff, 0xff,
    0xff, 0xff, 0xff, 0xff, 0xff, 0xf4, 0x4f, 0xff,
    0xff, 0xff, 0xff, 0xff, 0xff, 0xff, 0xff, 0xff,
    0xff, 0xff, 0xff, 0xff, 0xf4, 0x4f, 0xff, 0xff,
    0xff, 0xff, 0xff, 0xff, 0xff, 0xff, 0xff, 0xff,
    0xff, 0xff, 0xff, 0xf4, 0x4f, 0xff, 0xff, 0xff,
    0xff, 0xff, 0xff, 0xff, 0xff, 0xff, 0xff, 0xff,
    0xff, 0xff, 0xf4, 0x4f, 0xff, 0xff, 0xff, 0xff,
    0xff, 0xff, 0xff, 0xff, 0xff, 0xff, 0xff, 0xff,
    0xff, 0xf4, 0x4f, 0xff, 0xff, 0xff, 0xff, 0xff,
    0xff, 0xff, 0xff, 0xff, 0xff, 0xff, 0xff, 0xff,
    0xf4, 0x16, 0x66, 0x66, 0x66, 0x66, 0x66, 0x66,
    0x66, 0x66, 0x66, 0x66, 0x66, 0x66, 0x66, 0x61,
    0x00, 0x00, 0x00, 0x00, 0x00, 0x00, 0x00, 0x00,
    0x00, 0x00, 0x00, 0x00, 0x00, 0x00, 0x00, 0x00,
    0x00, 0x00, 0x00, 0x00, 0x00, 0x00, 0x00, 0x00,
    0x00, 0x00, 0x00, 0x00, 0x00, 0x00, 0x00, 0x00,
    0x00, 0x00, 0x00, 0x00, 0x00, 0x00, 0x00, 0x00,
    0x00, 0x00, 0x00, 0x00, 0x00, 0x00, 0x00, 0x00,
    0x00, 0x00, 0x00, 0x00, 0x00, 0x00, 0x00, 0x00,
    0x00, 0x00, 0x00, 0x00, 0x00, 0x00, 0x00, 0x00,
    0x00, 0x00, 0x00, 0x00, 0x00, 0x00, 0x00, 0x00,
    0x00, 0x00, 0x00, 0x00, 0x00, 0x00, 0x00, 0x00,
    0x00, 0x00, 0x00, 0x00, 0x00, 0x00, 0x00, 0x00,
    0x00, 0x00, 0x00, 0x00, 0x00, 0x00, 0x00, 0x00,
    0x00, 0x00, 0x00, 0x00, 0x00, 0x00, 0x00, 0x00,
    0x00, 0x4f, 0xff, 0xff, 0xff, 0xff, 0xff, 0xff,
    0xff, 0xff, 0xff, 0xff, 0xff, 0xff, 0xff, 0xf4,
    0x4f, 0xff, 0xff, 0xff, 0xff, 0xff, 0xff, 0xff,
    0xff, 0xff, 0xff, 0xff, 0xff, 0xff, 0xf4, 0x4f,
    0xff, 0xff, 0xff, 0xff, 0xff, 0xff, 0xff, 0xff,
    0xff, 0xff, 0xff, 0xff, 0xff, 0xf4, 0x4f, 0xff,
    0xff, 0xff, 0xff, 0xff, 0xff, 0xff, 0xff, 0xff,
    0xff, 0xff, 0xff, 0xff, 0xf4, 0x4f, 0xff, 0xff,
    0xff, 0xff, 0xff, 0xff, 0xff, 0xff, 0xff, 0xff,
    0xff, 0xff, 0xff, 0xf4, 0x4f, 0xff, 0xff, 0xff,
    0xff, 0xff, 0xff, 0xff, 0xff, 0xff, 0xff, 0xff,
    0xff, 0xff, 0xf4, 0x4f, 0xff, 0xff, 0xff, 0xff,
    0xff, 0xff, 0xff, 0xff, 0xff, 0xff, 0xff, 0xff,
    0xff, 0xf4, 0x16, 0x66, 0x66, 0x66, 0x66, 0x66,
    0x66, 0x66, 0x66, 0x66, 0x66, 0x66, 0x66, 0x66,
    0x61,

    /* U+003E ">" */
    0x00, 0x00, 0x00, 0x00, 0x00, 0x00, 0x00, 0x00,
    0x00, 0x00, 0x00, 0x00, 0x00, 0x00, 0x00, 0x4b,
    0x50, 0x00, 0x00, 0x00, 0x00, 0x00, 0x00, 0x00,
    0x00, 0x00, 0x00, 0x00, 0x00, 0x00, 0x4f, 0xfe,
    0x92, 0x00, 0x00, 0x00, 0x00, 0x00, 0x00, 0x00,
    0x00, 0x00, 0x00, 0x00, 0x00, 0x4f, 0xff, 0xff,
    0xc6, 0x10, 0x00, 0x00, 0x00, 0x00, 0x00, 0x00,
    0x00, 0x00, 0x00, 0x00, 0x4f, 0xff, 0xff, 0xff,
    0xfa, 0x40, 0x00, 0x00, 0x00, 0x00, 0x00, 0x00,
    0x00, 0x00, 0x00, 0x4f, 0xff, 0xff, 0xff, 0xff,
    0xfe, 0x82, 0x00, 0x00, 0x00, 0x00, 0x00, 0x00,
    0x00, 0x00, 0x4f, 0xff, 0xff, 0xff, 0xff, 0xff,
    0xff, 0xb5, 0x00, 0x00, 0x00, 0x00, 0x00, 0x00,
    0x00, 0x4f, 0xff, 0xff, 0xff, 0xff, 0xff, 0xff,
    0xff, 0xe9, 0x30, 0x00, 0x00, 0x00, 0x00, 0x00,
    0x2c, 0xff, 0xff, 0xff, 0xff, 0xff, 0xff, 0xff,
    0xff, 0xfd, 0x71, 0x00, 0x00, 0x00, 0x00, 0x00,
    0x28, 0xdf, 0xff, 0xff, 0xff, 0xff, 0xff, 0xff,
    0xff, 0xff, 0xa4, 0x00, 0x00, 0x00, 0x00, 0x00,
    0x03, 0x9f, 0xff, 0xff, 0xff, 0xff, 0xff, 0xff,
    0xff, 0xff, 0xe8, 0x20, 0x00, 0x00, 0x00, 0x00,
    0x00, 0x5b, 0xff, 0xff, 0xff, 0xff, 0xff, 0xff,
    0xff, 0xff, 0xfc, 0x60, 0x00, 0x00, 0x00, 0x00,
    0x00, 0x17, 0xdf, 0xff, 0xff, 0xff, 0xff, 0xff,
    0xff, 0xff, 0xf4, 0x00, 0x00, 0x00, 0x00, 0x00,
    0x00, 0x03, 0x9e, 0xff, 0xff, 0xff, 0xff, 0xff,
    0xff, 0xf4, 0x00, 0x00, 0x00, 0x00, 0x00, 0x00,
    0x00, 0x00, 0x4a, 0xff, 0xff, 0xff, 0xff, 0xff,
    0xf4, 0x00, 0x00, 0x00, 0x00, 0x00, 0x00, 0x00,
    0x00, 0x00, 0x16, 0xdf, 0xff, 0xff, 0xff, 0xf4,
    0x00, 0x00, 0x00, 0x00, 0x00, 0x00, 0x00, 0x00,
    0x00, 0x5b, 0xff, 0xff, 0xff, 0xff, 0xf4, 0x00,
    0x00, 0x00, 0x00, 0x00, 0x00, 0x00, 0x04, 0x9f,
    0xff, 0xff, 0xff, 0xff, 0xff, 0xf4, 0x00, 0x00,
    0x00, 0x00, 0x00, 0x00, 0x28, 0xef, 0xff, 0xff,
    0xff, 0xff, 0xff, 0xff, 0xf4, 0x00, 0x00, 0x00,
    0x00, 0x01, 0x6c, 0xff, 0xff, 0xff, 0xff, 0xff,
    0xff, 0xff, 0xff, 0xf3, 0x00, 0x00, 0x00, 0x05,
    0xbf, 0xff, 0xff, 0xff, 0xff, 0xff, 0xff, 0xff,
    0xff, 0xd7, 0x10, 0x00, 0x00, 0x39, 0xef, 0xff,
    0xff, 0xff, 0xff, 0xff, 0xff, 0xff, 0xff, 0x93,
    0x00, 0x00, 0x02, 0x7d, 0xff, 0xff, 0xff, 0xff,
    0xff, 0xff, 0xff, 0xff, 0xfc, 0x60, 0x00, 0x00,
    0x00, 0x4f, 0xff, 0xff, 0xff, 0xff, 0xff, 0xff,
    0xff, 0xff, 0xe8, 0x20, 0x00, 0x00, 0x00, 0x00,
    0x4f, 0xff, 0xff, 0xff, 0xff, 0xff, 0xff, 0xff,
    0xa4, 0x00, 0x00, 0x00, 0x00, 0x00, 0x00, 0x4f,
    0xff, 0xff, 0xff, 0xff, 0xff, 0xfd, 0x71, 0x00,
    0x00, 0x00, 0x00, 0x00, 0x00, 0x00, 0x4f, 0xff,
    0xff, 0xff, 0xff, 0xf9, 0x30, 0x00, 0x00, 0x00,
    0x00, 0x00, 0x00, 0x00, 0x00, 0x4f, 0xff, 0xff,
    0xff, 0xb5, 0x00, 0x00, 0x00, 0x00, 0x00, 0x00,
    0x00, 0x00, 0x00, 0x00, 0x4f, 0xff, 0xfe, 0x82,
    0x00, 0x00, 0x00, 0x00, 0x00, 0x00, 0x00, 0x00,
    0x00, 0x00, 0x00, 0x4f, 0xfa, 0x40, 0x00, 0x00,
    0x00, 0x00, 0x00, 0x00, 0x00, 0x00, 0x00, 0x00,
    0x00, 0x00, 0x26, 0x10, 0x00, 0x00, 0x00, 0x00,
    0x00, 0x00, 0x00, 0x00, 0x00, 0x00, 0x00, 0x00,
    0x00,

    /* U+003F "?" */
    0x00, 0x00, 0x00, 0x00, 0x00, 0x00, 0x02, 0x46,
    0x67, 0x77, 0x54, 0x10, 0x00, 0x00, 0x00, 0x00,
    0x00, 0x00, 0x00, 0x00, 0x00, 0x01, 0x7b, 0xff,
    0xff, 0xff, 0xff, 0xff, 0xfe, 0xa5, 0x00, 0x00,
    0x00, 0x00, 0x00, 0x00, 0x00, 0x03, 0xaf, 0xff,
    0xff, 0xff, 0xff, 0xff, 0xff, 0xff, 0xff, 0xe8,
    0x00, 0x00, 0x00, 0x00, 0x00, 0x01, 0x9f, 0xff,
    0xff, 0xff, 0xff, 0xff, 0xff, 0xff, 0xff, 0xff,
    0xff, 0xe3, 0x00, 0x00, 0x00, 0x00, 0x3e, 0xff,
    0xff, 0xff, 0xff, 0xff, 0xff, 0xff, 0xff, 0xff,
    0xff, 0xff, 0xff, 0x50, 0x00, 0x00, 0x06, 0xff,
    0xff, 0xff, 0xff, 0xff, 0xff, 0xff, 0xff, 0xff,
    0xff, 0xff, 0xff, 0xff, 0xf3, 0x00, 0x00, 0x6f,
    0xff, 0xff, 0xff, 0xff, 0xff, 0xff, 0xff, 0xff,
    0xff, 0xff, 0xff, 0xff, 0xff, 0xfd, 0x00, 0x03,
    0xff, 0xff, 0xff, 0xff, 0xff, 0xff, 0xff, 0xff,
    0xff, 0xff, 0xff, 0xff, 0xff, 0xff, 0xff, 0x60,
    0x0c, 0xff, 0xff, 0xff, 0xff, 0xff, 0xfe, 0xa8,
    0x77, 0x8c, 0xff, 0xff, 0xff, 0xff, 0xff, 0xff,
    0xc0, 0x00, 0x7f, 0xff, 0xff, 0xff, 0xfc, 0x40,
    0x00, 0x00, 0x00, 0x1a, 0xff, 0xff, 0xff, 0xff,
    0xff, 0xf0, 0x00, 0x01, 0x9f, 0xff, 0xff, 0x70,
    0x00, 0x00, 0x00, 0x00, 0x00, 0x9f, 0xff, 0xff,
    0xff, 0xff, 0xf1, 0x00, 0x00, 0x02, 0xbf, 0xf4,
    0x00, 0x00, 0x00, 0x00, 0x00, 0x00, 0x0e, 0xff,
    0xff, 0xff, 0xff, 0xf2, 0x00, 0x00, 0x00, 0x04,
    0x50, 0x00, 0x00, 0x00, 0x00, 0x00, 0x00, 0x0b,
    0xff, 0xff, 0xff, 0xff, 0xf1, 0x00, 0x00, 0x00,
    0x00, 0x00, 0x00, 0x00, 0x00, 0x00, 0x00, 0x00,
    0x0b, 0xff, 0xff, 0xff, 0xff, 0xf0, 0x00, 0x00,
    0x00, 0x00, 0x00, 0x00, 0x00, 0x00, 0x00, 0x00,
    0x00, 0x0e, 0xff, 0xff, 0xff, 0xff, 0xb0, 0x00,
    0x00, 0x00, 0x00, 0x00, 0x00, 0x00, 0x00, 0x00,
    0x00, 0x00, 0x7f, 0xff, 0xff, 0xff, 0xff, 0x60,
    0x00, 0x00, 0x00, 0x00, 0x00, 0x00, 0x00, 0x00,
    0x00, 0x00, 0x04, 0xff, 0xff, 0xff, 0xff, 0xfd,
    0x00, 0x00, 0x00, 0x00, 0x00, 0x00, 0x00, 0x00,
    0x00, 0x00, 0x00, 0x4f, 0xff, 0xff, 0xff, 0xff,
    0xf4, 0x00, 0x00, 0x00, 0x00, 0x00, 0x00, 0x00,
    0x00, 0x00, 0x00, 0x05, 0xff, 0xff, 0xff, 0xff,
    0xff, 0x70, 0x00, 0x00, 0x00, 0x00, 0x00, 0x00,
    0x00, 0x00, 0x00, 0x00, 0x6f, 0xff, 0xff, 0xff,
    0xff, 0xf9, 0x00, 0x00, 0x00, 0x00, 0x00, 0x00,
    0x00, 0x00, 0x00, 0x00, 0x07, 0xff, 0xff, 0xff,
    0xff, 0xff, 0x70, 0x00, 0x00, 0x00, 0x00, 0x00,
    0x00, 0x00, 0x00, 0x00, 0x00, 0x6f, 0xff, 0xff,
    0xff, 0xff, 0xf5, 0x00, 0x00, 0x00, 0x00, 0x00,
    0x00, 0x00, 0x00, 0x00, 0x00, 0x03, 0xff, 0xff,
    0xff, 0xff, 0xff, 0x40, 0x00, 0x00, 0x00, 0x00,
    0x00, 0x00, 0x00, 0x00, 0x00, 0x00, 0x0d, 0xff,
    0xff, 0xff, 0xff, 0xf3, 0x00, 0x00, 0x00, 0x00,
    0x00, 0x00, 0x00, 0x00, 0x00, 0x00, 0x00, 0x4f,
    0xff, 0xff, 0xff, 0xff, 0x50, 0x00, 0x00, 0x00,
    0x00, 0x00, 0x00, 0x00, 0x00, 0x00, 0x00, 0x00,
    0xaf, 0xff, 0xff, 0xff, 0xfa, 0x00, 0x00, 0x00,
    0x00, 0x00, 0x00, 0x00, 0x00, 0x00, 0x00, 0x00,
    0x00, 0xdf, 0xff, 0xff, 0xff, 0xf4, 0x00, 0x00,
    0x00, 0x00, 0x00, 0x00, 0x00, 0x00, 0x00, 0x00,
    0x00, 0x00, 0xef, 0xff, 0xff, 0xff, 0xf1, 0x00,
    0x00, 0x00, 0x00, 0x00, 0x00, 0x00, 0x00, 0x00,
    0x00, 0x00, 0x00, 0x00, 0x00, 0x00, 0x00, 0x00,
    0x00, 0x00, 0x00, 0x00, 0x00, 0x00, 0x00, 0x00,
    0x00, 0x00, 0x00, 0x00, 0x00, 0x00, 0x00, 0x00,
    0x00, 0x00, 0x00, 0x00, 0x00, 0x00, 0x00, 0x00,
    0x00, 0x00, 0x00, 0x00, 0x00, 0x00, 0x00, 0x00,
    0x00, 0x00, 0x00, 0x00, 0x00, 0x00, 0x00, 0x00,
    0x00, 0x00, 0x00, 0x00, 0x00, 0x00, 0x00, 0x00,
    0x00, 0x00, 0x00, 0x00, 0x00, 0x00, 0x00, 0x00,
    0x00, 0x00, 0x00, 0x00, 0x00, 0x00, 0x00, 0x01,
    0x8c, 0xdc, 0x92, 0x00, 0x00, 0x00, 0x00, 0x00,
    0x00, 0x00, 0x00, 0x00, 0x00, 0x00, 0x00, 0x00,
    0x5f, 0xff, 0xff, 0xff, 0x70, 0x00, 0x00, 0x00,
    0x00, 0x00, 0x00, 0x00, 0x00, 0x00, 0x00, 0x00,
    0x04, 0xff, 0xff, 0xff, 0xff, 0xf6, 0x00, 0x00,
    0x00, 0x00, 0x00, 0x00, 0x00, 0x00, 0x00, 0x00,
    0x00, 0x0c, 0xff, 0xff, 0xff, 0xff, 0xfe, 0x00,
    0x00, 0x00, 0x00, 0x00, 0x00, 0x00, 0x00, 0x00,
    0x00, 0x00, 0x1f, 0xff, 0xff, 0xff, 0xff, 0xff,
    0x30, 0x00, 0x00, 0x00, 0x00, 0x00, 0x00, 0x00,
    0x00, 0x00, 0x00, 0x2f, 0xff, 0xff, 0xff, 0xff,
    0xff, 0x50, 0x00, 0x00, 0x00, 0x00, 0x00, 0x00,
    0x00, 0x00, 0x00, 0x00, 0x1f, 0xff, 0xff, 0xff,
    0xff, 0xff, 0x30, 0x00, 0x00, 0x00, 0x00, 0x00,
    0x00, 0x00, 0x00, 0x00, 0x00, 0x0c, 0xff, 0xff,
    0xff, 0xff, 0xfe, 0x00, 0x00, 0x00, 0x00, 0x00,
    0x00, 0x00, 0x00, 0x00, 0x00, 0x00, 0x04, 0xff,
    0xff, 0xff, 0xff, 0xf6, 0x00, 0x00, 0x00, 0x00,
    0x00, 0x00, 0x00, 0x00, 0x00, 0x00, 0x00, 0x00,
    0x6f, 0xff, 0xff, 0xff, 0x80, 0x00, 0x00, 0x00,
    0x00, 0x00, 0x00, 0x00, 0x00, 0x00, 0x00, 0x00,
    0x00, 0x03, 0xae, 0xfe, 0xb4, 0x00, 0x00, 0x00,
    0x00, 0x00, 0x00,

    /* U+0040 "@" */
    0x00, 0x00, 0x00, 0x00, 0x00, 0x00, 0x00, 0x00,
    0x00, 0x00, 0x00, 0x00, 0x24, 0x66, 0x77, 0x76,
    0x54, 0x20, 0x00, 0x00, 0x00, 0x00, 0x00, 0x00,
    0x00, 0x00, 0x00, 0x00, 0x00, 0x00, 0x00, 0x00,
    0x00, 0x00, 0x00, 0x00, 0x00, 0x00, 0x01, 0x6a,
    0xdf, 0xff, 0xff, 0xff, 0xff, 0xff, 0xff, 0xc9,
    0x50, 0x00, 0x00, 0x00, 0x00, 0x00, 0x00, 0x00,
    0x00, 0x00, 0x00, 0x00, 0x00, 0x00, 0x00, 0x00,
    0x00, 0x00, 0x17, 0xcf, 0xff, 0xff, 0xff, 0xff,
    0xff, 0xff, 0xff, 0xff, 0xff, 0xff, 0xb5, 0x00,
    0x00, 0x00, 0x00, 0x00, 0x00, 0x00, 0x00, 0x00,
    0x00, 0x00, 0x00, 0x00, 0x00, 0x00, 0x29, 0xff,
    0xff, 0xff, 0xff, 0xff, 0xff, 0xff, 0xff, 0xff,
    0xff, 0xff, 0xff, 0xff, 0xe7, 0x00, 0x00, 0x00,
    0x00, 0x00, 0x00, 0x00, 0x00, 0x00, 0x00, 0x00,
    0x00, 0x00, 0x19, 0xff, 0xff, 0xff, 0xff, 0xff,
    0xff, 0xff, 0xff, 0xff, 0xff, 0xff, 0xff, 0xff,
    0xff, 0xff, 0xe6, 0x00, 0x00, 0x00, 0x00, 0x00,
    0x00, 0x00, 0x00, 0x00, 0x00, 0x00, 0x05, 0xef,
    0xff, 0xff, 0xff, 0xff, 0xff, 0xff, 0xff, 0xff,
    0xff, 0xff, 0xff, 0xff, 0xff, 0xff, 0xff, 0xff,
    0xc2, 0x00, 0x00, 0x00, 0x00, 0x00, 0x00, 0x00,
    0x00, 0x00, 0x00, 0x9f, 0xff, 0xff, 0xff, 0xff,
    0xff, 0xfe, 0xb8, 0x65, 0x44, 0x45, 0x68, 0xbe,
    0xff, 0xff, 0xff, 0xff, 0xff, 0xff, 0x50, 0x00,
    0x00, 0x00, 0x00, 0x00, 0x00, 0x00, 0x00, 0x1c,
    0xff, 0xff, 0xff, 0xff, 0xff, 0xc7, 0x20, 0x00,
    0x00, 0x00, 0x00, 0x00, 0x00, 0x26, 0xbf, 0xff,
    0xff, 0xff, 0xff, 0xf7, 0x00, 0x00, 0x00, 0x00,
    0x00, 0x00, 0x00, 0x01, 0xdf, 0xff, 0xff, 0xff,
    0xff, 0xa2, 0x00, 0x00, 0x00, 0x00, 0x00, 0x00,
    0x00, 0x00, 0x00, 0x02, 0x9f, 0xff, 0xff, 0xff,
    0xff, 0x80, 0x00, 0x00, 0x00, 0x00, 0x00, 0x00,
    0x0c, 0xff, 0xff, 0xff, 0xff, 0xc2, 0x00, 0x00,
    0x00, 0x00, 0x00, 0x00, 0x00, 0x00, 0x00, 0x00,
    0x00, 0x01, 0xaf, 0xff, 0xff, 0xff, 0xf8, 0x00,
    0x00, 0x00, 0x00, 0x00, 0x00, 0xbf, 0xff, 0xff,
    0xff, 0xf6, 0x00, 0x00, 0x00, 0x00, 0x00, 0x00,
    0x00, 0x00, 0x00, 0x00, 0x00, 0x00, 0x00, 0x04,
    0xef, 0xff, 0xff, 0xff, 0x50, 0x00, 0x00, 0x00,
    0x00, 0x08, 0xff, 0xff, 0xff, 0xfe, 0x30, 0x00,
    0x00, 0x00, 0x00, 0x00, 0x00, 0x00, 0x00, 0x00,
    0x00, 0x00, 0x00, 0x00, 0x00, 0x2d, 0xff, 0xff,
    0xff, 0xf2, 0x00, 0x00, 0x00, 0x00, 0x3f, 0xff,
    0xff, 0xff, 0xe2, 0x00, 0x00, 0x00, 0x00, 0x38,
    0xce, 0xff, 0xdc, 0x83, 0x00, 0x00, 0x79, 0x99,
    0x99, 0x99, 0x31, 0xcf, 0xff, 0xff, 0xfc, 0x00,
    0x00, 0x00, 0x00, 0xdf, 0xff, 0xff, 0xff, 0x30,
    0x00, 0x00, 0x00, 0x5d, 0xff, 0xff, 0xff, 0xff,
    0xff, 0xd4, 0x00, 0xcf, 0xff, 0xff, 0xff, 0x60,
    0x1d, 0xff, 0xff, 0xff, 0x60, 0x00, 0x00, 0x06,
    0xff, 0xff, 0xff, 0xf4, 0x00, 0x00, 0x00, 0x1b,
    0xff, 0xff, 0xff, 0xff, 0xff, 0xff, 0xff, 0xa0,
    0xcf, 0xff, 0xff, 0xff, 0x60, 0x02, 0xff, 0xff,
    0xff, 0xe0, 0x00, 0x00, 0x0e, 0xff, 0xff, 0xff,
    0x90, 0x00, 0x00, 0x02, 0xef, 0xff, 0xff, 0xff,
    0xff, 0xff, 0xff, 0xff, 0xfb, 0xdf, 0xff, 0xff,
    0xff, 0x60, 0x00, 0x6f, 0xff, 0xff, 0xf7, 0x00,
    0x00, 0x6f, 0xff, 0xff, 0xfe, 0x00, 0x00, 0x00,
    0x2e, 0xff, 0xff, 0xff, 0xff, 0xff, 0xff, 0xff,
    0xff, 0xff, 0xff, 0xff, 0xff, 0xff, 0x60, 0x00,
    0x0c, 0xff, 0xff, 0xfd, 0x00, 0x00, 0xdf, 0xff,
    0xff, 0xf6, 0x00, 0x00, 0x00, 0xdf, 0xff, 0xff,
    0xff, 0xff, 0xff, 0xff, 0xff, 0xff, 0xff, 0xff,
    0xff, 0xff, 0xff, 0x60, 0x00, 0x04, 0xff, 0xff,
    0xff, 0x30, 0x02, 0xff, 0xff, 0xff, 0xe0, 0x00,
    0x00, 0x08, 0xff, 0xff, 0xff, 0xff, 0xff, 0xff,
    0xff, 0xff, 0xff, 0xff, 0xff, 0xff, 0xff, 0xff,
    0x60, 0x00, 0x00, 0xcf, 0xff, 0xff, 0x90, 0x08,
    0xff, 0xff, 0xff, 0x80, 0x00, 0x00, 0x1f, 0xff,
    0xff, 0xff, 0xff, 0xfc, 0x62, 0x01, 0x37, 0xef,
    0xff, 0xff, 0xff, 0xff, 0xff, 0x60, 0x00, 0x00,
    0x7f, 0xff, 0xff, 0xd0, 0x0c, 0xff, 0xff, 0xff,
    0x20, 0x00, 0x00, 0x8f, 0xff, 0xff, 0xff, 0xff,
    0x60, 0x00, 0x00, 0x00, 0x09, 0xff, 0xff, 0xff,
    0xff, 0xff, 0x60, 0x00, 0x00, 0x1f, 0xff, 0xff,
    0xf2, 0x0f, 0xff, 0xff, 0xfd, 0x00, 0x00, 0x00,
    0xef, 0xff, 0xff, 0xff, 0xf5, 0x00, 0x00, 0x00,
    0x00, 0x00, 0x9f, 0xff, 0xff, 0xff, 0xff, 0x60,
    0x00, 0x00, 0x0d, 0xff, 0xff, 0xf5, 0x3f, 0xff,
    0xff, 0xfa, 0x00, 0x00, 0x03, 0xff, 0xff, 0xff,
    0xff, 0x90, 0x00, 0x00, 0x00, 0x00, 0x00, 0x0d,
    0xff, 0xff, 0xff, 0xff, 0x60, 0x00, 0x00, 0x0a,
    0xff, 0xff, 0xf7, 0x5f, 0xff, 0xff, 0xf7, 0x00,
    0x00, 0x07, 0xff, 0xff, 0xff, 0xff, 0x20, 0x00,
    0x00, 0x00, 0x00, 0x00, 0x05, 0xff, 0xff, 0xff,
    0xff, 0x60, 0x00, 0x00, 0x07, 0xff, 0xff, 0xf9,
    0x7f, 0xff, 0xff, 0xf4, 0x00, 0x00, 0x0a, 0xff,
    0xff, 0xff, 0xfc, 0x00, 0x00, 0x00, 0x00, 0x00,
    0x00, 0x00, 0xff, 0xff, 0xff, 0xff, 0x60, 0x00,
    0x00, 0x06, 0xff, 0xff, 0xfa, 0x8f, 0xff, 0xff,
    0xf2, 0x00, 0x00, 0x0c, 0xff, 0xff, 0xff, 0xf9,
    0x00, 0x00, 0x00, 0x00, 0x00, 0x00, 0x00, 0xdf,
    0xff, 0xff, 0xff, 0x60, 0x00, 0x00, 0x05, 0xff,
    0xff, 0xfb, 0x9f, 0xff, 0xff, 0xf2, 0x00, 0x00,
    0x0d, 0xff, 0xff, 0xff, 0xf7, 0x00, 0x00, 0x00,
    0x00, 0x00, 0x00, 0x00, 0xbf, 0xff, 0xff, 0xff,
    0x60, 0x00, 0x00, 0x04, 0xff, 0xff, 0xfb, 0xaf,
    0xff, 0xff, 0xf1, 0x00, 0x00, 0x0d, 0xff, 0xff,
    0xff, 0xf6, 0x00, 0x00, 0x00, 0x00, 0x00, 0x00,
    0x00, 0xaf, 0xff, 0xff, 0xff, 0x60, 0x00, 0x00,
    0x05, 0xff, 0xff, 0xfb, 0x9f, 0xff, 0xff, 0xf1,
    0x00, 0x00, 0x0d, 0xff, 0xff, 0xff, 0xf7, 0x00,
    0x00, 0x00, 0x00, 0x00, 0x00, 0x00, 0xbf, 0xff,
    0xff, 0xff, 0x60, 0x00, 0x00, 0x05, 0xff, 0xff,
    0xfa, 0x9f, 0xff, 0xff, 0xf2, 0x00, 0x00, 0x0c,
    0xff, 0xff, 0xff, 0xf9, 0x00, 0x00, 0x00, 0x00,
    0x00, 0x00, 0x00, 0xdf, 0xff, 0xff, 0xff, 0x60,
    0x00, 0x00, 0x07, 0xff, 0xff, 0xf9, 0x8f, 0xff,
    0xff, 0xf3, 0x00, 0x00, 0x0a, 0xff, 0xff, 0xff,
    0xfc, 0x00, 0x00, 0x00, 0x00, 0x00, 0x00, 0x00,
    0xff, 0xff, 0xff, 0xff, 0x60, 0x00, 0x00, 0x08,
    0xff, 0xff, 0xf7, 0x6f, 0xff, 0xff, 0xf5, 0x00,
    0x00, 0x07, 0xff, 0xff, 0xff, 0xff, 0x20, 0x00,
    0x00, 0x00, 0x00, 0x00, 0x05, 0xff, 0xff, 0xff,
    0xff, 0x60, 0x00, 0x00, 0x0b, 0xff, 0xff, 0xf4,
    0x4f, 0xff, 0xff, 0xf8, 0x00, 0x00, 0x03, 0xff,
    0xff, 0xff, 0xff, 0x90, 0x00, 0x00, 0x00, 0x00,
    0x00, 0x0d, 0xff, 0xff, 0xff, 0xff, 0x60, 0x00,
    0x00, 0x0f, 0xff, 0xff, 0xf1, 0x1f, 0xff, 0xff,
    0xfb, 0x00, 0x00, 0x00, 0xef, 0xff, 0xff, 0xff,
    0xf5, 0x00, 0x00, 0x00, 0x00, 0x00, 0x9f, 0xff,
    0xff, 0xff, 0xff, 0x70, 0x00, 0x00, 0x5f, 0xff,
    0xff, 0xd0, 0x0d, 0xff, 0xff, 0xff, 0x00, 0x00,
    0x00, 0x8f, 0xff, 0xff, 0xff, 0xff, 0x50, 0x00,
    0x00, 0x00, 0x09, 0xff, 0xff, 0xff, 0xff, 0xff,
    0xa0, 0x00, 0x00, 0xdf, 0xff, 0xff, 0x80, 0x09,
    0xff, 0xff, 0xff, 0x50, 0x00, 0x00, 0x1f, 0xff,
    0xff, 0xff, 0xff, 0xfb, 0x51, 0x00, 0x26, 0xdf,
    0xff, 0xff, 0xff, 0xff, 0xff, 0xf5, 0x00, 0x0a,
    0xff, 0xff, 0xff, 0x20, 0x05, 0xff, 0xff, 0xff,
    0xb0, 0x00, 0x00, 0x07, 0xff, 0xff, 0xff, 0xff,
    0xff, 0xff, 0xff, 0xff, 0xff, 0xff, 0xff, 0xff,
    0xff, 0xff, 0xff, 0xcb, 0xef, 0xff, 0xff, 0xfb,
    0x00, 0x00, 0xef, 0xff, 0xff, 0xf2, 0x00, 0x00,
    0x00, 0xcf, 0xff, 0xff, 0xff, 0xff, 0xff, 0xff,
    0xff, 0xff, 0xff, 0xff, 0xff, 0xff, 0xff, 0xff,
    0xff, 0xff, 0xff, 0xff, 0xf2, 0x00, 0x00, 0x9f,
    0xff, 0xff, 0xfa, 0x00, 0x00, 0x00, 0x1e, 0xff,
    0xff, 0xff, 0xff, 0xff, 0xff, 0xff, 0xff, 0xff,
    0xb6, 0xff, 0xff, 0xff, 0xff, 0xff, 0xff, 0xff,
    0xff, 0x70, 0x00, 0x00, 0x2f, 0xff, 0xff, 0xff,
    0x40, 0x00, 0x00, 0x02, 0xdf, 0xff, 0xff, 0xff,
    0xff, 0xff, 0xff, 0xff, 0xfd, 0x10, 0xdf, 0xff,
    0xff, 0xff, 0xff, 0xff, 0xff, 0xfa, 0x00, 0x00,
    0x00, 0x0a, 0xff, 0xff, 0xff, 0xd0, 0x00, 0x00,
    0x00, 0x1b, 0xff, 0xff, 0xff, 0xff, 0xff, 0xff,
    0xff, 0xb1, 0x00, 0x2e, 0xff, 0xff, 0xff, 0xff,
    0xff, 0xff, 0x90, 0x00, 0x00, 0x00, 0x02, 0xff,
    0xff, 0xff, 0xfa, 0x00, 0x00, 0x00, 0x00, 0x5d,
    0xff, 0xff, 0xff, 0xff, 0xff, 0xe6, 0x00, 0x00,
    0x02, 0xcf, 0xff, 0xff, 0xff, 0xff, 0xd4, 0x00,
    0x00, 0x00, 0x00, 0x00, 0x8f, 0xff, 0xff, 0xff,
    0x80, 0x00, 0x00, 0x00, 0x00, 0x38, 0xce, 0xff,
    0xec, 0x94, 0x00, 0x00, 0x00, 0x00, 0x04, 0x9d,
    0xff, 0xfd, 0x94, 0x00, 0x00, 0x00, 0x00, 0x00,
    0x00, 0x0d, 0xff, 0xff, 0xff, 0xf8, 0x00, 0x00,
    0x00, 0x00, 0x00, 0x00, 0x00, 0x00, 0x00, 0x00,
    0x00, 0x00, 0x00, 0x00, 0x00, 0x00, 0x00, 0x00,
    0x00, 0x00, 0x00, 0x00, 0x00, 0x00, 0x02, 0xff,
    0xff, 0xff, 0xff, 0xa0, 0x00, 0x00, 0x00, 0x00,
    0x00, 0x00, 0x00, 0x00, 0x00, 0x00, 0x00, 0x00,
    0x00, 0x00, 0x00, 0x00, 0x00, 0x00, 0x00, 0x00,
    0x00, 0x00, 0x00, 0x00, 0x5f, 0xff, 0xff, 0xff,
    0xfd, 0x30, 0x00, 0x00, 0x00, 0x00, 0x00, 0x00,
    0x00, 0x00, 0x00, 0x00, 0x00, 0x00, 0x00, 0x00,
    0x00, 0x00, 0x00, 0x00, 0x00, 0x00, 0x00, 0x00,
    0x00, 0x06, 0xff, 0xff, 0xff, 0xff, 0xf9, 0x20,
    0x00, 0x00, 0x00, 0x00, 0x00, 0x00, 0x00, 0x00,
    0x00, 0x00, 0x40, 0x00, 0x00, 0x00, 0x00, 0x00,
    0x00, 0x00, 0x00, 0x00, 0x00, 0x00, 0x00, 0x6f,
    0xff, 0xff, 0xff, 0xff, 0xfa, 0x30, 0x00, 0x00,
    0x00, 0x00, 0x00, 0x00, 0x00, 0x01, 0x6d, 0xf4,
    0x00, 0x00, 0x00, 0x00, 0x00, 0x00, 0x00, 0x00,
    0x00, 0x00, 0x00, 0x00, 0x04, 0xff, 0xff, 0xff,
    0xff, 0xff, 0xfe, 0xa6, 0x30, 0x00, 0x00, 0x00,
    0x03, 0x58, 0xdf, 0xff, 0xfa, 0x00, 0x00, 0x00,
    0x00, 0x00, 0x00, 0x00, 0x00, 0x00, 0x00, 0x00,
    0x00, 0x00, 0x2c, 0xff, 0xff, 0xff, 0xff, 0xff,
    0xff, 0xff, 0xfe, 0xdd, 0xef, 0xff, 0xff, 0xff,
    0xff, 0xff, 0x00, 0x00, 0x00, 0x00, 0x00, 0x00,
    0x00, 0x00, 0x00, 0x00, 0x00, 0x00, 0x00, 0x00,
    0x8f, 0xff, 0xff, 0xff, 0xff, 0xff, 0xff, 0xff,
    0xff, 0xff, 0xff, 0xff, 0xff, 0xff, 0xff, 0x50,
    0x00, 0x00, 0x00, 0x00, 0x00, 0x00, 0x00, 0x00,
    0x00, 0x00, 0x00, 0x00, 0x00, 0x01, 0xaf, 0xff,
    0xff, 0xff, 0xff, 0xff, 0xff, 0xff, 0xff, 0xff,
    0xff, 0xff, 0xff, 0xff, 0xa0, 0x00, 0x00, 0x00,
    0x00, 0x00, 0x00, 0x00, 0x00, 0x00, 0x00, 0x00,
    0x00, 0x00, 0x00, 0x02, 0x9f, 0xff, 0xff, 0xff,
    0xff, 0xff, 0xff, 0xff, 0xff, 0xff, 0xff, 0xff,
    0xfa, 0x30, 0x00, 0x00, 0x00, 0x00, 0x00, 0x00,
    0x00, 0x00, 0x00, 0x00, 0x00, 0x00, 0x00, 0x00,
    0x00, 0x00, 0x5a, 0xff, 0xff, 0xff, 0xff, 0xff,
    0xff, 0xff, 0xff, 0xff, 0xb6, 0x10, 0x00, 0x00,
    0x00, 0x00, 0x00, 0x00, 0x00, 0x00, 0x00, 0x00,
    0x00, 0x00, 0x00, 0x00, 0x00, 0x00, 0x00, 0x00,
    0x02, 0x68, 0xbd, 0xef, 0xff, 0xee, 0xdb, 0x86,
    0x30, 0x00, 0x00, 0x00, 0x00, 0x00, 0x00, 0x00,
    0x00, 0x00, 0x00,

    /* U+0041 "A" */
    0x00, 0x00, 0x00, 0x00, 0x00, 0x00, 0x00, 0x00,
    0x00, 0x1f, 0xff, 0xff, 0xff, 0xff, 0xf0, 0x00,
    0x00, 0x00, 0x00, 0x00, 0x00, 0x00, 0x00, 0x00,
    0x00, 0x00, 0x00, 0x00, 0x00, 0x00, 0x00, 0x00,
    0x00, 0x7f, 0xff, 0xff, 0xff, 0xff, 0xf7, 0x00,
    0x00, 0x00, 0x00, 0x00, 0x00, 0x00, 0x00, 0x00,
    0x00, 0x00, 0x00, 0x00, 0x00, 0x00, 0x00, 0x00,
    0x00, 0xef, 0xff, 0xff, 0xff, 0xff, 0xfe, 0x00,
    0x00, 0x00, 0x00, 0x00, 0x00, 0x00, 0x00, 0x00,
    0x00, 0x00, 0x00, 0x00, 0x00, 0x00, 0x00, 0x00,
    0x06, 0xff, 0xff, 0xff, 0xff, 0xff, 0xff, 0x50,
    0x00, 0x00, 0x00, 0x00, 0x00, 0x00, 0x00, 0x00,
    0x00, 0x00, 0x00, 0x00, 0x00, 0x00, 0x00, 0x00,
    0x0d, 0xff, 0xff, 0xff, 0xff, 0xff, 0xff, 0xc0,
    0x00, 0x00, 0x00, 0x00, 0x00, 0x00, 0x00, 0x00,
    0x00, 0x00, 0x00, 0x00, 0x00, 0x00, 0x00, 0x00,
    0x4f, 0xff, 0xff, 0xff, 0xff, 0xff, 0xff, 0xf3,
    0x00, 0x00, 0x00, 0x00, 0x00, 0x00, 0x00, 0x00,
    0x00, 0x00, 0x00, 0x00, 0x00, 0x00, 0x00, 0x00,
    0xbf, 0xff, 0xff, 0xff, 0xff, 0xff, 0xff, 0xfa,
    0x00, 0x00, 0x00, 0x00, 0x00, 0x00, 0x00, 0x00,
    0x00, 0x00, 0x00, 0x00, 0x00, 0x00, 0x00, 0x02,
    0xff, 0xff, 0xff, 0xff, 0xff, 0xff, 0xff, 0xff,
    0x20, 0x00, 0x00, 0x00, 0x00, 0x00, 0x00, 0x00,
    0x00, 0x00, 0x00, 0x00, 0x00, 0x00, 0x00, 0x09,
    0xff, 0xff, 0xff, 0xff, 0xff, 0xff, 0xff, 0xff,
    0x90, 0x00, 0x00, 0x00, 0x00, 0x00, 0x00, 0x00,
    0x00, 0x00, 0x00, 0x00, 0x00, 0x00, 0x00, 0x1f,
    0xff, 0xff, 0xff, 0xfe, 0xff, 0xff, 0xff, 0xff,
    0xf1, 0x00, 0x00, 0x00, 0x00, 0x00, 0x00, 0x00,
    0x00, 0x00, 0x00, 0x00, 0x00, 0x00, 0x00, 0x7f,
    0xff, 0xff, 0xff, 0xf8, 0xbf, 0xff, 0xff, 0xff,
    0xf7, 0x00, 0x00, 0x00, 0x00, 0x00, 0x00, 0x00,
    0x00, 0x00, 0x00, 0x00, 0x00, 0x00, 0x00, 0xef,
    0xff, 0xff, 0xff, 0xf1, 0x4f, 0xff, 0xff, 0xff,
    0xfe, 0x00, 0x00, 0x00, 0x00, 0x00, 0x00, 0x00,
    0x00, 0x00, 0x00, 0x00, 0x00, 0x00, 0x06, 0xff,
    0xff, 0xff, 0xff, 0xb0, 0x0d, 0xff, 0xff, 0xff,
    0xff, 0x50, 0x00, 0x00, 0x00, 0x00, 0x00, 0x00,
    0x00, 0x00, 0x00, 0x00, 0x00, 0x00, 0x0d, 0xff,
    0xff, 0xff, 0xff, 0x40, 0x07, 0xff, 0xff, 0xff,
    0xff, 0xd0, 0x00, 0x00, 0x00, 0x00, 0x00, 0x00,
    0x00, 0x00, 0x00, 0x00, 0x00, 0x00, 0x4f, 0xff,
    0xff, 0xff, 0xfd, 0x00, 0x01, 0xff, 0xff, 0xff,
    0xff, 0xf4, 0x00, 0x00, 0x00, 0x00, 0x00, 0x00,
    0x00, 0x00, 0x00, 0x00, 0x00, 0x00, 0xbf, 0xff,
    0xff, 0xff, 0xf6, 0x00, 0x00, 0x9f, 0xff, 0xff,
    0xff, 0xfb, 0x00, 0x00, 0x00, 0x00, 0x00, 0x00,
    0x00, 0x00, 0x00, 0x00, 0x00, 0x02, 0xff, 0xff,
    0xff, 0xff, 0xf0, 0x00, 0x00, 0x3f, 0xff, 0xff,
    0xff, 0xff, 0x20, 0x00, 0x00, 0x00, 0x00, 0x00,
    0x00, 0x00, 0x00, 0x00, 0x00, 0x09, 0xff, 0xff,
    0xff, 0xff, 0x90, 0x00, 0x00, 0x0c, 0xff, 0xff,
    0xff, 0xff, 0x90, 0x00, 0x00, 0x00, 0x00, 0x00,
    0x00, 0x00, 0x00, 0x00, 0x00, 0x1f, 0xff, 0xff,
    0xff, 0xff, 0x20, 0x00, 0x00, 0x05, 0xff, 0xff,
    0xff, 0xff, 0xf1, 0x00, 0x00, 0x00, 0x00, 0x00,
    0x00, 0x00, 0x00, 0x00, 0x00, 0x8f, 0xff, 0xff,
    0xff, 0xfc, 0x00, 0x00, 0x00, 0x00, 0xef, 0xff,
    0xff, 0xff, 0xf8, 0x00, 0x00, 0x00, 0x00, 0x00,
    0x00, 0x00, 0x00, 0x00, 0x00, 0xef, 0xff, 0xff,
    0xff, 0xf5, 0x00, 0x00, 0x00, 0x00, 0x8f, 0xff,
    0xff, 0xff, 0xfe, 0x00, 0x00, 0x00, 0x00, 0x00,
    0x00, 0x00, 0x00, 0x00, 0x06, 0xff, 0xff, 0xff,
    0xff, 0xe0, 0x00, 0x00, 0x00, 0x00, 0x2f, 0xff,
    0xff, 0xff, 0xff, 0x60, 0x00, 0x00, 0x00, 0x00,
    0x00, 0x00, 0x00, 0x00, 0x0d, 0xff, 0xff, 0xff,
    0xff, 0x70, 0x00, 0x00, 0x00, 0x00, 0x0b, 0xff,
    0xff, 0xff, 0xff, 0xd0, 0x00, 0x00, 0x00, 0x00,
    0x00, 0x00, 0x00, 0x00, 0x4f, 0xff, 0xff, 0xff,
    0xff, 0x10, 0x00, 0x00, 0x00, 0x00, 0x04, 0xff,
    0xff, 0xff, 0xff, 0xf4, 0x00, 0x00, 0x00, 0x00,
    0x00, 0x00, 0x00, 0x00, 0xbf, 0xff, 0xff, 0xff,
    0xfa, 0x00, 0x00, 0x00, 0x00, 0x00, 0x00, 0xdf,
    0xff, 0xff, 0xff, 0xfb, 0x00, 0x00, 0x00, 0x00,
    0x00, 0x00, 0x00, 0x03, 0xff, 0xff, 0xff, 0xff,
    0xf9, 0x77, 0x77, 0x77, 0x77, 0x77, 0x77, 0xbf,
    0xff, 0xff, 0xff, 0xff, 0x20, 0x00, 0x00, 0x00,
    0x00, 0x00, 0x00, 0x0a, 0xff, 0xff, 0xff, 0xff,
    0xff, 0xff, 0xff, 0xff, 0xff, 0xff, 0xff, 0xff,
    0xff, 0xff, 0xff, 0xff, 0xa0, 0x00, 0x00, 0x00,
    0x00, 0x00, 0x00, 0x1f, 0xff, 0xff, 0xff, 0xff,
    0xff, 0xff, 0xff, 0xff, 0xff, 0xff, 0xff, 0xff,
    0xff, 0xff, 0xff, 0xff, 0xf1, 0x00, 0x00, 0x00,
    0x00, 0x00, 0x00, 0x8f, 0xff, 0xff, 0xff, 0xff,
    0xff, 0xff, 0xff, 0xff, 0xff, 0xff, 0xff, 0xff,
    0xff, 0xff, 0xff, 0xff, 0xf8, 0x00, 0x00, 0x00,
    0x00, 0x00, 0x00, 0xef, 0xff, 0xff, 0xff, 0xff,
    0xff, 0xff, 0xff, 0xff, 0xff, 0xff, 0xff, 0xff,
    0xff, 0xff, 0xff, 0xff, 0xfe, 0x00, 0x00, 0x00,
    0x00, 0x00, 0x06, 0xff, 0xff, 0xff, 0xff, 0xff,
    0xff, 0xff, 0xff, 0xff, 0xff, 0xff, 0xff, 0xff,
    0xff, 0xff, 0xff, 0xff, 0xff, 0x60, 0x00, 0x00,
    0x00, 0x00, 0x0d, 0xff, 0xff, 0xff, 0xff, 0xff,
    0xff, 0xff, 0xff, 0xff, 0xff, 0xff, 0xff, 0xff,
    0xff, 0xff, 0xff, 0xff, 0xff, 0xd0, 0x00, 0x00,
    0x00, 0x00, 0x5f, 0xff, 0xff, 0xff, 0xff, 0xff,
    0xff, 0xff, 0xff, 0xff, 0xff, 0xff, 0xff, 0xff,
    0xff, 0xff, 0xff, 0xff, 0xff, 0xf5, 0x00, 0x00,
    0x00, 0x00, 0xcf, 0xff, 0xff, 0xff, 0xfe, 0x00,
    0x00, 0x00, 0x00, 0x00, 0x00, 0x00, 0x00, 0x00,
    0x02, 0xff, 0xff, 0xff, 0xff, 0xfc, 0x00, 0x00,
    0x00, 0x03, 0xff, 0xff, 0xff, 0xff, 0xf8, 0x00,
    0x00, 0x00, 0x00, 0x00, 0x00, 0x00, 0x00, 0x00,
    0x00, 0xbf, 0xff, 0xff, 0xff, 0xff, 0x30, 0x00,
    0x00, 0x0a, 0xff, 0xff, 0xff, 0xff, 0xf1, 0x00,
    0x00, 0x00, 0x00, 0x00, 0x00, 0x00, 0x00, 0x00,
    0x00, 0x5f, 0xff, 0xff, 0xff, 0xff, 0xa0, 0x00,
    0x00, 0x1f, 0xff, 0xff, 0xff, 0xff, 0xb0, 0x00,
    0x00, 0x00, 0x00, 0x00, 0x00, 0x00, 0x00, 0x00,
    0x00, 0x0e, 0xff, 0xff, 0xff, 0xff, 0xf1, 0x00,
    0x00, 0x8f, 0xff, 0xff, 0xff, 0xff, 0x40, 0x00,
    0x00, 0x00, 0x00, 0x00, 0x00, 0x00, 0x00, 0x00,
    0x00, 0x08, 0xff, 0xff, 0xff, 0xff, 0xf8, 0x00,
    0x00, 0xef, 0xff, 0xff, 0xff, 0xfd, 0x00, 0x00,
    0x00, 0x00, 0x00, 0x00, 0x00, 0x00, 0x00, 0x00,
    0x00, 0x01, 0xff, 0xff, 0xff, 0xff, 0xff, 0x00,
    0x06, 0xff, 0xff, 0xff, 0xff, 0xf7, 0x00, 0x00,
    0x00, 0x00, 0x00, 0x00, 0x00, 0x00, 0x00, 0x00,
    0x00, 0x00, 0xaf, 0xff, 0xff, 0xff, 0xff, 0x70,
    0x0d, 0xff, 0xff, 0xff, 0xff, 0xf1, 0x00, 0x00,
    0x00, 0x00, 0x00, 0x00, 0x00, 0x00, 0x00, 0x00,
    0x00, 0x00, 0x4f, 0xff, 0xff, 0xff, 0xff, 0xe0,
    0x5f, 0xff, 0xff, 0xff, 0xff, 0xa0, 0x00, 0x00,
    0x00, 0x00, 0x00, 0x00, 0x00, 0x00, 0x00, 0x00,
    0x00, 0x00, 0x0d, 0xff, 0xff, 0xff, 0xff, 0xf5,

    /* U+0042 "B" */
    0x0f, 0xff, 0xff, 0xff, 0xff, 0xff, 0xff, 0xff,
    0xff, 0xff, 0xff, 0xfe, 0xdc, 0x96, 0x30, 0x00,
    0x00, 0x00, 0x00, 0x00, 0x0f, 0xff, 0xff, 0xff,
    0xff, 0xff, 0xff, 0xff, 0xff, 0xff, 0xff, 0xff,
    0xff, 0xff, 0xfe, 0x82, 0x00, 0x00, 0x00, 0x00,
    0x0f, 0xff, 0xff, 0xff, 0xff, 0xff, 0xff, 0xff,
    0xff, 0xff, 0xff, 0xff, 0xff, 0xff, 0xff, 0xff,
    0x80, 0x00, 0x00, 0x00, 0x0f, 0xff, 0xff, 0xff,
    0xff, 0xff, 0xff, 0xff, 0xff, 0xff, 0xff, 0xff,
    0xff, 0xff, 0xff, 0xff, 0xfd, 0x20, 0x00, 0x00,
    0x0f, 0xff, 0xff, 0xff, 0xff, 0xff, 0xff, 0xff,
    0xff, 0xff, 0xff, 0xff, 0xff, 0xff, 0xff, 0xff,
    0xff, 0xe2, 0x00, 0x00, 0x0f, 0xff, 0xff, 0xff,
    0xff, 0xff, 0xff, 0xff, 0xff, 0xff, 0xff, 0xff,
    0xff, 0xff, 0xff, 0xff, 0xff, 0xfc, 0x00, 0x00,
    0x0f, 0xff, 0xff, 0xff, 0xff, 0xff, 0xff, 0xff,
    0xff, 0xff, 0xff, 0xff, 0xff, 0xff, 0xff, 0xff,
    0xff, 0xff, 0x60, 0x00, 0x0f, 0xff, 0xff, 0xff,
    0xff, 0xc6, 0x66, 0x66, 0x66, 0x66, 0x66, 0x8b,
    0xff, 0xff, 0xff, 0xff, 0xff, 0xff, 0xc0, 0x00,
    0x0f, 0xff, 0xff, 0xff, 0xff, 0xa0, 0x00, 0x00,
    0x00, 0x00, 0x00, 0x00, 0x06, 0xff, 0xff, 0xff,
    0xff, 0xff, 0xf2, 0x00, 0x0f, 0xff, 0xff, 0xff,
    0xff, 0xa0, 0x00, 0x00, 0x00, 0x00, 0x00, 0x00,
    0x00, 0x4f, 0xff, 0xff, 0xff, 0xff, 0xf4, 0x00,
    0x0f, 0xff, 0xff, 0xff, 0xff, 0xa0, 0x00, 0x00,
    0x00, 0x00, 0x00, 0x00, 0x00, 0x0a, 0xff, 0xff,
    0xff, 0xff, 0xf5, 0x00, 0x0f, 0xff, 0xff, 0xff,
    0xff, 0xa0, 0x00, 0x00, 0x00, 0x00, 0x00, 0x00,
    0x00, 0x07, 0xff, 0xff, 0xff, 0xff, 0xf5, 0x00,
    0x0f, 0xff, 0xff, 0xff, 0xff, 0xa0, 0x00, 0x00,
    0x00, 0x00, 0x00, 0x00, 0x00, 0x06, 0xff, 0xff,
    0xff, 0xff, 0xf4, 0x00, 0x0f, 0xff, 0xff, 0xff,
    0xff, 0xa0, 0x00, 0x00, 0x00, 0x00, 0x00, 0x00,
    0x00, 0x09, 0xff, 0xff, 0xff, 0xff, 0xf1, 0x00,
    0x0f, 0xff, 0xff, 0xff, 0xff, 0xa0, 0x00, 0x00,
    0x00, 0x00, 0x00, 0x00, 0x00, 0x1e, 0xff, 0xff,
    0xff, 0xff, 0xc0, 0x00, 0x0f, 0xff, 0xff, 0xff,
    0xff, 0xa0, 0x00, 0x00, 0x00, 0x00, 0x00, 0x00,
    0x01, 0xcf, 0xff, 0xff, 0xff, 0xff, 0x50, 0x00,
    0x0f, 0xff, 0xff, 0xff, 0xff, 0xa0, 0x00, 0x00,
    0x00, 0x00, 0x00, 0x25, 0x9f, 0xff, 0xff, 0xff,
    0xff, 0xfb, 0x00, 0x00, 0x0f, 0xff, 0xff, 0xff,
    0xff, 0xff, 0xff, 0xff, 0xff, 0xff, 0xff, 0xff,
    0xff, 0xff, 0xff, 0xff, 0xff, 0xe1, 0x00, 0x00,
    0x0f, 0xff, 0xff, 0xff, 0xff, 0xff, 0xff, 0xff,
    0xff, 0xff, 0xff, 0xff, 0xff, 0xff, 0xff, 0xff,
    0xfd, 0x20, 0x00, 0x00, 0x0f, 0xff, 0xff, 0xff,
    0xff, 0xff, 0xff, 0xff, 0xff, 0xff, 0xff, 0xff,
    0xff, 0xff, 0xff, 0xff, 0x90, 0x00, 0x00, 0x00,
    0x0f, 0xff, 0xff, 0xff, 0xff, 0xff, 0xff, 0xff,
    0xff, 0xff, 0xff, 0xff, 0xff, 0xff, 0xff, 0xff,
    0xc5, 0x00, 0x00, 0x00, 0x0f, 0xff, 0xff, 0xff,
    0xff, 0xff, 0xff, 0xff, 0xff, 0xff, 0xff, 0xff,
    0xff, 0xff, 0xff, 0xff, 0xff, 0xc2, 0x00, 0x00,
    0x0f, 0xff, 0xff, 0xff, 0xff, 0xff, 0xff, 0xff,
    0xff, 0xff, 0xff, 0xff, 0xff, 0xff, 0xff, 0xff,
    0xff, 0xff, 0x40, 0x00, 0x0f, 0xff, 0xff, 0xff,
    0xff, 0xff, 0xff, 0xff, 0xff, 0xff, 0xff, 0xff,
    0xff, 0xff, 0xff, 0xff, 0xff, 0xff, 0xf3, 0x00,
    0x0f, 0xff, 0xff, 0xff, 0xff, 0xa2, 0x22, 0x22,
    0x22, 0x22, 0x22, 0x23, 0x58, 0xdf, 0xff, 0xff,
    0xff, 0xff, 0xfd, 0x00, 0x0f, 0xff, 0xff, 0xff,
    0xff, 0xa0, 0x00, 0x00, 0x00, 0x00, 0x00, 0x00,
    0x00, 0x04, 0xef, 0xff, 0xff, 0xff, 0xff, 0x70,
    0x0f, 0xff, 0xff, 0xff, 0xff, 0xa0, 0x00, 0x00,
    0x00, 0x00, 0x00, 0x00, 0x00, 0x00, 0x3f, 0xff,
    0xff, 0xff, 0xff, 0xd0, 0x0f, 0xff, 0xff, 0xff,
    0xff, 0xa0, 0x00, 0x00, 0x00, 0x00, 0x00, 0x00,
    0x00, 0x00, 0x0a, 0xff, 0xff, 0xff, 0xff, 0xf2,
    0x0f, 0xff, 0xff, 0xff, 0xff, 0xa0, 0x00, 0x00,
    0x00, 0x00, 0x00, 0x00, 0x00, 0x00, 0x06, 0xff,
    0xff, 0xff, 0xff, 0xf5, 0x0f, 0xff, 0xff, 0xff,
    0xff, 0xa0, 0x00, 0x00, 0x00, 0x00, 0x00, 0x00,
    0x00, 0x00, 0x04, 0xff, 0xff, 0xff, 0xff, 0xf6,
    0x0f, 0xff, 0xff, 0xff, 0xff, 0xa0, 0x00, 0x00,
    0x00, 0x00, 0x00, 0x00, 0x00, 0x00, 0x06, 0xff,
    0xff, 0xff, 0xff, 0xf7, 0x0f, 0xff, 0xff, 0xff,
    0xff, 0xa0, 0x00, 0x00, 0x00, 0x00, 0x00, 0x00,
    0x00, 0x00, 0x0b, 0xff, 0xff, 0xff, 0xff, 0xf7,
    0x0f, 0xff, 0xff, 0xff, 0xff, 0xa0, 0x00, 0x00,
    0x00, 0x00, 0x00, 0x00, 0x00, 0x00, 0x4f, 0xff,
    0xff, 0xff, 0xff, 0xf4, 0x0f, 0xff, 0xff, 0xff,
    0xff, 0xa0, 0x00, 0x00, 0x00, 0x00, 0x00, 0x00,
    0x00, 0x18, 0xff, 0xff, 0xff, 0xff, 0xff, 0xf1,
    0x0f, 0xff, 0xff, 0xff, 0xff, 0xc6, 0x66, 0x66,
    0x66, 0x66, 0x66, 0x67, 0x8b, 0xff, 0xff, 0xff,
    0xff, 0xff, 0xff, 0xc0, 0x0f, 0xff, 0xff, 0xff,
    0xff, 0xff, 0xff, 0xff, 0xff, 0xff, 0xff, 0xff,
    0xff, 0xff, 0xff, 0xff, 0xff, 0xff, 0xff, 0x40,
    0x0f, 0xff, 0xff, 0xff, 0xff, 0xff, 0xff, 0xff,
    0xff, 0xff, 0xff, 0xff, 0xff, 0xff, 0xff, 0xff,
    0xff, 0xff, 0xfa, 0x00, 0x0f, 0xff, 0xff, 0xff,
    0xff, 0xff, 0xff, 0xff, 0xff, 0xff, 0xff, 0xff,
    0xff, 0xff, 0xff, 0xff, 0xff, 0xff, 0xc0, 0x00,
    0x0f, 0xff, 0xff, 0xff, 0xff, 0xff, 0xff, 0xff,
    0xff, 0xff, 0xff, 0xff, 0xff, 0xff, 0xff, 0xff,
    0xff, 0xfb, 0x00, 0x00, 0x0f, 0xff, 0xff, 0xff,
    0xff, 0xff, 0xff, 0xff, 0xff, 0xff, 0xff, 0xff,
    0xff, 0xff, 0xff, 0xff, 0xfe, 0x50, 0x00, 0x00,
    0x0f, 0xff, 0xff, 0xff, 0xff, 0xff, 0xff, 0xff,
    0xff, 0xff, 0xff, 0xff, 0xff, 0xff, 0xff, 0xfb,
    0x60, 0x00, 0x00, 0x00, 0x0f, 0xff, 0xff, 0xff,
    0xff, 0xff, 0xff, 0xff, 0xff, 0xff, 0xff, 0xff,
    0xed, 0xca, 0x75, 0x10, 0x00, 0x00, 0x00, 0x00,

    /* U+0043 "C" */
    0x00, 0x00, 0x00, 0x00, 0x00, 0x00, 0x00, 0x00,
    0x00, 0x13, 0x56, 0x77, 0x66, 0x42, 0x00, 0x00,
    0x00, 0x00, 0x00, 0x00, 0x00, 0x00, 0x00, 0x00,
    0x00, 0x00, 0x00, 0x00, 0x5a, 0xef, 0xff, 0xff,
    0xff, 0xff, 0xff, 0xb7, 0x20, 0x00, 0x00, 0x00,
    0x00, 0x00, 0x00, 0x00, 0x00, 0x00, 0x00, 0x3a,
    0xff, 0xff, 0xff, 0xff, 0xff, 0xff, 0xff, 0xff,
    0xff, 0xc5, 0x00, 0x00, 0x00, 0x00, 0x00, 0x00,
    0x00, 0x00, 0x02, 0xbf, 0xff, 0xff, 0xff, 0xff,
    0xff, 0xff, 0xff, 0xff, 0xff, 0xff, 0xfd, 0x40,
    0x00, 0x00, 0x00, 0x00, 0x00, 0x00, 0x07, 0xff,
    0xff, 0xff, 0xff, 0xff, 0xff, 0xff, 0xff, 0xff,
    0xff, 0xff, 0xff, 0xff, 0x90, 0x00, 0x00, 0x00,
    0x00, 0x00, 0x1c, 0xff, 0xff, 0xff, 0xff, 0xff,
    0xff, 0xff, 0xff, 0xff, 0xff, 0xff, 0xff, 0xff,
    0xff, 0xd1, 0x00, 0x00, 0x00, 0x00, 0x2d, 0xff,
    0xff, 0xff, 0xff, 0xff, 0xff, 0xff, 0xff, 0xff,
    0xff, 0xff, 0xff, 0xff, 0xff, 0xff, 0xe2, 0x00,
    0x00, 0x00, 0x2e, 0xff, 0xff, 0xff, 0xff, 0xff,
    0xff, 0xff, 0xff, 0xff, 0xff, 0xff, 0xff, 0xff,
    0xff, 0xff, 0xff, 0xd1, 0x00, 0x00, 0x1d, 0xff,
    0xff, 0xff, 0xff, 0xff, 0xff, 0xff, 0xff, 0xed,
    0xef, 0xff, 0xff, 0xff, 0xff, 0xff, 0xff, 0xfc,
    0x10, 0x00, 0x0b, 0xff, 0xff, 0xff, 0xff, 0xff,
    0xff, 0xfb, 0x62, 0x00, 0x00, 0x02, 0x6b, 0xff,
    0xff, 0xff, 0xff, 0xfb, 0x00, 0x00, 0x06, 0xff,
    0xff, 0xff, 0xff, 0xff, 0xff, 0x92, 0x00, 0x00,
    0x00, 0x00, 0x00, 0x02, 0xaf, 0xff, 0xff, 0xfa,
    0x00, 0x00, 0x01, 0xef, 0xff, 0xff, 0xff, 0xff,
    0xfe, 0x40, 0x00, 0x00, 0x00, 0x00, 0x00, 0x00,
    0x00, 0x4e, 0xff, 0xf8, 0x00, 0x00, 0x00, 0x8f,
    0xff, 0xff, 0xff, 0xff, 0xfd, 0x20, 0x00, 0x00,
    0x00, 0x00, 0x00, 0x00, 0x00, 0x00, 0x2d, 0xf7,
    0x00, 0x00, 0x00, 0x0f, 0xff, 0xff, 0xff, 0xff,
    0xfe, 0x20, 0x00, 0x00, 0x00, 0x00, 0x00, 0x00,
    0x00, 0x00, 0x00, 0x15, 0x00, 0x00, 0x00, 0x05,
    0xff, 0xff, 0xff, 0xff, 0xff, 0x50, 0x00, 0x00,
    0x00, 0x00, 0x00, 0x00, 0x00, 0x00, 0x00, 0x00,
    0x00, 0x00, 0x00, 0x00, 0xbf, 0xff, 0xff, 0xff,
    0xff, 0xb0, 0x00, 0x00, 0x00, 0x00, 0x00, 0x00,
    0x00, 0x00, 0x00, 0x00, 0x00, 0x00, 0x00, 0x00,
    0x0f, 0xff, 0xff, 0xff, 0xff, 0xf4, 0x00, 0x00,
    0x00, 0x00, 0x00, 0x00, 0x00, 0x00, 0x00, 0x00,
    0x00, 0x00, 0x00, 0x00, 0x03, 0xff, 0xff, 0xff,
    0xff, 0xfe, 0x00, 0x00, 0x00, 0x00, 0x00, 0x00,
    0x00, 0x00, 0x00, 0x00, 0x00, 0x00, 0x00, 0x00,
    0x00, 0x6f, 0xff, 0xff, 0xff, 0xff, 0x90, 0x00,
    0x00, 0x00, 0x00, 0x00, 0x00, 0x00, 0x00, 0x00,
    0x00, 0x00, 0x00, 0x00, 0x00, 0x08, 0xff, 0xff,
    0xff, 0xff, 0xf6, 0x00, 0x00, 0x00, 0x00, 0x00,
    0x00, 0x00, 0x00, 0x00, 0x00, 0x00, 0x00, 0x00,
    0x00, 0x00, 0x9f, 0xff, 0xff, 0xff, 0xff, 0x40,
    0x00, 0x00, 0x00, 0x00, 0x00, 0x00, 0x00, 0x00,
    0x00, 0x00, 0x00, 0x00, 0x00, 0x00, 0x0a, 0xff,
    0xff, 0xff, 0xff, 0xf3, 0x00, 0x00, 0x00, 0x00,
    0x00, 0x00, 0x00, 0x00, 0x00, 0x00, 0x00, 0x00,
    0x00, 0x00, 0x00, 0xaf, 0xff, 0xff, 0xff, 0xff,
    0x30, 0x00, 0x00, 0x00, 0x00, 0x00, 0x00, 0x00,
    0x00, 0x00, 0x00, 0x00, 0x00, 0x00, 0x00, 0x09,
    0xff, 0xff, 0xff, 0xff, 0xf4, 0x00, 0x00, 0x00,
    0x00, 0x00, 0x00, 0x00, 0x00, 0x00, 0x00, 0x00,
    0x00, 0x00, 0x00, 0x00, 0x8f, 0xff, 0xff, 0xff,
    0xff, 0x60, 0x00, 0x00, 0x00, 0x00, 0x00, 0x00,
    0x00, 0x00, 0x00, 0x00, 0x00, 0x00, 0x00, 0x00,
    0x06, 0xff, 0xff, 0xff, 0xff, 0xf9, 0x00, 0x00,
    0x00, 0x00, 0x00, 0x00, 0x00, 0x00, 0x00, 0x00,
    0x00, 0x00, 0x00, 0x00, 0x00, 0x3f, 0xff, 0xff,
    0xff, 0xff, 0xe0, 0x00, 0x00, 0x00, 0x00, 0x00,
    0x00, 0x00, 0x00, 0x00, 0x00, 0x00, 0x00, 0x00,
    0x00, 0x00, 0xff, 0xff, 0xff, 0xff, 0xff, 0x30,
    0x00, 0x00, 0x00, 0x00, 0x00, 0x00, 0x00, 0x00,
    0x00, 0x00, 0x00, 0x00, 0x00, 0x00, 0x0b, 0xff,
    0xff, 0xff, 0xff, 0xfb, 0x00, 0x00, 0x00, 0x00,
    0x00, 0x00, 0x00, 0x00, 0x00, 0x00, 0x00, 0x00,
    0x00, 0x00, 0x00, 0x5f, 0xff, 0xff, 0xff, 0xff,
    0xf5, 0x00, 0x00, 0x00, 0x00, 0x00, 0x00, 0x00,
    0x00, 0x00, 0x00, 0x00, 0x00, 0x00, 0x00, 0x00,
    0xff, 0xff, 0xff, 0xff, 0xff, 0xe2, 0x00, 0x00,
    0x00, 0x00, 0x00, 0x00, 0x00, 0x00, 0x00, 0x02,
    0x60, 0x00, 0x00, 0x00, 0x08, 0xff, 0xff, 0xff,
    0xff, 0xff, 0xd1, 0x00, 0x00, 0x00, 0x00, 0x00,
    0x00, 0x00, 0x00, 0x02, 0xdf, 0x80, 0x00, 0x00,
    0x00, 0x1e, 0xff, 0xff, 0xff, 0xff, 0xff, 0xe3,
    0x00, 0x00, 0x00, 0x00, 0x00, 0x00, 0x00, 0x04,
    0xef, 0xff, 0x90, 0x00, 0x00, 0x00, 0x6f, 0xff,
    0xff, 0xff, 0xff, 0xff, 0xf9, 0x10, 0x00, 0x00,
    0x00, 0x00, 0x00, 0x2a, 0xff, 0xff, 0xff, 0xa0,
    0x00, 0x00, 0x00, 0xbf, 0xff, 0xff, 0xff, 0xff,
    0xff, 0xff, 0xa5, 0x20, 0x00, 0x00, 0x15, 0xbf,
    0xff, 0xff, 0xff, 0xff, 0xc0, 0x00, 0x00, 0x01,
    0xef, 0xff, 0xff, 0xff, 0xff, 0xff, 0xff, 0xff,
    0xfe, 0xdd, 0xff, 0xff, 0xff, 0xff, 0xff, 0xff,
    0xff, 0xd1, 0x00, 0x00, 0x02, 0xef, 0xff, 0xff,
    0xff, 0xff, 0xff, 0xff, 0xff, 0xff, 0xff, 0xff,
    0xff, 0xff, 0xff, 0xff, 0xff, 0xfd, 0x10, 0x00,
    0x00, 0x02, 0xef, 0xff, 0xff, 0xff, 0xff, 0xff,
    0xff, 0xff, 0xff, 0xff, 0xff, 0xff, 0xff, 0xff,
    0xff, 0xfe, 0x20, 0x00, 0x00, 0x00, 0x01, 0xcf,
    0xff, 0xff, 0xff, 0xff, 0xff, 0xff, 0xff, 0xff,
    0xff, 0xff, 0xff, 0xff, 0xff, 0xfc, 0x10, 0x00,
    0x00, 0x00, 0x00, 0x00, 0x8f, 0xff, 0xff, 0xff,
    0xff, 0xff, 0xff, 0xff, 0xff, 0xff, 0xff, 0xff,
    0xff, 0xf9, 0x00, 0x00, 0x00, 0x00, 0x00, 0x00,
    0x00, 0x3b, 0xff, 0xff, 0xff, 0xff, 0xff, 0xff,
    0xff, 0xff, 0xff, 0xff, 0xff, 0xd4, 0x00, 0x00,
    0x00, 0x00, 0x00, 0x00, 0x00, 0x00, 0x03, 0xaf,
    0xff, 0xff, 0xff, 0xff, 0xff, 0xff, 0xff, 0xff,
    0xfc, 0x50, 0x00, 0x00, 0x00, 0x00, 0x00, 0x00,
    0x00, 0x00, 0x00, 0x00, 0x16, 0xae, 0xff, 0xff,
    0xff, 0xff, 0xff, 0xfb, 0x72, 0x00, 0x00, 0x00,
    0x00, 0x00, 0x00, 0x00, 0x00, 0x00, 0x00, 0x00,
    0x00, 0x00, 0x01, 0x35, 0x77, 0x77, 0x64, 0x20,
    0x00, 0x00, 0x00, 0x00, 0x00, 0x00,

    /* U+0044 "D" */
    0x0f, 0xff, 0xff, 0xff, 0xff, 0xff, 0xff, 0xff,
    0xff, 0xff, 0xfe, 0xec, 0xa8, 0x51, 0x00, 0x00,
    0x00, 0x00, 0x00, 0x00, 0x00, 0x00, 0x0f, 0xff,
    0xff, 0xff, 0xff, 0xff, 0xff, 0xff, 0xff, 0xff,
    0xff, 0xff, 0xff, 0xff, 0xc7, 0x10, 0x00, 0x00,
    0x00, 0x00, 0x00, 0x00, 0x0f, 0xff, 0xff, 0xff,
    0xff, 0xff, 0xff, 0xff, 0xff, 0xff, 0xff, 0xff,
    0xff, 0xff, 0xff, 0xfa, 0x20, 0x00, 0x00, 0x00,
    0x00, 0x00, 0x0f, 0xff, 0xff, 0xff, 0xff, 0xff,
    0xff, 0xff, 0xff, 0xff, 0xff, 0xff, 0xff, 0xff,
    0xff, 0xff, 0xf9, 0x10, 0x00, 0x00, 0x00, 0x00,
    0x0f, 0xff, 0xff, 0xff, 0xff, 0xff, 0xff, 0xff,
    0xff, 0xff, 0xff, 0xff, 0xff, 0xff, 0xff, 0xff,
    0xff, 0xe4, 0x00, 0x00, 0x00, 0x00, 0x0f, 0xff,
    0xff, 0xff, 0xff, 0xff, 0xff, 0xff, 0xff, 0xff,
    0xff, 0xff, 0xff, 0xff, 0xff, 0xff, 0xff, 0xff,
    0x70, 0x00, 0x00, 0x00, 0x0f, 0xff, 0xff, 0xff,
    0xff, 0xff, 0xff, 0xff, 0xff, 0xff, 0xff, 0xff,
    0xff, 0xff, 0xff, 0xff, 0xff, 0xff, 0xf8, 0x00,
    0x00, 0x00, 0x0f, 0xff, 0xff, 0xff, 0xff, 0xff,
    0xff, 0xff, 0xff, 0xff, 0xff, 0xff, 0xff, 0xff,
    0xff, 0xff, 0xff, 0xff, 0xff, 0x70, 0x00, 0x00,
    0x0f, 0xff, 0xff, 0xff, 0xff, 0xb0, 0x00, 0x00,
    0x00, 0x00, 0x12, 0x47, 0xbf, 0xff, 0xff, 0xff,
    0xff, 0xff, 0xff, 0xf4, 0x00, 0x00, 0x0f, 0xff,
    0xff, 0xff, 0xff, 0xb0, 0x00, 0x00, 0x00, 0x00,
    0x00, 0x00, 0x01, 0x7e, 0xff, 0xff, 0xff, 0xff,
    0xff, 0xfe, 0x10, 0x00, 0x0f, 0xff, 0xff, 0xff,
    0xff, 0xb0, 0x00, 0x00, 0x00, 0x00, 0x00, 0x00,
    0x00, 0x01, 0xaf, 0xff, 0xff, 0xff, 0xff, 0xff,
    0x90, 0x00, 0x0f, 0xff, 0xff, 0xff, 0xff, 0xb0,
    0x00, 0x00, 0x00, 0x00, 0x00, 0x00, 0x00, 0x00,
    0x07, 0xff, 0xff, 0xff, 0xff, 0xff, 0xf2, 0x00,
    0x0f, 0xff, 0xff, 0xff, 0xff, 0xb0, 0x00, 0x00,
    0x00, 0x00, 0x00, 0x00, 0x00, 0x00, 0x00, 0x8f,
    0xff, 0xff, 0xff, 0xff, 0xf9, 0x00, 0x0f, 0xff,
    0xff, 0xff, 0xff, 0xb0, 0x00, 0x00, 0x00, 0x00,
    0x00, 0x00, 0x00, 0x00, 0x00, 0x0b, 0xff, 0xff,
    0xff, 0xff, 0xfe, 0x00, 0x0f, 0xff, 0xff, 0xff,
    0xff, 0xb0, 0x00, 0x00, 0x00, 0x00, 0x00, 0x00,
    0x00, 0x00, 0x00, 0x02, 0xff, 0xff, 0xff, 0xff,
    0xff, 0x40, 0x0f, 0xff, 0xff, 0xff, 0xff, 0xb0,
    0x00, 0x00, 0x00, 0x00, 0x00, 0x00, 0x00, 0x00,
    0x00, 0x00, 0xaf, 0xff, 0xff, 0xff, 0xff, 0x90,
    0x0f, 0xff, 0xff, 0xff, 0xff, 0xb0, 0x00, 0x00,
    0x00, 0x00, 0x00, 0x00, 0x00, 0x00, 0x00, 0x00,
    0x4f, 0xff, 0xff, 0xff, 0xff, 0xc0, 0x0f, 0xff,
    0xff, 0xff, 0xff, 0xb0, 0x00, 0x00, 0x00, 0x00,
    0x00, 0x00, 0x00, 0x00, 0x00, 0x00, 0x0f, 0xff,
    0xff, 0xff, 0xff, 0xf0, 0x0f, 0xff, 0xff, 0xff,
    0xff, 0xb0, 0x00, 0x00, 0x00, 0x00, 0x00, 0x00,
    0x00, 0x00, 0x00, 0x00, 0x0d, 0xff, 0xff, 0xff,
    0xff, 0xf1, 0x0f, 0xff, 0xff, 0xff, 0xff, 0xb0,
    0x00, 0x00, 0x00, 0x00, 0x00, 0x00, 0x00, 0x00,
    0x00, 0x00, 0x0b, 0xff, 0xff, 0xff, 0xff, 0xf2,
    0x0f, 0xff, 0xff, 0xff, 0xff, 0xb0, 0x00, 0x00,
    0x00, 0x00, 0x00, 0x00, 0x00, 0x00, 0x00, 0x00,
    0x0a, 0xff, 0xff, 0xff, 0xff, 0xf3, 0x0f, 0xff,
    0xff, 0xff, 0xff, 0xb0, 0x00, 0x00, 0x00, 0x00,
    0x00, 0x00, 0x00, 0x00, 0x00, 0x00, 0x0a, 0xff,
    0xff, 0xff, 0xff, 0xf2, 0x0f, 0xff, 0xff, 0xff,
    0xff, 0xb0, 0x00, 0x00, 0x00, 0x00, 0x00, 0x00,
    0x00, 0x00, 0x00, 0x00, 0x0b, 0xff, 0xff, 0xff,
    0xff, 0xf2, 0x0f, 0xff, 0xff, 0xff, 0xff, 0xb0,
    0x00, 0x00, 0x00, 0x00, 0x00, 0x00, 0x00, 0x00,
    0x00, 0x00, 0x0d, 0xff, 0xff, 0xff, 0xff, 0xf1,
    0x0f, 0xff, 0xff, 0xff, 0xff, 0xb0, 0x00, 0x00,
    0x00, 0x00, 0x00, 0x00, 0x00, 0x00, 0x00, 0x00,
    0x0f, 0xff, 0xff, 0xff, 0xff, 0xf0, 0x0f, 0xff,
    0xff, 0xff, 0xff, 0xb0, 0x00, 0x00, 0x00, 0x00,
    0x00, 0x00, 0x00, 0x00, 0x00, 0x00, 0x4f, 0xff,
    0xff, 0xff, 0xff, 0xc0, 0x0f, 0xff, 0xff, 0xff,
    0xff, 0xb0, 0x00, 0x00, 0x00, 0x00, 0x00, 0x00,
    0x00, 0x00, 0x00, 0x00, 0xaf, 0xff, 0xff, 0xff,
    0xff, 0x90, 0x0f, 0xff, 0xff, 0xff, 0xff, 0xb0,
    0x00, 0x00, 0x00, 0x00, 0x00, 0x00, 0x00, 0x00,
    0x00, 0x02, 0xff, 0xff, 0xff, 0xff, 0xff, 0x40,
    0x0f, 0xff, 0xff, 0xff, 0xff, 0xb0, 0x00, 0x00,
    0x00, 0x00, 0x00, 0x00, 0x00, 0x00, 0x00, 0x0b,
    0xff, 0xff, 0xff, 0xff, 0xfe, 0x00, 0x0f, 0xff,
    0xff, 0xff, 0xff, 0xb0, 0x00, 0x00, 0x00, 0x00,
    0x00, 0x00, 0x00, 0x00, 0x00, 0x8f, 0xff, 0xff,
    0xff, 0xff, 0xf9, 0x00, 0x0f, 0xff, 0xff, 0xff,
    0xff, 0xb0, 0x00, 0x00, 0x00, 0x00, 0x00, 0x00,
    0x00, 0x00, 0x07, 0xff, 0xff, 0xff, 0xff, 0xff,
    0xf2, 0x00, 0x0f, 0xff, 0xff, 0xff, 0xff, 0xb0,
    0x00, 0x00, 0x00, 0x00, 0x00, 0x00, 0x00, 0x01,
    0xaf, 0xff, 0xff, 0xff, 0xff, 0xff, 0x90, 0x00,
    0x0f, 0xff, 0xff, 0xff, 0xff, 0xb0, 0x00, 0x00,
    0x00, 0x00, 0x00, 0x00, 0x01, 0x7e, 0xff, 0xff,
    0xff, 0xff, 0xff, 0xfe, 0x10, 0x00, 0x0f, 0xff,
    0xff, 0xff, 0xff, 0xb0, 0x00, 0x00, 0x00, 0x00,
    0x12, 0x47, 0xbf, 0xff, 0xff, 0xff, 0xff, 0xff,
    0xff, 0xf4, 0x00, 0x00, 0x0f, 0xff, 0xff, 0xff,
    0xff, 0xff, 0xff, 0xff, 0xff, 0xff, 0xff, 0xff,
    0xff, 0xff, 0xff, 0xff, 0xff, 0xff, 0xff, 0x70,
    0x00, 0x00, 0x0f, 0xff, 0xff, 0xff, 0xff, 0xff,
    0xff, 0xff, 0xff, 0xff, 0xff, 0xff, 0xff, 0xff,
    0xff, 0xff, 0xff, 0xff, 0xf8, 0x00, 0x00, 0x00,
    0x0f, 0xff, 0xff, 0xff, 0xff, 0xff, 0xff, 0xff,
    0xff, 0xff, 0xff, 0xff, 0xff, 0xff, 0xff, 0xff,
    0xff, 0xff, 0x70, 0x00, 0x00, 0x00, 0x0f, 0xff,
    0xff, 0xff, 0xff, 0xff, 0xff, 0xff, 0xff, 0xff,
    0xff, 0xff, 0xff, 0xff, 0xff, 0xff, 0xff, 0xe4,
    0x00, 0x00, 0x00, 0x00, 0x0f, 0xff, 0xff, 0xff,
    0xff, 0xff, 0xff, 0xff, 0xff, 0xff, 0xff, 0xff,
    0xff, 0xff, 0xff, 0xff, 0xf9, 0x10, 0x00, 0x00,
    0x00, 0x00, 0x0f, 0xff, 0xff, 0xff, 0xff, 0xff,
    0xff, 0xff, 0xff, 0xff, 0xff, 0xff, 0xff, 0xff,
    0xff, 0xfa, 0x20, 0x00, 0x00, 0x00, 0x00, 0x00,
    0x0f, 0xff, 0xff, 0xff, 0xff, 0xff, 0xff, 0xff,
    0xff, 0xff, 0xff, 0xff, 0xff, 0xff, 0xc7, 0x10,
    0x00, 0x00, 0x00, 0x00, 0x00, 0x00, 0x0f, 0xff,
    0xff, 0xff, 0xff, 0xff, 0xff, 0xff, 0xff, 0xff,
    0xfe, 0xed, 0xa8, 0x51, 0x00, 0x00, 0x00, 0x00,
    0x00, 0x00, 0x00, 0x00,

    /* U+0045 "E" */
    0x0f, 0xff, 0xff, 0xff, 0xff, 0xff, 0xff, 0xff,
    0xff, 0xff, 0xff, 0xff, 0xff, 0xff, 0xff, 0xff,
    0xb0, 0x0f, 0xff, 0xff, 0xff, 0xff, 0xff, 0xff,
    0xff, 0xff, 0xff, 0xff, 0xff, 0xff, 0xff, 0xff,
    0xff, 0xb0, 0x0f, 0xff, 0xff, 0xff, 0xff, 0xff,
    0xff, 0xff, 0xff, 0xff, 0xff, 0xff, 0xff, 0xff,
    0xff, 0xff, 0xb0, 0x0f, 0xff, 0xff, 0xff, 0xff,
    0xff, 0xff, 0xff, 0xff, 0xff, 0xff, 0xff, 0xff,
    0xff, 0xff, 0xff, 0xb0, 0x0f, 0xff, 0xff, 0xff,
    0xff, 0xff, 0xff, 0xff, 0xff, 0xff, 0xff, 0xff,
    0xff, 0xff, 0xff, 0xff, 0xb0, 0x0f, 0xff, 0xff,
    0xff, 0xff, 0xff, 0xff, 0xff, 0xff, 0xff, 0xff,
    0xff, 0xff, 0xff, 0xff, 0xff, 0xb0, 0x0f, 0xff,
    0xff, 0xff, 0xff, 0xff, 0xff, 0xff, 0xff, 0xff,
    0xff, 0xff, 0xff, 0xff, 0xff, 0xff, 0xb0, 0x0f,
    0xff, 0xff, 0xff, 0xff, 0xfd, 0xdd, 0xdd, 0xdd,
    0xdd, 0xdd, 0xdd, 0xdd, 0xdd, 0xdd, 0xdd, 0x90,
    0x0f, 0xff, 0xff, 0xff, 0xff, 0xa0, 0x00, 0x00,
    0x00, 0x00, 0x00, 0x00, 0x00, 0x00, 0x00, 0x00,
    0x00, 0x0f, 0xff, 0xff, 0xff, 0xff, 0xa0, 0x00,
    0x00, 0x00, 0x00, 0x00, 0x00, 0x00, 0x00, 0x00,
    0x00, 0x00, 0x0f, 0xff, 0xff, 0xff, 0xff, 0xa0,
    0x00, 0x00, 0x00, 0x00, 0x00, 0x00, 0x00, 0x00,
    0x00, 0x00, 0x00, 0x0f, 0xff, 0xff, 0xff, 0xff,
    0xa0, 0x00, 0x00, 0x00, 0x00, 0x00, 0x00, 0x00,
    0x00, 0x00, 0x00, 0x00, 0x0f, 0xff, 0xff, 0xff,
    0xff, 0xa0, 0x00, 0x00, 0x00, 0x00, 0x00, 0x00,
    0x00, 0x00, 0x00, 0x00, 0x00, 0x0f, 0xff, 0xff,
    0xff, 0xff, 0xa0, 0x00, 0x00, 0x00, 0x00, 0x00,
    0x00, 0x00, 0x00, 0x00, 0x00, 0x00, 0x0f, 0xff,
    0xff, 0xff, 0xff, 0xa0, 0x00, 0x00, 0x00, 0x00,
    0x00, 0x00, 0x00, 0x00, 0x00, 0x00, 0x00, 0x0f,
    0xff, 0xff, 0xff, 0xff, 0xa0, 0x00, 0x00, 0x00,
    0x00, 0x00, 0x00, 0x00, 0x00, 0x00, 0x00, 0x00,
    0x0f, 0xff, 0xff, 0xff, 0xff, 0xa0, 0x00, 0x00,
    0x00, 0x00, 0x00, 0x00, 0x00, 0x00, 0x00, 0x00,
    0x00, 0x0f, 0xff, 0xff, 0xff, 0xff, 0xff, 0xff,
    0xff, 0xff, 0xff, 0xff, 0xff, 0xff, 0xff, 0xff,
    0x20, 0x00, 0x0f, 0xff, 0xff, 0xff, 0xff, 0xff,
    0xff, 0xff, 0xff, 0xff, 0xff, 0xff, 0xff, 0xff,
    0xff, 0x20, 0x00, 0x0f, 0xff, 0xff, 0xff, 0xff,
    0xff, 0xff, 0xff, 0xff, 0xff, 0xff, 0xff, 0xff,
    0xff, 0xff, 0x20, 0x00, 0x0f, 0xff, 0xff, 0xff,
    0xff, 0xff, 0xff, 0xff, 0xff, 0xff, 0xff, 0xff,
    0xff, 0xff, 0xff, 0x20, 0x00, 0x0f, 0xff, 0xff,
    0xff, 0xff, 0xff, 0xff, 0xff, 0xff, 0xff, 0xff,
    0xff, 0xff, 0xff, 0xff, 0x20, 0x00, 0x0f, 0xff,
    0xff, 0xff, 0xff, 0xff, 0xff, 0xff, 0xff, 0xff,
    0xff, 0xff, 0xff, 0xff, 0xff, 0x20, 0x00, 0x0f,
    0xff, 0xff, 0xff, 0xff, 0xff, 0xff, 0xff, 0xff,
    0xff, 0xff, 0xff, 0xff, 0xff, 0xff, 0x20, 0x00,
    0x0f, 0xff, 0xff, 0xff, 0xff, 0xda, 0xaa, 0xaa,
    0xaa, 0xaa, 0xaa, 0xaa, 0xaa, 0xaa, 0xaa, 0x10,
    0x00, 0x0f, 0xff, 0xff, 0xff, 0xff, 0xa0, 0x00,
    0x00, 0x00, 0x00, 0x00, 0x00, 0x00, 0x00, 0x00,
    0x00, 0x00, 0x0f, 0xff, 0xff, 0xff, 0xff, 0xa0,
    0x00, 0x00, 0x00, 0x00, 0x00, 0x00, 0x00, 0x00,
    0x00, 0x00, 0x00, 0x0f, 0xff, 0xff, 0xff, 0xff,
    0xa0, 0x00, 0x00, 0x00, 0x00, 0x00, 0x00, 0x00,
    0x00, 0x00, 0x00, 0x00, 0x0f, 0xff, 0xff, 0xff,
    0xff, 0xa0, 0x00, 0x00, 0x00, 0x00, 0x00, 0x00,
    0x00, 0x00, 0x00, 0x00, 0x00, 0x0f, 0xff, 0xff,
    0xff, 0xff, 0xa0, 0x00, 0x00, 0x00, 0x00, 0x00,
    0x00, 0x00, 0x00, 0x00, 0x00, 0x00, 0x0f, 0xff,
    0xff, 0xff, 0xff, 0xa0, 0x00, 0x00, 0x00, 0x00,
    0x00, 0x00, 0x00, 0x00, 0x00, 0x00, 0x00, 0x0f,
    0xff, 0xff, 0xff, 0xff, 0xa0, 0x00, 0x00, 0x00,
    0x00, 0x00, 0x00, 0x00, 0x00, 0x00, 0x00, 0x00,
    0x0f, 0xff, 0xff, 0xff, 0xff, 0xa0, 0x00, 0x00,
    0x00, 0x00, 0x00, 0x00, 0x00, 0x00, 0x00, 0x00,
    0x00, 0x0f, 0xff, 0xff, 0xff, 0xff, 0xa0, 0x00,
    0x00, 0x00, 0x00, 0x00, 0x00, 0x00, 0x00, 0x00,
    0x00, 0x00, 0x0f, 0xff, 0xff, 0xff, 0xff, 0xfd,
    0xdd, 0xdd, 0xdd, 0xdd, 0xdd, 0xdd, 0xdd, 0xdd,
    0xdd, 0xdd, 0xd6, 0x0f, 0xff, 0xff, 0xff, 0xff,
    0xff, 0xff, 0xff, 0xff, 0xff, 0xff, 0xff, 0xff,
    0xff, 0xff, 0xff, 0xf8, 0x0f, 0xff, 0xff, 0xff,
    0xff, 0xff, 0xff, 0xff, 0xff, 0xff, 0xff, 0xff,
    0xff, 0xff, 0xff, 0xff, 0xf8, 0x0f, 0xff, 0xff,
    0xff, 0xff, 0xff, 0xff, 0xff, 0xff, 0xff, 0xff,
    0xff, 0xff, 0xff, 0xff, 0xff, 0xf8, 0x0f, 0xff,
    0xff, 0xff, 0xff, 0xff, 0xff, 0xff, 0xff, 0xff,
    0xff, 0xff, 0xff, 0xff, 0xff, 0xff, 0xf8, 0x0f,
    0xff, 0xff, 0xff, 0xff, 0xff, 0xff, 0xff, 0xff,
    0xff, 0xff, 0xff, 0xff, 0xff, 0xff, 0xff, 0xf8,
    0x0f, 0xff, 0xff, 0xff, 0xff, 0xff, 0xff, 0xff,
    0xff, 0xff, 0xff, 0xff, 0xff, 0xff, 0xff, 0xff,
    0xf8, 0x0f, 0xff, 0xff, 0xff, 0xff, 0xff, 0xff,
    0xff, 0xff, 0xff, 0xff, 0xff, 0xff, 0xff, 0xff,
    0xff, 0xf8,

    /* U+0046 "F" */
    0x0f, 0xff, 0xff, 0xff, 0xff, 0xff, 0xff, 0xff,
    0xff, 0xff, 0xff, 0xff, 0xff, 0xff, 0xff, 0xff,
    0xb0, 0xff, 0xff, 0xff, 0xff, 0xff, 0xff, 0xff,
    0xff, 0xff, 0xff, 0xff, 0xff, 0xff, 0xff, 0xff,
    0xfb, 0x0f, 0xff, 0xff, 0xff, 0xff, 0xff, 0xff,
    0xff, 0xff, 0xff, 0xff, 0xff, 0xff, 0xff, 0xff,
    0xff, 0xb0, 0xff, 0xff, 0xff, 0xff, 0xff, 0xff,
    0xff, 0xff, 0xff, 0xff, 0xff, 0xff, 0xff, 0xff,
    0xff, 0xfb, 0x0f, 0xff, 0xff, 0xff, 0xff, 0xff,
    0xff, 0xff, 0xff, 0xff, 0xff, 0xff, 0xff, 0xff,
    0xff, 0xff, 0xb0, 0xff, 0xff, 0xff, 0xff, 0xff,
    0xff, 0xff, 0xff, 0xff, 0xff, 0xff, 0xff, 0xff,
    0xff, 0xff, 0xfb, 0x0f, 0xff, 0xff, 0xff, 0xff,
    0xff, 0xff, 0xff, 0xff, 0xff, 0xff, 0xff, 0xff,
    0xff, 0xff, 0xff, 0xb0, 0xff, 0xff, 0xff, 0xff,
    0xff, 0xdd, 0xdd, 0xdd, 0xdd, 0xdd, 0xdd, 0xdd,
    0xdd, 0xdd, 0xdd, 0xd9, 0x0f, 0xff, 0xff, 0xff,
    0xff, 0xb0, 0x00, 0x00, 0x00, 0x00, 0x00, 0x00,
    0x00, 0x00, 0x00, 0x00, 0x00, 0xff, 0xff, 0xff,
    0xff, 0xfb, 0x00, 0x00, 0x00, 0x00, 0x00, 0x00,
    0x00, 0x00, 0x00, 0x00, 0x00, 0x0f, 0xff, 0xff,
    0xff, 0xff, 0xb0, 0x00, 0x00, 0x00, 0x00, 0x00,
    0x00, 0x00, 0x00, 0x00, 0x00, 0x00, 0xff, 0xff,
    0xff, 0xff, 0xfb, 0x00, 0x00, 0x00, 0x00, 0x00,
    0x00, 0x00, 0x00, 0x00, 0x00, 0x00, 0x0f, 0xff,
    0xff, 0xff, 0xff, 0xb0, 0x00, 0x00, 0x00, 0x00,
    0x00, 0x00, 0x00, 0x00, 0x00, 0x00, 0x00, 0xff,
    0xff, 0xff, 0xff, 0xfb, 0x00, 0x00, 0x00, 0x00,
    0x00, 0x00, 0x00, 0x00, 0x00, 0x00, 0x00, 0x0f,
    0xff, 0xff, 0xff, 0xff, 0xb0, 0x00, 0x00, 0x00,
    0x00, 0x00, 0x00, 0x00, 0x00, 0x00, 0x00, 0x00,
    0xff, 0xff, 0xff, 0xff, 0xfb, 0x00, 0x00, 0x00,
    0x00, 0x00, 0x00, 0x00, 0x00, 0x00, 0x00, 0x00,
    0x0f, 0xff, 0xff, 0xff, 0xff, 0xb0, 0x00, 0x00,
    0x00, 0x00, 0x00, 0x00, 0x00, 0x00, 0x00, 0x00,
    0x00, 0xff, 0xff, 0xff, 0xff, 0xfb, 0x00, 0x00,
    0x00, 0x00, 0x00, 0x00, 0x00, 0x00, 0x00, 0x00,
    0x00, 0x0f, 0xff, 0xff, 0xff, 0xff, 0xb0, 0x00,
    0x00, 0x00, 0x00, 0x00, 0x00, 0x00, 0x00, 0x00,
    0x00, 0x00, 0xff, 0xff, 0xff, 0xff, 0xff, 0xff,
    0xff, 0xff, 0xff, 0xff, 0xff, 0xff, 0xff, 0xff,
    0xf2, 0x00, 0x0f, 0xff, 0xff, 0xff, 0xff, 0xff,
    0xff, 0xff, 0xff, 0xff, 0xff, 0xff, 0xff, 0xff,
    0xff, 0x20, 0x00, 0xff, 0xff, 0xff, 0xff, 0xff,
    0xff, 0xff, 0xff, 0xff, 0xff, 0xff, 0xff, 0xff,
    0xff, 0xf2, 0x00, 0x0f, 0xff, 0xff, 0xff, 0xff,
    0xff, 0xff, 0xff, 0xff, 0xff, 0xff, 0xff, 0xff,
    0xff, 0xff, 0x20, 0x00, 0xff, 0xff, 0xff, 0xff,
    0xff, 0xff, 0xff, 0xff, 0xff, 0xff, 0xff, 0xff,
    0xff, 0xff, 0xf2, 0x00, 0x0f, 0xff, 0xff, 0xff,
    0xff, 0xff, 0xff, 0xff, 0xff, 0xff, 0xff, 0xff,
    0xff, 0xff, 0xff, 0x20, 0x00, 0xff, 0xff, 0xff,
    0xff, 0xff, 0xff, 0xff, 0xff, 0xff, 0xff, 0xff,
    0xff, 0xff, 0xff, 0xf2, 0x00, 0x0f, 0xff, 0xff,
    0xff, 0xff, 0xfd, 0xdd, 0xdd, 0xdd, 0xdd, 0xdd,
    0xdd, 0xdd, 0xdd, 0xdd, 0x10, 0x00, 0xff, 0xff,
    0xff, 0xff, 0xfb, 0x00, 0x00, 0x00, 0x00, 0x00,
    0x00, 0x00, 0x00, 0x00, 0x00, 0x00, 0x0f, 0xff,
    0xff, 0xff, 0xff, 0xb0, 0x00, 0x00, 0x00, 0x00,
    0x00, 0x00, 0x00, 0x00, 0x00, 0x00, 0x00, 0xff,
    0xff, 0xff, 0xff, 0xfb, 0x00, 0x00, 0x00, 0x00,
    0x00, 0x00, 0x00, 0x00, 0x00, 0x00, 0x00, 0x0f,
    0xff, 0xff, 0xff, 0xff, 0xb0, 0x00, 0x00, 0x00,
    0x00, 0x00, 0x00, 0x00, 0x00, 0x00, 0x00, 0x00,
    0xff, 0xff, 0xff, 0xff, 0xfb, 0x00, 0x00, 0x00,
    0x00, 0x00, 0x00, 0x00, 0x00, 0x00, 0x00, 0x00,
    0x0f, 0xff, 0xff, 0xff, 0xff, 0xb0, 0x00, 0x00,
    0x00, 0x00, 0x00, 0x00, 0x00, 0x00, 0x00, 0x00,
    0x00, 0xff, 0xff, 0xff, 0xff, 0xfb, 0x00, 0x00,
    0x00, 0x00, 0x00, 0x00, 0x00, 0x00, 0x00, 0x00,
    0x00, 0x0f, 0xff, 0xff, 0xff, 0xff, 0xb0, 0x00,
    0x00, 0x00, 0x00, 0x00, 0x00, 0x00, 0x00, 0x00,
    0x00, 0x00, 0xff, 0xff, 0xff, 0xff, 0xfb, 0x00,
    0x00, 0x00, 0x00, 0x00, 0x00, 0x00, 0x00, 0x00,
    0x00, 0x00, 0x0f, 0xff, 0xff, 0xff, 0xff, 0xb0,
    0x00, 0x00, 0x00, 0x00, 0x00, 0x00, 0x00, 0x00,
    0x00, 0x00, 0x00, 0xff, 0xff, 0xff, 0xff, 0xfb,
    0x00, 0x00, 0x00, 0x00, 0x00, 0x00, 0x00, 0x00,
    0x00, 0x00, 0x00, 0x0f, 0xff, 0xff, 0xff, 0xff,
    0xb0, 0x00, 0x00, 0x00, 0x00, 0x00, 0x00, 0x00,
    0x00, 0x00, 0x00, 0x00, 0xff, 0xff, 0xff, 0xff,
    0xfb, 0x00, 0x00, 0x00, 0x00, 0x00, 0x00, 0x00,
    0x00, 0x00, 0x00, 0x00, 0x0f, 0xff, 0xff, 0xff,
    0xff, 0xb0, 0x00, 0x00, 0x00, 0x00, 0x00, 0x00,
    0x00, 0x00, 0x00, 0x00, 0x00, 0xff, 0xff, 0xff,
    0xff, 0xfb, 0x00, 0x00, 0x00, 0x00, 0x00, 0x00,
    0x00, 0x00, 0x00, 0x00, 0x00,

    /* U+0047 "G" */
    0x00, 0x00, 0x00, 0x00, 0x00, 0x00, 0x00, 0x00,
    0x00, 0x13, 0x56, 0x77, 0x76, 0x53, 0x00, 0x00,
    0x00, 0x00, 0x00, 0x00, 0x00, 0x00, 0x00, 0x00,
    0x00, 0x00, 0x00, 0x00, 0x05, 0x9d, 0xff, 0xff,
    0xff, 0xff, 0xff, 0xfd, 0x95, 0x00, 0x00, 0x00,
    0x00, 0x00, 0x00, 0x00, 0x00, 0x00, 0x00, 0x00,
    0x29, 0xff, 0xff, 0xff, 0xff, 0xff, 0xff, 0xff,
    0xff, 0xff, 0xe9, 0x20, 0x00, 0x00, 0x00, 0x00,
    0x00, 0x00, 0x00, 0x00, 0x2a, 0xff, 0xff, 0xff,
    0xff, 0xff, 0xff, 0xff, 0xff, 0xff, 0xff, 0xff,
    0xf9, 0x10, 0x00, 0x00, 0x00, 0x00, 0x00, 0x00,
    0x07, 0xff, 0xff, 0xff, 0xff, 0xff, 0xff, 0xff,
    0xff, 0xff, 0xff, 0xff, 0xff, 0xff, 0xe5, 0x00,
    0x00, 0x00, 0x00, 0x00, 0x01, 0xbf, 0xff, 0xff,
    0xff, 0xff, 0xff, 0xff, 0xff, 0xff, 0xff, 0xff,
    0xff, 0xff, 0xff, 0xff, 0x90, 0x00, 0x00, 0x00,
    0x00, 0x2d, 0xff, 0xff, 0xff, 0xff, 0xff, 0xff,
    0xff, 0xff, 0xff, 0xff, 0xff, 0xff, 0xff, 0xff,
    0xff, 0xfb, 0x00, 0x00, 0x00, 0x02, 0xef, 0xff,
    0xff, 0xff, 0xff, 0xff, 0xff, 0xff, 0xff, 0xff,
    0xff, 0xff, 0xff, 0xff, 0xff, 0xff, 0xff, 0xa0,
    0x00, 0x00, 0x0d, 0xff, 0xff, 0xff, 0xff, 0xff,
    0xff, 0xff, 0xff, 0xed, 0xde, 0xff, 0xff, 0xff,
    0xff, 0xff, 0xff, 0xff, 0x40, 0x00, 0x00, 0xbf,
    0xff, 0xff, 0xff, 0xff, 0xff, 0xff, 0xb6, 0x30,
    0x00, 0x00, 0x14, 0x8e, 0xff, 0xff, 0xff, 0xff,
    0xe3, 0x00, 0x00, 0x06, 0xff, 0xff, 0xff, 0xff,
    0xff, 0xff, 0xa2, 0x00, 0x00, 0x00, 0x00, 0x00,
    0x00, 0x5d, 0xff, 0xff, 0xfe, 0x20, 0x00, 0x00,
    0x1e, 0xff, 0xff, 0xff, 0xff, 0xff, 0xe4, 0x00,
    0x00, 0x00, 0x00, 0x00, 0x00, 0x00, 0x00, 0x8f,
    0xff, 0xd1, 0x00, 0x00, 0x00, 0x8f, 0xff, 0xff,
    0xff, 0xff, 0xfd, 0x20, 0x00, 0x00, 0x00, 0x00,
    0x00, 0x00, 0x00, 0x00, 0x05, 0xfc, 0x10, 0x00,
    0x00, 0x00, 0xff, 0xff, 0xff, 0xff, 0xff, 0xe2,
    0x00, 0x00, 0x00, 0x00, 0x00, 0x00, 0x00, 0x00,
    0x00, 0x00, 0x30, 0x00, 0x00, 0x00, 0x05, 0xff,
    0xff, 0xff, 0xff, 0xff, 0x50, 0x00, 0x00, 0x00,
    0x00, 0x00, 0x00, 0x00, 0x00, 0x00, 0x00, 0x00,
    0x00, 0x00, 0x00, 0x0b, 0xff, 0xff, 0xff, 0xff,
    0xfb, 0x00, 0x00, 0x00, 0x00, 0x00, 0x00, 0x00,
    0x00, 0x00, 0x00, 0x00, 0x00, 0x00, 0x00, 0x00,
    0x0f, 0xff, 0xff, 0xff, 0xff, 0xf3, 0x00, 0x00,
    0x00, 0x00, 0x00, 0x00, 0x00, 0x00, 0x00, 0x00,
    0x00, 0x00, 0x00, 0x00, 0x00, 0x3f, 0xff, 0xff,
    0xff, 0xff, 0xe0, 0x00, 0x00, 0x00, 0x00, 0x00,
    0x00, 0x00, 0x00, 0x00, 0x00, 0x00, 0x00, 0x00,
    0x00, 0x00, 0x6f, 0xff, 0xff, 0xff, 0xff, 0x90,
    0x00, 0x00, 0x00, 0x00, 0x00, 0x00, 0x00, 0x00,
    0x00, 0x00, 0x00, 0x00, 0x00, 0x00, 0x00, 0x8f,
    0xff, 0xff, 0xff, 0xff, 0x60, 0x00, 0x00, 0x00,
    0x00, 0x00, 0x00, 0x00, 0x00, 0x00, 0x00, 0x00,
    0x00, 0x00, 0x00, 0x00, 0x9f, 0xff, 0xff, 0xff,
    0xff, 0x40, 0x00, 0x00, 0x00, 0x00, 0x00, 0x00,
    0x00, 0x00, 0x00, 0x00, 0x00, 0x00, 0x00, 0x00,
    0x00, 0xaf, 0xff, 0xff, 0xff, 0xff, 0x30, 0x00,
    0x00, 0x00, 0x00, 0x00, 0x00, 0x00, 0x00, 0x00,
    0x06, 0xaa, 0xaa, 0xaa, 0xaa, 0x20, 0xaf, 0xff,
    0xff, 0xff, 0xff, 0x30, 0x00, 0x00, 0x00, 0x00,
    0x00, 0x00, 0x00, 0x00, 0x00, 0x0a, 0xff, 0xff,
    0xff, 0xff, 0x30, 0x9f, 0xff, 0xff, 0xff, 0xff,
    0x40, 0x00, 0x00, 0x00, 0x00, 0x00, 0x00, 0x00,
    0x00, 0x00, 0x0a, 0xff, 0xff, 0xff, 0xff, 0x30,
    0x8f, 0xff, 0xff, 0xff, 0xff, 0x60, 0x00, 0x00,
    0x00, 0x00, 0x00, 0x00, 0x00, 0x00, 0x00, 0x0a,
    0xff, 0xff, 0xff, 0xff, 0x30, 0x6f, 0xff, 0xff,
    0xff, 0xff, 0x90, 0x00, 0x00, 0x00, 0x00, 0x00,
    0x00, 0x00, 0x00, 0x00, 0x0a, 0xff, 0xff, 0xff,
    0xff, 0x30, 0x3f, 0xff, 0xff, 0xff, 0xff, 0xe0,
    0x00, 0x00, 0x00, 0x00, 0x00, 0x00, 0x00, 0x00,
    0x00, 0x0a, 0xff, 0xff, 0xff, 0xff, 0x30, 0x0f,
    0xff, 0xff, 0xff, 0xff, 0xf4, 0x00, 0x00, 0x00,
    0x00, 0x00, 0x00, 0x00, 0x00, 0x00, 0x0a, 0xff,
    0xff, 0xff, 0xff, 0x30, 0x0b, 0xff, 0xff, 0xff,
    0xff, 0xfc, 0x00, 0x00, 0x00, 0x00, 0x00, 0x00,
    0x00, 0x00, 0x00, 0x0a, 0xff, 0xff, 0xff, 0xff,
    0x30, 0x05, 0xff, 0xff, 0xff, 0xff, 0xff, 0x50,
    0x00, 0x00, 0x00, 0x00, 0x00, 0x00, 0x00, 0x00,
    0x0a, 0xff, 0xff, 0xff, 0xff, 0x30, 0x00, 0xff,
    0xff, 0xff, 0xff, 0xff, 0xf2, 0x00, 0x00, 0x00,
    0x00, 0x00, 0x00, 0x00, 0x00, 0x0a, 0xff, 0xff,
    0xff, 0xff, 0x30, 0x00, 0x8f, 0xff, 0xff, 0xff,
    0xff, 0xfe, 0x20, 0x00, 0x00, 0x00, 0x00, 0x00,
    0x00, 0x00, 0x0a, 0xff, 0xff, 0xff, 0xff, 0x30,
    0x00, 0x1e, 0xff, 0xff, 0xff, 0xff, 0xff, 0xe4,
    0x00, 0x00, 0x00, 0x00, 0x00, 0x00, 0x00, 0x0a,
    0xff, 0xff, 0xff, 0xff, 0x30, 0x00, 0x06, 0xff,
    0xff, 0xff, 0xff, 0xff, 0xff, 0xa2, 0x00, 0x00,
    0x00, 0x00, 0x00, 0x00, 0x2c, 0xff, 0xff, 0xff,
    0xff, 0x30, 0x00, 0x00, 0xbf, 0xff, 0xff, 0xff,
    0xff, 0xff, 0xff, 0xb6, 0x20, 0x00, 0x00, 0x03,
    0x7b, 0xff, 0xff, 0xff, 0xff, 0xff, 0x30, 0x00,
    0x00, 0x1d, 0xff, 0xff, 0xff, 0xff, 0xff, 0xff,
    0xff, 0xff, 0xed, 0xde, 0xff, 0xff, 0xff, 0xff,
    0xff, 0xff, 0xff, 0x30, 0x00, 0x00, 0x02, 0xef,
    0xff, 0xff, 0xff, 0xff, 0xff, 0xff, 0xff, 0xff,
    0xff, 0xff, 0xff, 0xff, 0xff, 0xff, 0xff, 0xff,
    0x30, 0x00, 0x00, 0x00, 0x2e, 0xff, 0xff, 0xff,
    0xff, 0xff, 0xff, 0xff, 0xff, 0xff, 0xff, 0xff,
    0xff, 0xff, 0xff, 0xff, 0xff, 0x30, 0x00, 0x00,
    0x00, 0x01, 0xcf, 0xff, 0xff, 0xff, 0xff, 0xff,
    0xff, 0xff, 0xff, 0xff, 0xff, 0xff, 0xff, 0xff,
    0xff, 0xfa, 0x00, 0x00, 0x00, 0x00, 0x00, 0x08,
    0xff, 0xff, 0xff, 0xff, 0xff, 0xff, 0xff, 0xff,
    0xff, 0xff, 0xff, 0xff, 0xff, 0xfd, 0x50, 0x00,
    0x00, 0x00, 0x00, 0x00, 0x00, 0x2b, 0xff, 0xff,
    0xff, 0xff, 0xff, 0xff, 0xff, 0xff, 0xff, 0xff,
    0xff, 0xfe, 0x70, 0x00, 0x00, 0x00, 0x00, 0x00,
    0x00, 0x00, 0x00, 0x3a, 0xff, 0xff, 0xff, 0xff,
    0xff, 0xff, 0xff, 0xff, 0xff, 0xfb, 0x50, 0x00,
    0x00, 0x00, 0x00, 0x00, 0x00, 0x00, 0x00, 0x00,
    0x00, 0x05, 0xae, 0xff, 0xff, 0xff, 0xff, 0xff,
    0xfd, 0x95, 0x10, 0x00, 0x00, 0x00, 0x00, 0x00,
    0x00, 0x00, 0x00, 0x00, 0x00, 0x00, 0x00, 0x00,
    0x13, 0x56, 0x77, 0x76, 0x43, 0x00, 0x00, 0x00,
    0x00, 0x00, 0x00, 0x00,

    /* U+0048 "H" */
    0x0f, 0xff, 0xff, 0xff, 0xff, 0xb0, 0x00, 0x00,
    0x00, 0x00, 0x00, 0x00, 0x00, 0x00, 0x03, 0xff,
    0xff, 0xff, 0xff, 0xf8, 0x0f, 0xff, 0xff, 0xff,
    0xff, 0xb0, 0x00, 0x00, 0x00, 0x00, 0x00, 0x00,
    0x00, 0x00, 0x03, 0xff, 0xff, 0xff, 0xff, 0xf8,
    0x0f, 0xff, 0xff, 0xff, 0xff, 0xb0, 0x00, 0x00,
    0x00, 0x00, 0x00, 0x00, 0x00, 0x00, 0x03, 0xff,
    0xff, 0xff, 0xff, 0xf8, 0x0f, 0xff, 0xff, 0xff,
    0xff, 0xb0, 0x00, 0x00, 0x00, 0x00, 0x00, 0x00,
    0x00, 0x00, 0x03, 0xff, 0xff, 0xff, 0xff, 0xf8,
    0x0f, 0xff, 0xff, 0xff, 0xff, 0xb0, 0x00, 0x00,
    0x00, 0x00, 0x00, 0x00, 0x00, 0x00, 0x03, 0xff,
    0xff, 0xff, 0xff, 0xf8, 0x0f, 0xff, 0xff, 0xff,
    0xff, 0xb0, 0x00, 0x00, 0x00, 0x00, 0x00, 0x00,
    0x00, 0x00, 0x03, 0xff, 0xff, 0xff, 0xff, 0xf8,
    0x0f, 0xff, 0xff, 0xff, 0xff, 0xb0, 0x00, 0x00,
    0x00, 0x00, 0x00, 0x00, 0x00, 0x00, 0x03, 0xff,
    0xff, 0xff, 0xff, 0xf8, 0x0f, 0xff, 0xff, 0xff,
    0xff, 0xb0, 0x00, 0x00, 0x00, 0x00, 0x00, 0x00,
    0x00, 0x00, 0x03, 0xff, 0xff, 0xff, 0xff, 0xf8,
    0x0f, 0xff, 0xff, 0xff, 0xff, 0xb0, 0x00, 0x00,
    0x00, 0x00, 0x00, 0x00, 0x00, 0x00, 0x03, 0xff,
    0xff, 0xff, 0xff, 0xf8, 0x0f, 0xff, 0xff, 0xff,
    0xff, 0xb0, 0x00, 0x00, 0x00, 0x00, 0x00, 0x00,
    0x00, 0x00, 0x03, 0xff, 0xff, 0xff, 0xff, 0xf8,
    0x0f, 0xff, 0xff, 0xff, 0xff, 0xb0, 0x00, 0x00,
    0x00, 0x00, 0x00, 0x00, 0x00, 0x00, 0x03, 0xff,
    0xff, 0xff, 0xff, 0xf8, 0x0f, 0xff, 0xff, 0xff,
    0xff, 0xb0, 0x00, 0x00, 0x00, 0x00, 0x00, 0x00,
    0x00, 0x00, 0x03, 0xff, 0xff, 0xff, 0xff, 0xf8,
    0x0f, 0xff, 0xff, 0xff, 0xff, 0xb0, 0x00, 0x00,
    0x00, 0x00, 0x00, 0x00, 0x00, 0x00, 0x03, 0xff,
    0xff, 0xff, 0xff, 0xf8, 0x0f, 0xff, 0xff, 0xff,
    0xff, 0xb0, 0x00, 0x00, 0x00, 0x00, 0x00, 0x00,
    0x00, 0x00, 0x03, 0xff, 0xff, 0xff, 0xff, 0xf8,
    0x0f, 0xff, 0xff, 0xff, 0xff, 0xb0, 0x00, 0x00,
    0x00, 0x00, 0x00, 0x00, 0x00, 0x00, 0x03, 0xff,
    0xff, 0xff, 0xff, 0xf8, 0x0f, 0xff, 0xff, 0xff,
    0xff, 0xb0, 0x00, 0x00, 0x00, 0x00, 0x00, 0x00,
    0x00, 0x00, 0x03, 0xff, 0xff, 0xff, 0xff, 0xf8,
    0x0f, 0xff, 0xff, 0xff, 0xff, 0xc4, 0x44, 0x44,
    0x44, 0x44, 0x44, 0x44, 0x44, 0x44, 0x47, 0xff,
    0xff, 0xff, 0xff, 0xf8, 0x0f, 0xff, 0xff, 0xff,
    0xff, 0xff, 0xff, 0xff, 0xff, 0xff, 0xff, 0xff,
    0xff, 0xff, 0xff, 0xff, 0xff, 0xff, 0xff, 0xf8,
    0x0f, 0xff, 0xff, 0xff, 0xff, 0xff, 0xff, 0xff,
    0xff, 0xff, 0xff, 0xff, 0xff, 0xff, 0xff, 0xff,
    0xff, 0xff, 0xff, 0xf8, 0x0f, 0xff, 0xff, 0xff,
    0xff, 0xff, 0xff, 0xff, 0xff, 0xff, 0xff, 0xff,
    0xff, 0xff, 0xff, 0xff, 0xff, 0xff, 0xff, 0xf8,
    0x0f, 0xff, 0xff, 0xff, 0xff, 0xff, 0xff, 0xff,
    0xff, 0xff, 0xff, 0xff, 0xff, 0xff, 0xff, 0xff,
    0xff, 0xff, 0xff, 0xf8, 0x0f, 0xff, 0xff, 0xff,
    0xff, 0xff, 0xff, 0xff, 0xff, 0xff, 0xff, 0xff,
    0xff, 0xff, 0xff, 0xff, 0xff, 0xff, 0xff, 0xf8,
    0x0f, 0xff, 0xff, 0xff, 0xff, 0xff, 0xff, 0xff,
    0xff, 0xff, 0xff, 0xff, 0xff, 0xff, 0xff, 0xff,
    0xff, 0xff, 0xff, 0xf8, 0x0f, 0xff, 0xff, 0xff,
    0xff, 0xff, 0xff, 0xff, 0xff, 0xff, 0xff, 0xff,
    0xff, 0xff, 0xff, 0xff, 0xff, 0xff, 0xff, 0xf8,
    0x0f, 0xff, 0xff, 0xff, 0xff, 0xff, 0xff, 0xff,
    0xff, 0xff, 0xff, 0xff, 0xff, 0xff, 0xff, 0xff,
    0xff, 0xff, 0xff, 0xf8, 0x0f, 0xff, 0xff, 0xff,
    0xff, 0xb0, 0x00, 0x00, 0x00, 0x00, 0x00, 0x00,
    0x00, 0x00, 0x03, 0xff, 0xff, 0xff, 0xff, 0xf8,
    0x0f, 0xff, 0xff, 0xff, 0xff, 0xb0, 0x00, 0x00,
    0x00, 0x00, 0x00, 0x00, 0x00, 0x00, 0x03, 0xff,
    0xff, 0xff, 0xff, 0xf8, 0x0f, 0xff, 0xff, 0xff,
    0xff, 0xb0, 0x00, 0x00, 0x00, 0x00, 0x00, 0x00,
    0x00, 0x00, 0x03, 0xff, 0xff, 0xff, 0xff, 0xf8,
    0x0f, 0xff, 0xff, 0xff, 0xff, 0xb0, 0x00, 0x00,
    0x00, 0x00, 0x00, 0x00, 0x00, 0x00, 0x03, 0xff,
    0xff, 0xff, 0xff, 0xf8, 0x0f, 0xff, 0xff, 0xff,
    0xff, 0xb0, 0x00, 0x00, 0x00, 0x00, 0x00, 0x00,
    0x00, 0x00, 0x03, 0xff, 0xff, 0xff, 0xff, 0xf8,
    0x0f, 0xff, 0xff, 0xff, 0xff, 0xb0, 0x00, 0x00,
    0x00, 0x00, 0x00, 0x00, 0x00, 0x00, 0x03, 0xff,
    0xff, 0xff, 0xff, 0xf8, 0x0f, 0xff, 0xff, 0xff,
    0xff, 0xb0, 0x00, 0x00, 0x00, 0x00, 0x00, 0x00,
    0x00, 0x00, 0x03, 0xff, 0xff, 0xff, 0xff, 0xf8,
    0x0f, 0xff, 0xff, 0xff, 0xff, 0xb0, 0x00, 0x00,
    0x00, 0x00, 0x00, 0x00, 0x00, 0x00, 0x03, 0xff,
    0xff, 0xff, 0xff, 0xf8, 0x0f, 0xff, 0xff, 0xff,
    0xff, 0xb0, 0x00, 0x00, 0x00, 0x00, 0x00, 0x00,
    0x00, 0x00, 0x03, 0xff, 0xff, 0xff, 0xff, 0xf8,
    0x0f, 0xff, 0xff, 0xff, 0xff, 0xb0, 0x00, 0x00,
    0x00, 0x00, 0x00, 0x00, 0x00, 0x00, 0x03, 0xff,
    0xff, 0xff, 0xff, 0xf8, 0x0f, 0xff, 0xff, 0xff,
    0xff, 0xb0, 0x00, 0x00, 0x00, 0x00, 0x00, 0x00,
    0x00, 0x00, 0x03, 0xff, 0xff, 0xff, 0xff, 0xf8,
    0x0f, 0xff, 0xff, 0xff, 0xff, 0xb0, 0x00, 0x00,
    0x00, 0x00, 0x00, 0x00, 0x00, 0x00, 0x03, 0xff,
    0xff, 0xff, 0xff, 0xf8, 0x0f, 0xff, 0xff, 0xff,
    0xff, 0xb0, 0x00, 0x00, 0x00, 0x00, 0x00, 0x00,
    0x00, 0x00, 0x03, 0xff, 0xff, 0xff, 0xff, 0xf8,
    0x0f, 0xff, 0xff, 0xff, 0xff, 0xb0, 0x00, 0x00,
    0x00, 0x00, 0x00, 0x00, 0x00, 0x00, 0x03, 0xff,
    0xff, 0xff, 0xff, 0xf8, 0x0f, 0xff, 0xff, 0xff,
    0xff, 0xb0, 0x00, 0x00, 0x00, 0x00, 0x00, 0x00,
    0x00, 0x00, 0x03, 0xff, 0xff, 0xff, 0xff, 0xf8,
    0x0f, 0xff, 0xff, 0xff, 0xff, 0xb0, 0x00, 0x00,
    0x00, 0x00, 0x00, 0x00, 0x00, 0x00, 0x03, 0xff,
    0xff, 0xff, 0xff, 0xf8, 0x0f, 0xff, 0xff, 0xff,
    0xff, 0xb0, 0x00, 0x00, 0x00, 0x00, 0x00, 0x00,
    0x00, 0x00, 0x03, 0xff, 0xff, 0xff, 0xff, 0xf8,

    /* U+0049 "I" */
    0x0f, 0xff, 0xff, 0xff, 0xff, 0xb0, 0xff, 0xff,
    0xff, 0xff, 0xfb, 0x0f, 0xff, 0xff, 0xff, 0xff,
    0xb0, 0xff, 0xff, 0xff, 0xff, 0xfb, 0x0f, 0xff,
    0xff, 0xff, 0xff, 0xb0, 0xff, 0xff, 0xff, 0xff,
    0xfb, 0x0f, 0xff, 0xff, 0xff, 0xff, 0xb0, 0xff,
    0xff, 0xff, 0xff, 0xfb, 0x0f, 0xff, 0xff, 0xff,
    0xff, 0xb0, 0xff, 0xff, 0xff, 0xff, 0xfb, 0x0f,
    0xff, 0xff, 0xff, 0xff, 0xb0, 0xff, 0xff, 0xff,
    0xff, 0xfb, 0x0f, 0xff, 0xff, 0xff, 0xff, 0xb0,
    0xff, 0xff, 0xff, 0xff, 0xfb, 0x0f, 0xff, 0xff,
    0xff, 0xff, 0xb0, 0xff, 0xff, 0xff, 0xff, 0xfb,
    0x0f, 0xff, 0xff, 0xff, 0xff, 0xb0, 0xff, 0xff,
    0xff, 0xff, 0xfb, 0x0f, 0xff, 0xff, 0xff, 0xff,
    0xb0, 0xff, 0xff, 0xff, 0xff, 0xfb, 0x0f, 0xff,
    0xff, 0xff, 0xff, 0xb0, 0xff, 0xff, 0xff, 0xff,
    0xfb, 0x0f, 0xff, 0xff, 0xff, 0xff, 0xb0, 0xff,
    0xff, 0xff, 0xff, 0xfb, 0x0f, 0xff, 0xff, 0xff,
    0xff, 0xb0, 0xff, 0xff, 0xff, 0xff, 0xfb, 0x0f,
    0xff, 0xff, 0xff, 0xff, 0xb0, 0xff, 0xff, 0xff,
    0xff, 0xfb, 0x0f, 0xff, 0xff, 0xff, 0xff, 0xb0,
    0xff, 0xff, 0xff, 0xff, 0xfb, 0x0f, 0xff, 0xff,
    0xff, 0xff, 0xb0, 0xff, 0xff, 0xff, 0xff, 0xfb,
    0x0f, 0xff, 0xff, 0xff, 0xff, 0xb0, 0xff, 0xff,
    0xff, 0xff, 0xfb, 0x0f, 0xff, 0xff, 0xff, 0xff,
    0xb0, 0xff, 0xff, 0xff, 0xff, 0xfb, 0x0f, 0xff,
    0xff, 0xff, 0xff, 0xb0, 0xff, 0xff, 0xff, 0xff,
    0xfb, 0x0f, 0xff, 0xff, 0xff, 0xff, 0xb0, 0xff,
    0xff, 0xff, 0xff, 0xfb, 0x0f, 0xff, 0xff, 0xff,
    0xff, 0xb0, 0xff, 0xff, 0xff, 0xff, 0xfb,

    /* U+004A "J" */
    0x00, 0x00, 0x9f, 0xff, 0xff, 0xff, 0xff, 0xff,
    0xff, 0xff, 0xff, 0xff, 0xff, 0xff, 0xd0, 0x00,
    0x09, 0xff, 0xff, 0xff, 0xff, 0xff, 0xff, 0xff,
    0xff, 0xff, 0xff, 0xff, 0xfd, 0x00, 0x00, 0x9f,
    0xff, 0xff, 0xff, 0xff, 0xff, 0xff, 0xff, 0xff,
    0xff, 0xff, 0xff, 0xd0, 0x00, 0x09, 0xff, 0xff,
    0xff, 0xff, 0xff, 0xff, 0xff, 0xff, 0xff, 0xff,
    0xff, 0xfd, 0x00, 0x00, 0x9f, 0xff, 0xff, 0xff,
    0xff, 0xff, 0xff, 0xff, 0xff, 0xff, 0xff, 0xff,
    0xd0, 0x00, 0x09, 0xff, 0xff, 0xff, 0xff, 0xff,
    0xff, 0xff, 0xff, 0xff, 0xff, 0xff, 0xfd, 0x00,
    0x00, 0x9f, 0xff, 0xff, 0xff, 0xff, 0xff, 0xff,
    0xff, 0xff, 0xff, 0xff, 0xff, 0xd0, 0x00, 0x07,
    0xdd, 0xdd, 0xdd, 0xdd, 0xdd, 0xdd, 0xdd, 0xff,
    0xff, 0xff, 0xff, 0xfd, 0x00, 0x00, 0x00, 0x00,
    0x00, 0x00, 0x00, 0x00, 0x00, 0x0d, 0xff, 0xff,
    0xff, 0xff, 0xd0, 0x00, 0x00, 0x00, 0x00, 0x00,
    0x00, 0x00, 0x00, 0x00, 0xdf, 0xff, 0xff, 0xff,
    0xfd, 0x00, 0x00, 0x00, 0x00, 0x00, 0x00, 0x00,
    0x00, 0x00, 0x0d, 0xff, 0xff, 0xff, 0xff, 0xd0,
    0x00, 0x00, 0x00, 0x00, 0x00, 0x00, 0x00, 0x00,
    0x00, 0xdf, 0xff, 0xff, 0xff, 0xfd, 0x00, 0x00,
    0x00, 0x00, 0x00, 0x00, 0x00, 0x00, 0x00, 0x0d,
    0xff, 0xff, 0xff, 0xff, 0xd0, 0x00, 0x00, 0x00,
    0x00, 0x00, 0x00, 0x00, 0x00, 0x00, 0xdf, 0xff,
    0xff, 0xff, 0xfd, 0x00, 0x00, 0x00, 0x00, 0x00,
    0x00, 0x00, 0x00, 0x00, 0x0d, 0xff, 0xff, 0xff,
    0xff, 0xd0, 0x00, 0x00, 0x00, 0x00, 0x00, 0x00,
    0x00, 0x00, 0x00, 0xdf, 0xff, 0xff, 0xff, 0xfd,
    0x00, 0x00, 0x00, 0x00, 0x00, 0x00, 0x00, 0x00,
    0x00, 0x0d, 0xff, 0xff, 0xff, 0xff, 0xd0, 0x00,
    0x00, 0x00, 0x00, 0x00, 0x00, 0x00, 0x00, 0x00,
    0xdf, 0xff, 0xff, 0xff, 0xfd, 0x00, 0x00, 0x00,
    0x00, 0x00, 0x00, 0x00, 0x00, 0x00, 0x0d, 0xff,
    0xff, 0xff, 0xff, 0xd0, 0x00, 0x00, 0x00, 0x00,
    0x00, 0x00, 0x00, 0x00, 0x00, 0xdf, 0xff, 0xff,
    0xff, 0xfd, 0x00, 0x00, 0x00, 0x00, 0x00, 0x00,
    0x00, 0x00, 0x00, 0x0d, 0xff, 0xff, 0xff, 0xff,
    0xd0, 0x00, 0x00, 0x00, 0x00, 0x00, 0x00, 0x00,
    0x00, 0x00, 0xdf, 0xff, 0xff, 0xff, 0xfd, 0x00,
    0x00, 0x00, 0x00, 0x00, 0x00, 0x00, 0x00, 0x00,
    0x0d, 0xff, 0xff, 0xff, 0xff, 0xd0, 0x00, 0x00,
    0x00, 0x00, 0x00, 0x00, 0x00, 0x00, 0x00, 0xdf,
    0xff, 0xff, 0xff, 0xfd, 0x00, 0x00, 0x00, 0x00,
    0x00, 0x00, 0x00, 0x00, 0x00, 0x0d, 0xff, 0xff,
    0xff, 0xff, 0xd0, 0x00, 0x00, 0x00, 0x00, 0x00,
    0x00, 0x00, 0x00, 0x00, 0xdf, 0xff, 0xff, 0xff,
    0xfd, 0x00, 0x00, 0x00, 0x00, 0x00, 0x00, 0x00,
    0x00, 0x00, 0x0d, 0xff, 0xff, 0xff, 0xff, 0xd0,
    0x00, 0x00, 0x00, 0x00, 0x00, 0x00, 0x00, 0x00,
    0x00, 0xdf, 0xff, 0xff, 0xff, 0xfd, 0x00, 0x00,
    0x00, 0x00, 0x00, 0x00, 0x00, 0x00, 0x00, 0x0d,
    0xff, 0xff, 0xff, 0xff, 0xb0, 0x00, 0x00, 0x00,
    0x00, 0x00, 0x00, 0x00, 0x00, 0x00, 0xff, 0xff,
    0xff, 0xff, 0xfa, 0x00, 0x00, 0x2c, 0x10, 0x00,
    0x00, 0x00, 0x00, 0x00, 0x2f, 0xff, 0xff, 0xff,
    0xff, 0x90, 0x00, 0x0d, 0xfc, 0x00, 0x00, 0x00,
    0x00, 0x00, 0x08, 0xff, 0xff, 0xff, 0xff, 0xf6,
    0x00, 0x0b, 0xff, 0xfc, 0x10, 0x00, 0x00, 0x00,
    0x02, 0xff, 0xff, 0xff, 0xff, 0xff, 0x30, 0x09,
    0xff, 0xff, 0xff, 0x70, 0x00, 0x00, 0x04, 0xef,
    0xff, 0xff, 0xff, 0xff, 0xf0, 0x06, 0xff, 0xff,
    0xff, 0xff, 0xfb, 0x98, 0xad, 0xff, 0xff, 0xff,
    0xff, 0xff, 0xf9, 0x04, 0xff, 0xff, 0xff, 0xff,
    0xff, 0xff, 0xff, 0xff, 0xff, 0xff, 0xff, 0xff,
    0xff, 0x20, 0xbf, 0xff, 0xff, 0xff, 0xff, 0xff,
    0xff, 0xff, 0xff, 0xff, 0xff, 0xff, 0xff, 0xa0,
    0x01, 0xdf, 0xff, 0xff, 0xff, 0xff, 0xff, 0xff,
    0xff, 0xff, 0xff, 0xff, 0xff, 0xd1, 0x00, 0x01,
    0xcf, 0xff, 0xff, 0xff, 0xff, 0xff, 0xff, 0xff,
    0xff, 0xff, 0xff, 0xe2, 0x00, 0x00, 0x00, 0x8f,
    0xff, 0xff, 0xff, 0xff, 0xff, 0xff, 0xff, 0xff,
    0xff, 0xd2, 0x00, 0x00, 0x00, 0x00, 0x3b, 0xff,
    0xff, 0xff, 0xff, 0xff, 0xff, 0xff, 0xfe, 0x80,
    0x00, 0x00, 0x00, 0x00, 0x00, 0x02, 0x8d, 0xff,
    0xff, 0xff, 0xff, 0xff, 0xb6, 0x00, 0x00, 0x00,
    0x00, 0x00, 0x00, 0x00, 0x00, 0x01, 0x36, 0x77,
    0x76, 0x53, 0x00, 0x00, 0x00, 0x00, 0x00, 0x00,

    /* U+004B "K" */
    0x0f, 0xff, 0xff, 0xff, 0xff, 0xa0, 0x00, 0x00,
    0x00, 0x00, 0x00, 0x00, 0x00, 0x00, 0x4f, 0xff,
    0xff, 0xff, 0xff, 0xf9, 0x00, 0x0f, 0xff, 0xff,
    0xff, 0xff, 0xa0, 0x00, 0x00, 0x00, 0x00, 0x00,
    0x00, 0x00, 0x03, 0xff, 0xff, 0xff, 0xff, 0xff,
    0xa0, 0x00, 0x0f, 0xff, 0xff, 0xff, 0xff, 0xa0,
    0x00, 0x00, 0x00, 0x00, 0x00, 0x00, 0x00, 0x3f,
    0xff, 0xff, 0xff, 0xff, 0xfb, 0x00, 0x00, 0x0f,
    0xff, 0xff, 0xff, 0xff, 0xa0, 0x00, 0x00, 0x00,
    0x00, 0x00, 0x00, 0x02, 0xef, 0xff, 0xff, 0xff,
    0xff, 0xc0, 0x00, 0x00, 0x0f, 0xff, 0xff, 0xff,
    0xff, 0xa0, 0x00, 0x00, 0x00, 0x00, 0x00, 0x00,
    0x2e, 0xff, 0xff, 0xff, 0xff, 0xfc, 0x00, 0x00,
    0x00, 0x0f, 0xff, 0xff, 0xff, 0xff, 0xa0, 0x00,
    0x00, 0x00, 0x00, 0x00, 0x01, 0xdf, 0xff, 0xff,
    0xff, 0xff, 0xd1, 0x00, 0x00, 0x00, 0x0f, 0xff,
    0xff, 0xff, 0xff, 0xa0, 0x00, 0x00, 0x00, 0x00,
    0x00, 0x1d, 0xff, 0xff, 0xff, 0xff, 0xfe, 0x10,
    0x00, 0x00, 0x00, 0x0f, 0xff, 0xff, 0xff, 0xff,
    0xa0, 0x00, 0x00, 0x00, 0x00, 0x01, 0xcf, 0xff,
    0xff, 0xff, 0xff, 0xe2, 0x00, 0x00, 0x00, 0x00,
    0x0f, 0xff, 0xff, 0xff, 0xff, 0xa0, 0x00, 0x00,
    0x00, 0x00, 0x0c, 0xff, 0xff, 0xff, 0xff, 0xff,
    0x30, 0x00, 0x00, 0x00, 0x00, 0x0f, 0xff, 0xff,
    0xff, 0xff, 0xa0, 0x00, 0x00, 0x00, 0x00, 0xbf,
    0xff, 0xff, 0xff, 0xff, 0xf3, 0x00, 0x00, 0x00,
    0x00, 0x00, 0x0f, 0xff, 0xff, 0xff, 0xff, 0xa0,
    0x00, 0x00, 0x00, 0x0b, 0xff, 0xff, 0xff, 0xff,
    0xff, 0x40, 0x00, 0x00, 0x00, 0x00, 0x00, 0x0f,
    0xff, 0xff, 0xff, 0xff, 0xa0, 0x00, 0x00, 0x00,
    0xaf, 0xff, 0xff, 0xff, 0xff, 0xf5, 0x00, 0x00,
    0x00, 0x00, 0x00, 0x00, 0x0f, 0xff, 0xff, 0xff,
    0xff, 0xa0, 0x00, 0x00, 0x09, 0xff, 0xff, 0xff,
    0xff, 0xff, 0x60, 0x00, 0x00, 0x00, 0x00, 0x00,
    0x00, 0x0f, 0xff, 0xff, 0xff, 0xff, 0xa0, 0x00,
    0x00, 0x8f, 0xff, 0xff, 0xff, 0xff, 0xf7, 0x00,
    0x00, 0x00, 0x00, 0x00, 0x00, 0x00, 0x0f, 0xff,
    0xff, 0xff, 0xff, 0xa0, 0x00, 0x08, 0xff, 0xff,
    0xff, 0xff, 0xff, 0x90, 0x00, 0x00, 0x00, 0x00,
    0x00, 0x00, 0x00, 0x0f, 0xff, 0xff, 0xff, 0xff,
    0xa0, 0x00, 0x7f, 0xff, 0xff, 0xff, 0xff, 0xfa,
    0x00, 0x00, 0x00, 0x00, 0x00, 0x00, 0x00, 0x00,
    0x0f, 0xff, 0xff, 0xff, 0xff, 0xa0, 0x06, 0xff,
    0xff, 0xff, 0xff, 0xff, 0xb0, 0x00, 0x00, 0x00,
    0x00, 0x00, 0x00, 0x00, 0x00, 0x0f, 0xff, 0xff,
    0xff, 0xff, 0xa0, 0x5f, 0xff, 0xff, 0xff, 0xff,
    0xfb, 0x00, 0x00, 0x00, 0x00, 0x00, 0x00, 0x00,
    0x00, 0x00, 0x0f, 0xff, 0xff, 0xff, 0xff, 0xa4,
    0xff, 0xff, 0xff, 0xff, 0xff, 0xd0, 0x00, 0x00,
    0x00, 0x00, 0x00, 0x00, 0x00, 0x00, 0x00, 0x0f,
    0xff, 0xff, 0xff, 0xff, 0xdf, 0xff, 0xff, 0xff,
    0xff, 0xff, 0xf4, 0x00, 0x00, 0x00, 0x00, 0x00,
    0x00, 0x00, 0x00, 0x00, 0x0f, 0xff, 0xff, 0xff,
    0xff, 0xff, 0xff, 0xff, 0xff, 0xff, 0xff, 0xfe,
    0x20, 0x00, 0x00, 0x00, 0x00, 0x00, 0x00, 0x00,
    0x00, 0x0f, 0xff, 0xff, 0xff, 0xff, 0xff, 0xff,
    0xff, 0xff, 0xff, 0xff, 0xff, 0xc0, 0x00, 0x00,
    0x00, 0x00, 0x00, 0x00, 0x00, 0x00, 0x0f, 0xff,
    0xff, 0xff, 0xff, 0xff, 0xff, 0xff, 0xff, 0xff,
    0xff, 0xff, 0xfa, 0x00, 0x00, 0x00, 0x00, 0x00,
    0x00, 0x00, 0x00, 0x0f, 0xff, 0xff, 0xff, 0xff,
    0xff, 0xff, 0xff, 0xff, 0xff, 0xff, 0xff, 0xff,
    0x60, 0x00, 0x00, 0x00, 0x00, 0x00, 0x00, 0x00,
    0x0f, 0xff, 0xff, 0xff, 0xff, 0xff, 0xff, 0xff,
    0xff, 0xff, 0xff, 0xff, 0xff, 0xf3, 0x00, 0x00,
    0x00, 0x00, 0x00, 0x00, 0x00, 0x0f, 0xff, 0xff,
    0xff, 0xff, 0xff, 0xff, 0xff, 0xdf, 0xff, 0xff,
    0xff, 0xff, 0xfe, 0x10, 0x00, 0x00, 0x00, 0x00,
    0x00, 0x00, 0x0f, 0xff, 0xff, 0xff, 0xff, 0xff,
    0xff, 0xf4, 0x1e, 0xff, 0xff, 0xff, 0xff, 0xff,
    0xc0, 0x00, 0x00, 0x00, 0x00, 0x00, 0x00, 0x0f,
    0xff, 0xff, 0xff, 0xff, 0xff, 0xff, 0x50, 0x03,
    0xff, 0xff, 0xff, 0xff, 0xff, 0xf9, 0x00, 0x00,
    0x00, 0x00, 0x00, 0x00, 0x0f, 0xff, 0xff, 0xff,
    0xff, 0xff, 0xf6, 0x00, 0x00, 0x5f, 0xff, 0xff,
    0xff, 0xff, 0xff, 0x60, 0x00, 0x00, 0x00, 0x00,
    0x00, 0x0f, 0xff, 0xff, 0xff, 0xff, 0xff, 0x60,
    0x00, 0x00, 0x08, 0xff, 0xff, 0xff, 0xff, 0xff,
    0xf3, 0x00, 0x00, 0x00, 0x00, 0x00, 0x0f, 0xff,
    0xff, 0xff, 0xff, 0xf7, 0x00, 0x00, 0x00, 0x00,
    0xaf, 0xff, 0xff, 0xff, 0xff, 0xfe, 0x10, 0x00,
    0x00, 0x00, 0x00, 0x0f, 0xff, 0xff, 0xff, 0xff,
    0xb0, 0x00, 0x00, 0x00, 0x00, 0x0d, 0xff, 0xff,
    0xff, 0xff, 0xff, 0xb0, 0x00, 0x00, 0x00, 0x00,
    0x0f, 0xff, 0xff, 0xff, 0xff, 0xa0, 0x00, 0x00,
    0x00, 0x00, 0x02, 0xef, 0xff, 0xff, 0xff, 0xff,
    0xf8, 0x00, 0x00, 0x00, 0x00, 0x0f, 0xff, 0xff,
    0xff, 0xff, 0xa0, 0x00, 0x00, 0x00, 0x00, 0x00,
    0x4f, 0xff, 0xff, 0xff, 0xff, 0xff, 0x50, 0x00,
    0x00, 0x00, 0x0f, 0xff, 0xff, 0xff, 0xff, 0xa0,
    0x00, 0x00, 0x00, 0x00, 0x00, 0x06, 0xff, 0xff,
    0xff, 0xff, 0xff, 0xf2, 0x00, 0x00, 0x00, 0x0f,
    0xff, 0xff, 0xff, 0xff, 0xa0, 0x00, 0x00, 0x00,
    0x00, 0x00, 0x00, 0x9f, 0xff, 0xff, 0xff, 0xff,
    0xfd, 0x00, 0x00, 0x00, 0x0f, 0xff, 0xff, 0xff,
    0xff, 0xa0, 0x00, 0x00, 0x00, 0x00, 0x00, 0x00,
    0x0c, 0xff, 0xff, 0xff, 0xff, 0xff, 0xb0, 0x00,
    0x00, 0x0f, 0xff, 0xff, 0xff, 0xff, 0xa0, 0x00,
    0x00, 0x00, 0x00, 0x00, 0x00, 0x01, 0xef, 0xff,
    0xff, 0xff, 0xff, 0xf8, 0x00, 0x00, 0x0f, 0xff,
    0xff, 0xff, 0xff, 0xa0, 0x00, 0x00, 0x00, 0x00,
    0x00, 0x00, 0x00, 0x3f, 0xff, 0xff, 0xff, 0xff,
    0xff, 0x40, 0x00, 0x0f, 0xff, 0xff, 0xff, 0xff,
    0xa0, 0x00, 0x00, 0x00, 0x00, 0x00, 0x00, 0x00,
    0x05, 0xff, 0xff, 0xff, 0xff, 0xff, 0xf2, 0x00,
    0x0f, 0xff, 0xff, 0xff, 0xff, 0xa0, 0x00, 0x00,
    0x00, 0x00, 0x00, 0x00, 0x00, 0x00, 0x8f, 0xff,
    0xff, 0xff, 0xff, 0xfd, 0x00, 0x0f, 0xff, 0xff,
    0xff, 0xff, 0xa0, 0x00, 0x00, 0x00, 0x00, 0x00,
    0x00, 0x00, 0x00, 0x0a, 0xff, 0xff, 0xff, 0xff,
    0xff, 0xa0,

    /* U+004C "L" */
    0x0f, 0xff, 0xff, 0xff, 0xff, 0xb0, 0x00, 0x00,
    0x00, 0x00, 0x00, 0x00, 0x00, 0x00, 0x00, 0x00,
    0x0f, 0xff, 0xff, 0xff, 0xff, 0xb0, 0x00, 0x00,
    0x00, 0x00, 0x00, 0x00, 0x00, 0x00, 0x00, 0x00,
    0x0f, 0xff, 0xff, 0xff, 0xff, 0xb0, 0x00, 0x00,
    0x00, 0x00, 0x00, 0x00, 0x00, 0x00, 0x00, 0x00,
    0x0f, 0xff, 0xff, 0xff, 0xff, 0xb0, 0x00, 0x00,
    0x00, 0x00, 0x00, 0x00, 0x00, 0x00, 0x00, 0x00,
    0x0f, 0xff, 0xff, 0xff, 0xff, 0xb0, 0x00, 0x00,
    0x00, 0x00, 0x00, 0x00, 0x00, 0x00, 0x00, 0x00,
    0x0f, 0xff, 0xff, 0xff, 0xff, 0xb0, 0x00, 0x00,
    0x00, 0x00, 0x00, 0x00, 0x00, 0x00, 0x00, 0x00,
    0x0f, 0xff, 0xff, 0xff, 0xff, 0xb0, 0x00, 0x00,
    0x00, 0x00, 0x00, 0x00, 0x00, 0x00, 0x00, 0x00,
    0x0f, 0xff, 0xff, 0xff, 0xff, 0xb0, 0x00, 0x00,
    0x00, 0x00, 0x00, 0x00, 0x00, 0x00, 0x00, 0x00,
    0x0f, 0xff, 0xff, 0xff, 0xff, 0xb0, 0x00, 0x00,
    0x00, 0x00, 0x00, 0x00, 0x00, 0x00, 0x00, 0x00,
    0x0f, 0xff, 0xff, 0xff, 0xff, 0xb0, 0x00, 0x00,
    0x00, 0x00, 0x00, 0x00, 0x00, 0x00, 0x00, 0x00,
    0x0f, 0xff, 0xff, 0xff, 0xff, 0xb0, 0x00, 0x00,
    0x00, 0x00, 0x00, 0x00, 0x00, 0x00, 0x00, 0x00,
    0x0f, 0xff, 0xff, 0xff, 0xff, 0xb0, 0x00, 0x00,
    0x00, 0x00, 0x00, 0x00, 0x00, 0x00, 0x00, 0x00,
    0x0f, 0xff, 0xff, 0xff, 0xff, 0xb0, 0x00, 0x00,
    0x00, 0x00, 0x00, 0x00, 0x00, 0x00, 0x00, 0x00,
    0x0f, 0xff, 0xff, 0xff, 0xff, 0xb0, 0x00, 0x00,
    0x00, 0x00, 0x00, 0x00, 0x00, 0x00, 0x00, 0x00,
    0x0f, 0xff, 0xff, 0xff, 0xff, 0xb0, 0x00, 0x00,
    0x00, 0x00, 0x00, 0x00, 0x00, 0x00, 0x00, 0x00,
    0x0f, 0xff, 0xff, 0xff, 0xff, 0xb0, 0x00, 0x00,
    0x00, 0x00, 0x00, 0x00, 0x00, 0x00, 0x00, 0x00,
    0x0f, 0xff, 0xff, 0xff, 0xff, 0xb0, 0x00, 0x00,
    0x00, 0x00, 0x00, 0x00, 0x00, 0x00, 0x00, 0x00,
    0x0f, 0xff, 0xff, 0xff, 0xff, 0xb0, 0x00, 0x00,
    0x00, 0x00, 0x00, 0x00, 0x00, 0x00, 0x00, 0x00,
    0x0f, 0xff, 0xff, 0xff, 0xff, 0xb0, 0x00, 0x00,
    0x00, 0x00, 0x00, 0x00, 0x00, 0x00, 0x00, 0x00,
    0x0f, 0xff, 0xff, 0xff, 0xff, 0xb0, 0x00, 0x00,
    0x00, 0x00, 0x00, 0x00, 0x00, 0x00, 0x00, 0x00,
    0x0f, 0xff, 0xff, 0xff, 0xff, 0xb0, 0x00, 0x00,
    0x00, 0x00, 0x00, 0x00, 0x00, 0x00, 0x00, 0x00,
    0x0f, 0xff, 0xff, 0xff, 0xff, 0xb0, 0x00, 0x00,
    0x00, 0x00, 0x00, 0x00, 0x00, 0x00, 0x00, 0x00,
    0x0f, 0xff, 0xff, 0xff, 0xff, 0xb0, 0x00, 0x00,
    0x00, 0x00, 0x00, 0x00, 0x00, 0x00, 0x00, 0x00,
    0x0f, 0xff, 0xff, 0xff, 0xff, 0xb0, 0x00, 0x00,
    0x00, 0x00, 0x00, 0x00, 0x00, 0x00, 0x00, 0x00,
    0x0f, 0xff, 0xff, 0xff, 0xff, 0xb0, 0x00, 0x00,
    0x00, 0x00, 0x00, 0x00, 0x00, 0x00, 0x00, 0x00,
    0x0f, 0xff, 0xff, 0xff, 0xff, 0xb0, 0x00, 0x00,
    0x00, 0x00, 0x00, 0x00, 0x00, 0x00, 0x00, 0x00,
    0x0f, 0xff, 0xff, 0xff, 0xff, 0xb0, 0x00, 0x00,
    0x00, 0x00, 0x00, 0x00, 0x00, 0x00, 0x00, 0x00,
    0x0f, 0xff, 0xff, 0xff, 0xff, 0xb0, 0x00, 0x00,
    0x00, 0x00, 0x00, 0x00, 0x00, 0x00, 0x00, 0x00,
    0x0f, 0xff, 0xff, 0xff, 0xff, 0xb0, 0x00, 0x00,
    0x00, 0x00, 0x00, 0x00, 0x00, 0x00, 0x00, 0x00,
    0x0f, 0xff, 0xff, 0xff, 0xff, 0xb0, 0x00, 0x00,
    0x00, 0x00, 0x00, 0x00, 0x00, 0x00, 0x00, 0x00,
    0x0f, 0xff, 0xff, 0xff, 0xff, 0xb0, 0x00, 0x00,
    0x00, 0x00, 0x00, 0x00, 0x00, 0x00, 0x00, 0x00,
    0x0f, 0xff, 0xff, 0xff, 0xff, 0xb0, 0x00, 0x00,
    0x00, 0x00, 0x00, 0x00, 0x00, 0x00, 0x00, 0x00,
    0x0f, 0xff, 0xff, 0xff, 0xff, 0xb0, 0x00, 0x00,
    0x00, 0x00, 0x00, 0x00, 0x00, 0x00, 0x00, 0x00,
    0x0f, 0xff, 0xff, 0xff, 0xff, 0xb0, 0x00, 0x00,
    0x00, 0x00, 0x00, 0x00, 0x00, 0x00, 0x00, 0x00,
    0x0f, 0xff, 0xff, 0xff, 0xff, 0xff, 0xff, 0xff,
    0xff, 0xff, 0xff, 0xff, 0xff, 0xff, 0xff, 0xfc,
    0x0f, 0xff, 0xff, 0xff, 0xff, 0xff, 0xff, 0xff,
    0xff, 0xff, 0xff, 0xff, 0xff, 0xff, 0xff, 0xfc,
    0x0f, 0xff, 0xff, 0xff, 0xff, 0xff, 0xff, 0xff,
    0xff, 0xff, 0xff, 0xff, 0xff, 0xff, 0xff, 0xfc,
    0x0f, 0xff, 0xff, 0xff, 0xff, 0xff, 0xff, 0xff,
    0xff, 0xff, 0xff, 0xff, 0xff, 0xff, 0xff, 0xfc,
    0x0f, 0xff, 0xff, 0xff, 0xff, 0xff, 0xff, 0xff,
    0xff, 0xff, 0xff, 0xff, 0xff, 0xff, 0xff, 0xfc,
    0x0f, 0xff, 0xff, 0xff, 0xff, 0xff, 0xff, 0xff,
    0xff, 0xff, 0xff, 0xff, 0xff, 0xff, 0xff, 0xfc,
    0x0f, 0xff, 0xff, 0xff, 0xff, 0xff, 0xff, 0xff,
    0xff, 0xff, 0xff, 0xff, 0xff, 0xff, 0xff, 0xfc,
    0x0f, 0xff, 0xff, 0xff, 0xff, 0xff, 0xff, 0xff,
    0xff, 0xff, 0xff, 0xff, 0xff, 0xff, 0xff, 0xfc,

    /* U+004D "M" */
    0x0f, 0xff, 0xff, 0xff, 0xf5, 0x00, 0x00, 0x00,
    0x00, 0x00, 0x00, 0x00, 0x00, 0x00, 0x00, 0x00,
    0x00, 0x00, 0x00, 0x01, 0xff, 0xff, 0xff, 0xff,
    0x30, 0xff, 0xff, 0xff, 0xff, 0xe0, 0x00, 0x00,
    0x00, 0x00, 0x00, 0x00, 0x00, 0x00, 0x00, 0x00,
    0x00, 0x00, 0x00, 0x00, 0xaf, 0xff, 0xff, 0xff,
    0xf3, 0x0f, 0xff, 0xff, 0xff, 0xff, 0x80, 0x00,
    0x00, 0x00, 0x00, 0x00, 0x00, 0x00, 0x00, 0x00,
    0x00, 0x00, 0x00, 0x00, 0x4f, 0xff, 0xff, 0xff,
    0xff, 0x30, 0xff, 0xff, 0xff, 0xff, 0xff, 0x20,
    0x00, 0x00, 0x00, 0x00, 0x00, 0x00, 0x00, 0x00,
    0x00, 0x00, 0x00, 0x00, 0x0d, 0xff, 0xff, 0xff,
    0xff, 0xf3, 0x0f, 0xff, 0xff, 0xff, 0xff, 0xfb,
    0x00, 0x00, 0x00, 0x00, 0x00, 0x00, 0x00, 0x00,
    0x00, 0x00, 0x00, 0x00, 0x07, 0xff, 0xff, 0xff,
    0xff, 0xff, 0x30, 0xff, 0xff, 0xff, 0xff, 0xff,
    0xf5, 0x00, 0x00, 0x00, 0x00, 0x00, 0x00, 0x00,
    0x00, 0x00, 0x00, 0x00, 0x01, 0xff, 0xff, 0xff,
    0xff, 0xff, 0xf3, 0x0f, 0xff, 0xff, 0xff, 0xff,
    0xff, 0xe0, 0x00, 0x00, 0x00, 0x00, 0x00, 0x00,
    0x00, 0x00, 0x00, 0x00, 0x00, 0xaf, 0xff, 0xff,
    0xff, 0xff, 0xff, 0x30, 0xff, 0xff, 0xff, 0xff,
    0xff, 0xff, 0x80, 0x00, 0x00, 0x00, 0x00, 0x00,
    0x00, 0x00, 0x00, 0x00, 0x00, 0x3f, 0xff, 0xff,
    0xff, 0xff, 0xff, 0xf3, 0x0f, 0xff, 0xff, 0xff,
    0xff, 0xff, 0xff, 0x20, 0x00, 0x00, 0x00, 0x00,
    0x00, 0x00, 0x00, 0x00, 0x00, 0x0c, 0xff, 0xff,
    0xff, 0xff, 0xff, 0xff, 0x30, 0xff, 0xff, 0xff,
    0xff, 0xff, 0xff, 0xfb, 0x00, 0x00, 0x00, 0x00,
    0x00, 0x00, 0x00, 0x00, 0x00, 0x06, 0xff, 0xff,
    0xff, 0xff, 0xff, 0xff, 0xf3, 0x0f, 0xff, 0xff,
    0xff, 0xff, 0xff, 0xff, 0xf5, 0x00, 0x00, 0x00,
    0x00, 0x00, 0x00, 0x00, 0x00, 0x01, 0xef, 0xff,
    0xff, 0xff, 0xff, 0xff, 0xff, 0x30, 0xff, 0xff,
    0xff, 0xff, 0xff, 0xff, 0xff, 0xe0, 0x00, 0x00,
    0x00, 0x00, 0x00, 0x00, 0x00, 0x00, 0x9f, 0xff,
    0xff, 0xff, 0xff, 0xff, 0xff, 0xf3, 0x0f, 0xff,
    0xff, 0xff, 0xff, 0xff, 0xff, 0xff, 0x80, 0x00,
    0x00, 0x00, 0x00, 0x00, 0x00, 0x00, 0x3f, 0xff,
    0xff, 0xff, 0xff, 0xff, 0xff, 0xff, 0x30, 0xff,
    0xff, 0xff, 0xff, 0xff, 0xff, 0xff, 0xff, 0x20,
    0x00, 0x00, 0x00, 0x00, 0x00, 0x00, 0x0c, 0xff,
    0xff, 0xff, 0xff, 0xff, 0xff, 0xff, 0xf3, 0x0f,
    0xff, 0xff, 0xff, 0xff, 0xff, 0xff, 0xff, 0xfb,
    0x00, 0x00, 0x00, 0x00, 0x00, 0x00, 0x06, 0xff,
    0xff, 0xff, 0xff, 0xff, 0xff, 0xff, 0xff, 0x30,
    0xff, 0xff, 0xff, 0xff, 0xff, 0xff, 0xff, 0xff,
    0xf5, 0x00, 0x00, 0x00, 0x00, 0x00, 0x00, 0xef,
    0xff, 0xff, 0xff, 0xff, 0xff, 0xff, 0xff, 0xf3,
    0x0f, 0xff, 0xff, 0xff, 0xff, 0xff, 0xff, 0xff,
    0xff, 0xe0, 0x00, 0x00, 0x00, 0x00, 0x00, 0x9f,
    0xff, 0xff, 0xff, 0xff, 0xff, 0xff, 0xff, 0xff,
    0x30, 0xff, 0xff, 0xff, 0xff, 0xfd, 0xff, 0xff,
    0xff, 0xff, 0x80, 0x00, 0x00, 0x00, 0x00, 0x2f,
    0xff, 0xff, 0xff, 0xfc, 0xdf, 0xff, 0xff, 0xff,
    0xf3, 0x0f, 0xff, 0xff, 0xff, 0xff, 0x4f, 0xff,
    0xff, 0xff, 0xff, 0x20, 0x00, 0x00, 0x00, 0x0c,
    0xff, 0xff, 0xff, 0xff, 0x2d, 0xff, 0xff, 0xff,
    0xff, 0x30, 0xff, 0xff, 0xff, 0xff, 0xf1, 0x8f,
    0xff, 0xff, 0xff, 0xfc, 0x00, 0x00, 0x00, 0x05,
    0xff, 0xff, 0xff, 0xff, 0x90, 0xdf, 0xff, 0xff,
    0xff, 0xf4, 0x0f, 0xff, 0xff, 0xff, 0xff, 0x10,
    0xef, 0xff, 0xff, 0xff, 0xf5, 0x00, 0x00, 0x00,
    0xef, 0xff, 0xff, 0xff, 0xe0, 0x0d, 0xff, 0xff,
    0xff, 0xff, 0x40, 0xff, 0xff, 0xff, 0xff, 0xf1,
    0x05, 0xff, 0xff, 0xff, 0xff, 0xe0, 0x00, 0x00,
    0x8f, 0xff, 0xff, 0xff, 0xf5, 0x00, 0xdf, 0xff,
    0xff, 0xff, 0xf4, 0x0f, 0xff, 0xff, 0xff, 0xff,
    0x10, 0x0b, 0xff, 0xff, 0xff, 0xff, 0x80, 0x00,
    0x2f, 0xff, 0xff, 0xff, 0xfc, 0x00, 0x0d, 0xff,
    0xff, 0xff, 0xff, 0x40, 0xff, 0xff, 0xff, 0xff,
    0xf1, 0x00, 0x2f, 0xff, 0xff, 0xff, 0xff, 0x20,
    0x0b, 0xff, 0xff, 0xff, 0xff, 0x30, 0x00, 0xdf,
    0xff, 0xff, 0xff, 0xf4, 0x0f, 0xff, 0xff, 0xff,
    0xff, 0x10, 0x00, 0x8f, 0xff, 0xff, 0xff, 0xfc,
    0x05, 0xff, 0xff, 0xff, 0xff, 0x90, 0x00, 0x0d,
    0xff, 0xff, 0xff, 0xff, 0x40, 0xff, 0xff, 0xff,
    0xff, 0xf1, 0x00, 0x00, 0xef, 0xff, 0xff, 0xff,
    0xf6, 0xdf, 0xff, 0xff, 0xff, 0xe1, 0x00, 0x00,
    0xdf, 0xff, 0xff, 0xff, 0xf4, 0x0f, 0xff, 0xff,
    0xff, 0xff, 0x10, 0x00, 0x04, 0xff, 0xff, 0xff,
    0xff, 0xff, 0xff, 0xff, 0xff, 0xf6, 0x00, 0x00,
    0x0d, 0xff, 0xff, 0xff, 0xff, 0x40, 0xff, 0xff,
    0xff, 0xff, 0xf1, 0x00, 0x00, 0x0b, 0xff, 0xff,
    0xff, 0xff, 0xff, 0xff, 0xff, 0xfc, 0x00, 0x00,
    0x00, 0xdf, 0xff, 0xff, 0xff, 0xf4, 0x0f, 0xff,
    0xff, 0xff, 0xff, 0x10, 0x00, 0x00, 0x2f, 0xff,
    0xff, 0xff, 0xff, 0xff, 0xff, 0xff, 0x30, 0x00,
    0x00, 0x0d, 0xff, 0xff, 0xff, 0xff, 0x40, 0xff,
    0xff, 0xff, 0xff, 0xf1, 0x00, 0x00, 0x00, 0x7f,
    0xff, 0xff, 0xff, 0xff, 0xff, 0xff, 0x90, 0x00,
    0x00, 0x00, 0xdf, 0xff, 0xff, 0xff, 0xf4, 0x0f,
    0xff, 0xff, 0xff, 0xff, 0x10, 0x00, 0x00, 0x00,
    0xdf, 0xff, 0xff, 0xff, 0xff, 0xff, 0xe1, 0x00,
    0x00, 0x00, 0x0d, 0xff, 0xff, 0xff, 0xff, 0x40,
    0xff, 0xff, 0xff, 0xff, 0xf1, 0x00, 0x00, 0x00,
    0x04, 0xff, 0xff, 0xff, 0xff, 0xff, 0xf6, 0x00,
    0x00, 0x00, 0x00, 0xdf, 0xff, 0xff, 0xff, 0xf4,
    0x0f, 0xff, 0xff, 0xff, 0xff, 0x10, 0x00, 0x00,
    0x00, 0x0a, 0xff, 0xff, 0xff, 0xff, 0xfc, 0x00,
    0x00, 0x00, 0x00, 0x0d, 0xff, 0xff, 0xff, 0xff,
    0x40, 0xff, 0xff, 0xff, 0xff, 0xf1, 0x00, 0x00,
    0x00, 0x00, 0x1f, 0xff, 0xff, 0xff, 0xff, 0x30,
    0x00, 0x00, 0x00, 0x00, 0xdf, 0xff, 0xff, 0xff,
    0xf4, 0x0f, 0xff, 0xff, 0xff, 0xff, 0x10, 0x00,
    0x00, 0x00, 0x00, 0x7f, 0xff, 0xff, 0xff, 0x90,
    0x00, 0x00, 0x00, 0x00, 0x0d, 0xff, 0xff, 0xff,
    0xff, 0x40, 0xff, 0xff, 0xff, 0xff, 0xf1, 0x00,
    0x00, 0x00, 0x00, 0x00, 0xdf, 0xff, 0xff, 0xe1,
    0x00, 0x00, 0x00, 0x00, 0x00, 0xdf, 0xff, 0xff,
    0xff, 0xf4, 0x0f, 0xff, 0xff, 0xff, 0xff, 0x10,
    0x00, 0x00, 0x00, 0x00, 0x03, 0xff, 0xff, 0xf6,
    0x00, 0x00, 0x00, 0x00, 0x00, 0x0d, 0xff, 0xff,
    0xff, 0xff, 0x40, 0xff, 0xff, 0xff, 0xff, 0xf1,
    0x00, 0x00, 0x00, 0x00, 0x00, 0x06, 0x99, 0x98,
    0x00, 0x00, 0x00, 0x00, 0x00, 0x00, 0xcf, 0xff,
    0xff, 0xff, 0xf4, 0x0f, 0xff, 0xff, 0xff, 0xff,
    0x10, 0x00, 0x00, 0x00, 0x00, 0x00, 0x00, 0x00,
    0x00, 0x00, 0x00, 0x00, 0x00, 0x00, 0x0c, 0xff,
    0xff, 0xff, 0xff, 0x40, 0xff, 0xff, 0xff, 0xff,
    0xf1, 0x00, 0x00, 0x00, 0x00, 0x00, 0x00, 0x00,
    0x00, 0x00, 0x00, 0x00, 0x00, 0x00, 0x00, 0xcf,
    0xff, 0xff, 0xff, 0xf4, 0x0f, 0xff, 0xff, 0xff,
    0xff, 0x10, 0x00, 0x00, 0x00, 0x00, 0x00, 0x00,
    0x00, 0x00, 0x00, 0x00, 0x00, 0x00, 0x00, 0x0c,
    0xff, 0xff, 0xff, 0xff, 0x40, 0xff, 0xff, 0xff,
    0xff, 0xf1, 0x00, 0x00, 0x00, 0x00, 0x00, 0x00,
    0x00, 0x00, 0x00, 0x00, 0x00, 0x00, 0x00, 0x00,
    0xcf, 0xff, 0xff, 0xff, 0xf4,

    /* U+004E "N" */
    0x0f, 0xff, 0xff, 0xff, 0xf6, 0x00, 0x00, 0x00,
    0x00, 0x00, 0x00, 0x00, 0x00, 0x00, 0x01, 0xff,
    0xff, 0xff, 0xff, 0xf8, 0x0f, 0xff, 0xff, 0xff,
    0xff, 0x40, 0x00, 0x00, 0x00, 0x00, 0x00, 0x00,
    0x00, 0x00, 0x01, 0xff, 0xff, 0xff, 0xff, 0xf8,
    0x0f, 0xff, 0xff, 0xff, 0xff, 0xe2, 0x00, 0x00,
    0x00, 0x00, 0x00, 0x00, 0x00, 0x00, 0x01, 0xff,
    0xff, 0xff, 0xff, 0xf8, 0x0f, 0xff, 0xff, 0xff,
    0xff, 0xfd, 0x00, 0x00, 0x00, 0x00, 0x00, 0x00,
    0x00, 0x00, 0x01, 0xff, 0xff, 0xff, 0xff, 0xf8,
    0x0f, 0xff, 0xff, 0xff, 0xff, 0xff, 0xa0, 0x00,
    0x00, 0x00, 0x00, 0x00, 0x00, 0x00, 0x01, 0xff,
    0xff, 0xff, 0xff, 0xf8, 0x0f, 0xff, 0xff, 0xff,
    0xff, 0xff, 0xf8, 0x00, 0x00, 0x00, 0x00, 0x00,
    0x00, 0x00, 0x01, 0xff, 0xff, 0xff, 0xff, 0xf8,
    0x0f, 0xff, 0xff, 0xff, 0xff, 0xff, 0xff, 0x50,
    0x00, 0x00, 0x00, 0x00, 0x00, 0x00, 0x01, 0xff,
    0xff, 0xff, 0xff, 0xf8, 0x0f, 0xff, 0xff, 0xff,
    0xff, 0xff, 0xff, 0xf2, 0x00, 0x00, 0x00, 0x00,
    0x00, 0x00, 0x01, 0xff, 0xff, 0xff, 0xff, 0xf8,
    0x0f, 0xff, 0xff, 0xff, 0xff, 0xff, 0xff, 0xfe,
    0x10, 0x00, 0x00, 0x00, 0x00, 0x00, 0x01, 0xff,
    0xff, 0xff, 0xff, 0xf8, 0x0f, 0xff, 0xff, 0xff,
    0xff, 0xff, 0xff, 0xff, 0xc0, 0x00, 0x00, 0x00,
    0x00, 0x00, 0x01, 0xff, 0xff, 0xff, 0xff, 0xf8,
    0x0f, 0xff, 0xff, 0xff, 0xff, 0xff, 0xff, 0xff,
    0xf9, 0x00, 0x00, 0x00, 0x00, 0x00, 0x01, 0xff,
    0xff, 0xff, 0xff, 0xf8, 0x0f, 0xff, 0xff, 0xff,
    0xff, 0xff, 0xff, 0xff, 0xff, 0x60, 0x00, 0x00,
    0x00, 0x00, 0x01, 0xff, 0xff, 0xff, 0xff, 0xf8,
    0x0f, 0xff, 0xff, 0xff, 0xff, 0xff, 0xff, 0xff,
    0xff, 0xf3, 0x00, 0x00, 0x00, 0x00, 0x01, 0xff,
    0xff, 0xff, 0xff, 0xf8, 0x0f, 0xff, 0xff, 0xff,
    0xff, 0xff, 0xff, 0xff, 0xff, 0xfe, 0x20, 0x00,
    0x00, 0x00, 0x01, 0xff, 0xff, 0xff, 0xff, 0xf8,
    0x0f, 0xff, 0xff, 0xff, 0xff, 0xff, 0xff, 0xff,
    0xff, 0xff, 0xd0, 0x00, 0x00, 0x00, 0x01, 0xff,
    0xff, 0xff, 0xff, 0xf8, 0x0f, 0xff, 0xff, 0xff,
    0xff, 0xff, 0xff, 0xff, 0xff, 0xff, 0xfa, 0x00,
    0x00, 0x00, 0x01, 0xff, 0xff, 0xff, 0xff, 0xf8,
    0x0f, 0xff, 0xff, 0xff, 0xff, 0xdf, 0xff, 0xff,
    0xff, 0xff, 0xff, 0x70, 0x00, 0x00, 0x01, 0xff,
    0xff, 0xff, 0xff, 0xf8, 0x0f, 0xff, 0xff, 0xff,
    0xff, 0x98, 0xff, 0xff, 0xff, 0xff, 0xff, 0xf5,
    0x00, 0x00, 0x01, 0xff, 0xff, 0xff, 0xff, 0xf8,
    0x0f, 0xff, 0xff, 0xff, 0xff, 0x90, 0xbf, 0xff,
    0xff, 0xff, 0xff, 0xff, 0x20, 0x00, 0x01, 0xff,
    0xff, 0xff, 0xff, 0xf8, 0x0f, 0xff, 0xff, 0xff,
    0xff, 0x90, 0x1d, 0xff, 0xff, 0xff, 0xff, 0xff,
    0xd1, 0x00, 0x01, 0xff, 0xff, 0xff, 0xff, 0xf8,
    0x0f, 0xff, 0xff, 0xff, 0xff, 0x90, 0x02, 0xff,
    0xff, 0xff, 0xff, 0xff, 0xfb, 0x00, 0x01, 0xff,
    0xff, 0xff, 0xff, 0xf8, 0x0f, 0xff, 0xff, 0xff,
    0xff, 0x90, 0x00, 0x4f, 0xff, 0xff, 0xff, 0xff,
    0xff, 0x90, 0x01, 0xff, 0xff, 0xff, 0xff, 0xf8,
    0x0f, 0xff, 0xff, 0xff, 0xff, 0x90, 0x00, 0x07,
    0xff, 0xff, 0xff, 0xff, 0xff, 0xf6, 0x01, 0xff,
    0xff, 0xff, 0xff, 0xf8, 0x0f, 0xff, 0xff, 0xff,
    0xff, 0x90, 0x00, 0x00, 0xaf, 0xff, 0xff, 0xff,
    0xff, 0xff, 0x31, 0xff, 0xff, 0xff, 0xff, 0xf8,
    0x0f, 0xff, 0xff, 0xff, 0xff, 0x90, 0x00, 0x00,
    0x0c, 0xff, 0xff, 0xff, 0xff, 0xff, 0xe3, 0xff,
    0xff, 0xff, 0xff, 0xf8, 0x0f, 0xff, 0xff, 0xff,
    0xff, 0x90, 0x00, 0x00, 0x01, 0xef, 0xff, 0xff,
    0xff, 0xff, 0xfd, 0xff, 0xff, 0xff, 0xff, 0xf8,
    0x0f, 0xff, 0xff, 0xff, 0xff, 0x90, 0x00, 0x00,
    0x00, 0x3f, 0xff, 0xff, 0xff, 0xff, 0xff, 0xff,
    0xff, 0xff, 0xff, 0xf8, 0x0f, 0xff, 0xff, 0xff,
    0xff, 0x90, 0x00, 0x00, 0x00, 0x05, 0xff, 0xff,
    0xff, 0xff, 0xff, 0xff, 0xff, 0xff, 0xff, 0xf8,
    0x0f, 0xff, 0xff, 0xff, 0xff, 0x90, 0x00, 0x00,
    0x00, 0x00, 0x8f, 0xff, 0xff, 0xff, 0xff, 0xff,
    0xff, 0xff, 0xff, 0xf8, 0x0f, 0xff, 0xff, 0xff,
    0xff, 0x90, 0x00, 0x00, 0x00, 0x00, 0x0b, 0xff,
    0xff, 0xff, 0xff, 0xff, 0xff, 0xff, 0xff, 0xf8,
    0x0f, 0xff, 0xff, 0xff, 0xff, 0x90, 0x00, 0x00,
    0x00, 0x00, 0x00, 0xdf, 0xff, 0xff, 0xff, 0xff,
    0xff, 0xff, 0xff, 0xf8, 0x0f, 0xff, 0xff, 0xff,
    0xff, 0x90, 0x00, 0x00, 0x00, 0x00, 0x00, 0x2e,
    0xff, 0xff, 0xff, 0xff, 0xff, 0xff, 0xff, 0xf8,
    0x0f, 0xff, 0xff, 0xff, 0xff, 0x90, 0x00, 0x00,
    0x00, 0x00, 0x00, 0x04, 0xff, 0xff, 0xff, 0xff,
    0xff, 0xff, 0xff, 0xf8, 0x0f, 0xff, 0xff, 0xff,
    0xff, 0x90, 0x00, 0x00, 0x00, 0x00, 0x00, 0x00,
    0x7f, 0xff, 0xff, 0xff, 0xff, 0xff, 0xff, 0xf8,
    0x0f, 0xff, 0xff, 0xff, 0xff, 0x90, 0x00, 0x00,
    0x00, 0x00, 0x00, 0x00, 0x0a, 0xff, 0xff, 0xff,
    0xff, 0xff, 0xff, 0xf8, 0x0f, 0xff, 0xff, 0xff,
    0xff, 0x90, 0x00, 0x00, 0x00, 0x00, 0x00, 0x00,
    0x00, 0xcf, 0xff, 0xff, 0xff, 0xff, 0xff, 0xf8,
    0x0f, 0xff, 0xff, 0xff, 0xff, 0x90, 0x00, 0x00,
    0x00, 0x00, 0x00, 0x00, 0x00, 0x1e, 0xff, 0xff,
    0xff, 0xff, 0xff, 0xf8, 0x0f, 0xff, 0xff, 0xff,
    0xff, 0x90, 0x00, 0x00, 0x00, 0x00, 0x00, 0x00,
    0x00, 0x03, 0xff, 0xff, 0xff, 0xff, 0xff, 0xf8,
    0x0f, 0xff, 0xff, 0xff, 0xff, 0x90, 0x00, 0x00,
    0x00, 0x00, 0x00, 0x00, 0x00, 0x00, 0x5f, 0xff,
    0xff, 0xff, 0xff, 0xf8, 0x0f, 0xff, 0xff, 0xff,
    0xff, 0x90, 0x00, 0x00, 0x00, 0x00, 0x00, 0x00,
    0x00, 0x00, 0x08, 0xff, 0xff, 0xff, 0xff, 0xf8,
    0x0f, 0xff, 0xff, 0xff, 0xff, 0x90, 0x00, 0x00,
    0x00, 0x00, 0x00, 0x00, 0x00, 0x00, 0x00, 0xbf,
    0xff, 0xff, 0xff, 0xf8, 0x0f, 0xff, 0xff, 0xff,
    0xff, 0x90, 0x00, 0x00, 0x00, 0x00, 0x00, 0x00,
    0x00, 0x00, 0x00, 0x0d, 0xff, 0xff, 0xff, 0xf8,

    /* U+004F "O" */
    0x00, 0x00, 0x00, 0x00, 0x00, 0x00, 0x00, 0x00,
    0x00, 0x13, 0x56, 0x77, 0x76, 0x42, 0x00, 0x00,
    0x00, 0x00, 0x00, 0x00, 0x00, 0x00, 0x00, 0x00,
    0x00, 0x00, 0x00, 0x00, 0x00, 0x00, 0x00, 0x5a,
    0xdf, 0xff, 0xff, 0xff, 0xff, 0xff, 0xc8, 0x30,
    0x00, 0x00, 0x00, 0x00, 0x00, 0x00, 0x00, 0x00,
    0x00, 0x00, 0x00, 0x00, 0x00, 0x29, 0xff, 0xff,
    0xff, 0xff, 0xff, 0xff, 0xff, 0xff, 0xff, 0xd7,
    0x00, 0x00, 0x00, 0x00, 0x00, 0x00, 0x00, 0x00,
    0x00, 0x00, 0x00, 0x02, 0xaf, 0xff, 0xff, 0xff,
    0xff, 0xff, 0xff, 0xff, 0xff, 0xff, 0xff, 0xfe,
    0x70, 0x00, 0x00, 0x00, 0x00, 0x00, 0x00, 0x00,
    0x00, 0x00, 0x07, 0xff, 0xff, 0xff, 0xff, 0xff,
    0xff, 0xff, 0xff, 0xff, 0xff, 0xff, 0xff, 0xff,
    0xd3, 0x00, 0x00, 0x00, 0x00, 0x00, 0x00, 0x00,
    0x00, 0x1b, 0xff, 0xff, 0xff, 0xff, 0xff, 0xff,
    0xff, 0xff, 0xff, 0xff, 0xff, 0xff, 0xff, 0xff,
    0xf7, 0x00, 0x00, 0x00, 0x00, 0x00, 0x00, 0x00,
    0x1d, 0xff, 0xff, 0xff, 0xff, 0xff, 0xff, 0xff,
    0xff, 0xff, 0xff, 0xff, 0xff, 0xff, 0xff, 0xff,
    0xf9, 0x00, 0x00, 0x00, 0x00, 0x00, 0x00, 0x1d,
    0xff, 0xff, 0xff, 0xff, 0xff, 0xff, 0xff, 0xff,
    0xff, 0xff, 0xff, 0xff, 0xff, 0xff, 0xff, 0xff,
    0xfa, 0x00, 0x00, 0x00, 0x00, 0x00, 0x0d, 0xff,
    0xff, 0xff, 0xff, 0xff, 0xff, 0xff, 0xff, 0xed,
    0xef, 0xff, 0xff, 0xff, 0xff, 0xff, 0xff, 0xff,
    0xf8, 0x00, 0x00, 0x00, 0x00, 0x0a, 0xff, 0xff,
    0xff, 0xff, 0xff, 0xff, 0xfa, 0x52, 0x00, 0x00,
    0x03, 0x7d, 0xff, 0xff, 0xff, 0xff, 0xff, 0xff,
    0xf5, 0x00, 0x00, 0x00, 0x05, 0xff, 0xff, 0xff,
    0xff, 0xff, 0xff, 0xa2, 0x00, 0x00, 0x00, 0x00,
    0x00, 0x04, 0xdf, 0xff, 0xff, 0xff, 0xff, 0xff,
    0xe1, 0x00, 0x00, 0x00, 0xef, 0xff, 0xff, 0xff,
    0xff, 0xfe, 0x40, 0x00, 0x00, 0x00, 0x00, 0x00,
    0x00, 0x00, 0x8f, 0xff, 0xff, 0xff, 0xff, 0xff,
    0x90, 0x00, 0x00, 0x7f, 0xff, 0xff, 0xff, 0xff,
    0xfe, 0x20, 0x00, 0x00, 0x00, 0x00, 0x00, 0x00,
    0x00, 0x00, 0x6f, 0xff, 0xff, 0xff, 0xff, 0xff,
    0x20, 0x00, 0x0e, 0xff, 0xff, 0xff, 0xff, 0xff,
    0x20, 0x00, 0x00, 0x00, 0x00, 0x00, 0x00, 0x00,
    0x00, 0x00, 0x7f, 0xff, 0xff, 0xff, 0xff, 0xf9,
    0x00, 0x05, 0xff, 0xff, 0xff, 0xff, 0xff, 0x50,
    0x00, 0x00, 0x00, 0x00, 0x00, 0x00, 0x00, 0x00,
    0x00, 0x00, 0xbf, 0xff, 0xff, 0xff, 0xff, 0xf0,
    0x00, 0xbf, 0xff, 0xff, 0xff, 0xff, 0xc0, 0x00,
    0x00, 0x00, 0x00, 0x00, 0x00, 0x00, 0x00, 0x00,
    0x00, 0x02, 0xff, 0xff, 0xff, 0xff, 0xff, 0x50,
    0x0f, 0xff, 0xff, 0xff, 0xff, 0xf4, 0x00, 0x00,
    0x00, 0x00, 0x00, 0x00, 0x00, 0x00, 0x00, 0x00,
    0x00, 0x0a, 0xff, 0xff, 0xff, 0xff, 0xf9, 0x03,
    0xff, 0xff, 0xff, 0xff, 0xfe, 0x00, 0x00, 0x00,
    0x00, 0x00, 0x00, 0x00, 0x00, 0x00, 0x00, 0x00,
    0x00, 0x4f, 0xff, 0xff, 0xff, 0xff, 0xd0, 0x5f,
    0xff, 0xff, 0xff, 0xff, 0x90, 0x00, 0x00, 0x00,
    0x00, 0x00, 0x00, 0x00, 0x00, 0x00, 0x00, 0x00,
    0x00, 0xff, 0xff, 0xff, 0xff, 0xff, 0x08, 0xff,
    0xff, 0xff, 0xff, 0xf6, 0x00, 0x00, 0x00, 0x00,
    0x00, 0x00, 0x00, 0x00, 0x00, 0x00, 0x00, 0x00,
    0x0c, 0xff, 0xff, 0xff, 0xff, 0xf2, 0x9f, 0xff,
    0xff, 0xff, 0xff, 0x40, 0x00, 0x00, 0x00, 0x00,
    0x00, 0x00, 0x00, 0x00, 0x00, 0x00, 0x00, 0x00,
    0xaf, 0xff, 0xff, 0xff, 0xff, 0x3a, 0xff, 0xff,
    0xff, 0xff, 0xf3, 0x00, 0x00, 0x00, 0x00, 0x00,
    0x00, 0x00, 0x00, 0x00, 0x00, 0x00, 0x00, 0x09,
    0xff, 0xff, 0xff, 0xff, 0xf4, 0xaf, 0xff, 0xff,
    0xff, 0xff, 0x30, 0x00, 0x00, 0x00, 0x00, 0x00,
    0x00, 0x00, 0x00, 0x00, 0x00, 0x00, 0x00, 0x9f,
    0xff, 0xff, 0xff, 0xff, 0x49, 0xff, 0xff, 0xff,
    0xff, 0xf4, 0x00, 0x00, 0x00, 0x00, 0x00, 0x00,
    0x00, 0x00, 0x00, 0x00, 0x00, 0x00, 0x0a, 0xff,
    0xff, 0xff, 0xff, 0xf3, 0x8f, 0xff, 0xff, 0xff,
    0xff, 0x60, 0x00, 0x00, 0x00, 0x00, 0x00, 0x00,
    0x00, 0x00, 0x00, 0x00, 0x00, 0x00, 0xcf, 0xff,
    0xff, 0xff, 0xff, 0x25, 0xff, 0xff, 0xff, 0xff,
    0xf9, 0x00, 0x00, 0x00, 0x00, 0x00, 0x00, 0x00,
    0x00, 0x00, 0x00, 0x00, 0x00, 0x0f, 0xff, 0xff,
    0xff, 0xff, 0xf0, 0x3f, 0xff, 0xff, 0xff, 0xff,
    0xe0, 0x00, 0x00, 0x00, 0x00, 0x00, 0x00, 0x00,
    0x00, 0x00, 0x00, 0x00, 0x04, 0xff, 0xff, 0xff,
    0xff, 0xfd, 0x00, 0xff, 0xff, 0xff, 0xff, 0xff,
    0x40, 0x00, 0x00, 0x00, 0x00, 0x00, 0x00, 0x00,
    0x00, 0x00, 0x00, 0x00, 0x9f, 0xff, 0xff, 0xff,
    0xff, 0x90, 0x0b, 0xff, 0xff, 0xff, 0xff, 0xfb,
    0x00, 0x00, 0x00, 0x00, 0x00, 0x00, 0x00, 0x00,
    0x00, 0x00, 0x00, 0x2f, 0xff, 0xff, 0xff, 0xff,
    0xf5, 0x00, 0x5f, 0xff, 0xff, 0xff, 0xff, 0xf5,
    0x00, 0x00, 0x00, 0x00, 0x00, 0x00, 0x00, 0x00,
    0x00, 0x00, 0x0b, 0xff, 0xff, 0xff, 0xff, 0xff,
    0x00, 0x00, 0xef, 0xff, 0xff, 0xff, 0xff, 0xe2,
    0x00, 0x00, 0x00, 0x00, 0x00, 0x00, 0x00, 0x00,
    0x00, 0x07, 0xff, 0xff, 0xff, 0xff, 0xff, 0x90,
    0x00, 0x07, 0xff, 0xff, 0xff, 0xff, 0xff, 0xd2,
    0x00, 0x00, 0x00, 0x00, 0x00, 0x00, 0x00, 0x00,
    0x05, 0xff, 0xff, 0xff, 0xff, 0xff, 0xf2, 0x00,
    0x00, 0x0e, 0xff, 0xff, 0xff, 0xff, 0xff, 0xe3,
    0x00, 0x00, 0x00, 0x00, 0x00, 0x00, 0x00, 0x08,
    0xff, 0xff, 0xff, 0xff, 0xff, 0xf9, 0x00, 0x00,
    0x00, 0x5f, 0xff, 0xff, 0xff, 0xff, 0xff, 0xf9,
    0x10, 0x00, 0x00, 0x00, 0x00, 0x00, 0x4c, 0xff,
    0xff, 0xff, 0xff, 0xff, 0xfe, 0x10, 0x00, 0x00,
    0x00, 0xaf, 0xff, 0xff, 0xff, 0xff, 0xff, 0xff,
    0xa5, 0x10, 0x00, 0x00, 0x27, 0xcf, 0xff, 0xff,
    0xff, 0xff, 0xff, 0xff, 0x50, 0x00, 0x00, 0x00,
    0x00, 0xdf, 0xff, 0xff, 0xff, 0xff, 0xff, 0xff,
    0xff, 0xfd, 0xde, 0xff, 0xff, 0xff, 0xff, 0xff,
    0xff, 0xff, 0xff, 0x80, 0x00, 0x00, 0x00, 0x00,
    0x01, 0xef, 0xff, 0xff, 0xff, 0xff, 0xff, 0xff,
    0xff, 0xff, 0xff, 0xff, 0xff, 0xff, 0xff, 0xff,
    0xff, 0xff, 0xa0, 0x00, 0x00, 0x00, 0x00, 0x00,
    0x02, 0xdf, 0xff, 0xff, 0xff, 0xff, 0xff, 0xff,
    0xff, 0xff, 0xff, 0xff, 0xff, 0xff, 0xff, 0xff,
    0xff, 0xa0, 0x00, 0x00, 0x00, 0x00, 0x00, 0x00,
    0x01, 0xbf, 0xff, 0xff, 0xff, 0xff, 0xff, 0xff,
    0xff, 0xff, 0xff, 0xff, 0xff, 0xff, 0xff, 0xff,
    0x70, 0x00, 0x00, 0x00, 0x00, 0x00, 0x00, 0x00,
    0x00, 0x7f, 0xff, 0xff, 0xff, 0xff, 0xff, 0xff,
    0xff, 0xff, 0xff, 0xff, 0xff, 0xff, 0xfd, 0x30,
    0x00, 0x00, 0x00, 0x00, 0x00, 0x00, 0x00, 0x00,
    0x00, 0x2a, 0xff, 0xff, 0xff, 0xff, 0xff, 0xff,
    0xff, 0xff, 0xff, 0xff, 0xff, 0xf7, 0x00, 0x00,
    0x00, 0x00, 0x00, 0x00, 0x00, 0x00, 0x00, 0x00,
    0x00, 0x02, 0x9f, 0xff, 0xff, 0xff, 0xff, 0xff,
    0xff, 0xff, 0xff, 0xfe, 0x71, 0x00, 0x00, 0x00,
    0x00, 0x00, 0x00, 0x00, 0x00, 0x00, 0x00, 0x00,
    0x00, 0x00, 0x05, 0xad, 0xff, 0xff, 0xff, 0xff,
    0xff, 0xfc, 0x83, 0x00, 0x00, 0x00, 0x00, 0x00,
    0x00, 0x00, 0x00, 0x00, 0x00, 0x00, 0x00, 0x00,
    0x00, 0x00, 0x00, 0x01, 0x35, 0x67, 0x77, 0x64,
    0x20, 0x00, 0x00, 0x00, 0x00, 0x00, 0x00, 0x00,
    0x00, 0x00,

    /* U+0050 "P" */
    0x0f, 0xff, 0xff, 0xff, 0xff, 0xff, 0xff, 0xff,
    0xff, 0xff, 0xfe, 0xca, 0x84, 0x00, 0x00, 0x00,
    0x00, 0x00, 0x00, 0x0f, 0xff, 0xff, 0xff, 0xff,
    0xff, 0xff, 0xff, 0xff, 0xff, 0xff, 0xff, 0xff,
    0xfa, 0x40, 0x00, 0x00, 0x00, 0x00, 0x0f, 0xff,
    0xff, 0xff, 0xff, 0xff, 0xff, 0xff, 0xff, 0xff,
    0xff, 0xff, 0xff, 0xff, 0xfd, 0x50, 0x00, 0x00,
    0x00, 0x0f, 0xff, 0xff, 0xff, 0xff, 0xff, 0xff,
    0xff, 0xff, 0xff, 0xff, 0xff, 0xff, 0xff, 0xff,
    0xfa, 0x10, 0x00, 0x00, 0x0f, 0xff, 0xff, 0xff,
    0xff, 0xff, 0xff, 0xff, 0xff, 0xff, 0xff, 0xff,
    0xff, 0xff, 0xff, 0xff, 0xd2, 0x00, 0x00, 0x0f,
    0xff, 0xff, 0xff, 0xff, 0xff, 0xff, 0xff, 0xff,
    0xff, 0xff, 0xff, 0xff, 0xff, 0xff, 0xff, 0xfe,
    0x10, 0x00, 0x0f, 0xff, 0xff, 0xff, 0xff, 0xff,
    0xff, 0xff, 0xff, 0xff, 0xff, 0xff, 0xff, 0xff,
    0xff, 0xff, 0xff, 0xc0, 0x00, 0x0f, 0xff, 0xff,
    0xff, 0xff, 0xff, 0xff, 0xff, 0xff, 0xff, 0xff,
    0xff, 0xff, 0xff, 0xff, 0xff, 0xff, 0xf7, 0x00,
    0x0f, 0xff, 0xff, 0xff, 0xff, 0xb0, 0x00, 0x00,
    0x00, 0x00, 0x13, 0x7c, 0xff, 0xff, 0xff, 0xff,
    0xff, 0xfe, 0x10, 0x0f, 0xff, 0xff, 0xff, 0xff,
    0xb0, 0x00, 0x00, 0x00, 0x00, 0x00, 0x00, 0x4e,
    0xff, 0xff, 0xff, 0xff, 0xff, 0x60, 0x0f, 0xff,
    0xff, 0xff, 0xff, 0xb0, 0x00, 0x00, 0x00, 0x00,
    0x00, 0x00, 0x02, 0xef, 0xff, 0xff, 0xff, 0xff,
    0xc0, 0x0f, 0xff, 0xff, 0xff, 0xff, 0xb0, 0x00,
    0x00, 0x00, 0x00, 0x00, 0x00, 0x00, 0x5f, 0xff,
    0xff, 0xff, 0xff, 0xf0, 0x0f, 0xff, 0xff, 0xff,
    0xff, 0xb0, 0x00, 0x00, 0x00, 0x00, 0x00, 0x00,
    0x00, 0x0d, 0xff, 0xff, 0xff, 0xff, 0xf3, 0x0f,
    0xff, 0xff, 0xff, 0xff, 0xb0, 0x00, 0x00, 0x00,
    0x00, 0x00, 0x00, 0x00, 0x09, 0xff, 0xff, 0xff,
    0xff, 0xf4, 0x0f, 0xff, 0xff, 0xff, 0xff, 0xb0,
    0x00, 0x00, 0x00, 0x00, 0x00, 0x00, 0x00, 0x07,
    0xff, 0xff, 0xff, 0xff, 0xf5, 0x0f, 0xff, 0xff,
    0xff, 0xff, 0xb0, 0x00, 0x00, 0x00, 0x00, 0x00,
    0x00, 0x00, 0x07, 0xff, 0xff, 0xff, 0xff, 0xf6,
    0x0f, 0xff, 0xff, 0xff, 0xff, 0xb0, 0x00, 0x00,
    0x00, 0x00, 0x00, 0x00, 0x00, 0x09, 0xff, 0xff,
    0xff, 0xff, 0xf5, 0x0f, 0xff, 0xff, 0xff, 0xff,
    0xb0, 0x00, 0x00, 0x00, 0x00, 0x00, 0x00, 0x00,
    0x0d, 0xff, 0xff, 0xff, 0xff, 0xf3, 0x0f, 0xff,
    0xff, 0xff, 0xff, 0xb0, 0x00, 0x00, 0x00, 0x00,
    0x00, 0x00, 0x00, 0x5f, 0xff, 0xff, 0xff, 0xff,
    0xf0, 0x0f, 0xff, 0xff, 0xff, 0xff, 0xb0, 0x00,
    0x00, 0x00, 0x00, 0x00, 0x00, 0x02, 0xef, 0xff,
    0xff, 0xff, 0xff, 0xc0, 0x0f, 0xff, 0xff, 0xff,
    0xff, 0xb0, 0x00, 0x00, 0x00, 0x00, 0x00, 0x00,
    0x4e, 0xff, 0xff, 0xff, 0xff, 0xff, 0x60, 0x0f,
    0xff, 0xff, 0xff, 0xff, 0xb0, 0x00, 0x00, 0x00,
    0x00, 0x13, 0x7d, 0xff, 0xff, 0xff, 0xff, 0xff,
    0xfe, 0x10, 0x0f, 0xff, 0xff, 0xff, 0xff, 0xff,
    0xff, 0xff, 0xff, 0xff, 0xff, 0xff, 0xff, 0xff,
    0xff, 0xff, 0xff, 0xf7, 0x00, 0x0f, 0xff, 0xff,
    0xff, 0xff, 0xff, 0xff, 0xff, 0xff, 0xff, 0xff,
    0xff, 0xff, 0xff, 0xff, 0xff, 0xff, 0xc0, 0x00,
    0x0f, 0xff, 0xff, 0xff, 0xff, 0xff, 0xff, 0xff,
    0xff, 0xff, 0xff, 0xff, 0xff, 0xff, 0xff, 0xff,
    0xfe, 0x10, 0x00, 0x0f, 0xff, 0xff, 0xff, 0xff,
    0xff, 0xff, 0xff, 0xff, 0xff, 0xff, 0xff, 0xff,
    0xff, 0xff, 0xff, 0xd2, 0x00, 0x00, 0x0f, 0xff,
    0xff, 0xff, 0xff, 0xff, 0xff, 0xff, 0xff, 0xff,
    0xff, 0xff, 0xff, 0xff, 0xff, 0xfb, 0x10, 0x00,
    0x00, 0x0f, 0xff, 0xff, 0xff, 0xff, 0xff, 0xff,
    0xff, 0xff, 0xff, 0xff, 0xff, 0xff, 0xff, 0xfd,
    0x50, 0x00, 0x00, 0x00, 0x0f, 0xff, 0xff, 0xff,
    0xff, 0xff, 0xff, 0xff, 0xff, 0xff, 0xff, 0xff,
    0xff, 0xfb, 0x50, 0x00, 0x00, 0x00, 0x00, 0x0f,
    0xff, 0xff, 0xff, 0xff, 0xff, 0xff, 0xff, 0xff,
    0xff, 0xfe, 0xca, 0x84, 0x00, 0x00, 0x00, 0x00,
    0x00, 0x00, 0x0f, 0xff, 0xff, 0xff, 0xff, 0xb0,
    0x00, 0x00, 0x00, 0x00, 0x00, 0x00, 0x00, 0x00,
    0x00, 0x00, 0x00, 0x00, 0x00, 0x0f, 0xff, 0xff,
    0xff, 0xff, 0xb0, 0x00, 0x00, 0x00, 0x00, 0x00,
    0x00, 0x00, 0x00, 0x00, 0x00, 0x00, 0x00, 0x00,
    0x0f, 0xff, 0xff, 0xff, 0xff, 0xb0, 0x00, 0x00,
    0x00, 0x00, 0x00, 0x00, 0x00, 0x00, 0x00, 0x00,
    0x00, 0x00, 0x00, 0x0f, 0xff, 0xff, 0xff, 0xff,
    0xb0, 0x00, 0x00, 0x00, 0x00, 0x00, 0x00, 0x00,
    0x00, 0x00, 0x00, 0x00, 0x00, 0x00, 0x0f, 0xff,
    0xff, 0xff, 0xff, 0xb0, 0x00, 0x00, 0x00, 0x00,
    0x00, 0x00, 0x00, 0x00, 0x00, 0x00, 0x00, 0x00,
    0x00, 0x0f, 0xff, 0xff, 0xff, 0xff, 0xb0, 0x00,
    0x00, 0x00, 0x00, 0x00, 0x00, 0x00, 0x00, 0x00,
    0x00, 0x00, 0x00, 0x00, 0x0f, 0xff, 0xff, 0xff,
    0xff, 0xb0, 0x00, 0x00, 0x00, 0x00, 0x00, 0x00,
    0x00, 0x00, 0x00, 0x00, 0x00, 0x00, 0x00, 0x0f,
    0xff, 0xff, 0xff, 0xff, 0xb0, 0x00, 0x00, 0x00,
    0x00, 0x00, 0x00, 0x00, 0x00, 0x00, 0x00, 0x00,
    0x00, 0x00, 0x0f, 0xff, 0xff, 0xff, 0xff, 0xb0,
    0x00, 0x00, 0x00, 0x00, 0x00, 0x00, 0x00, 0x00,
    0x00, 0x00, 0x00, 0x00, 0x00, 0x0f, 0xff, 0xff,
    0xff, 0xff, 0xb0, 0x00, 0x00, 0x00, 0x00, 0x00,
    0x00, 0x00, 0x00, 0x00, 0x00, 0x00, 0x00, 0x00,
    0x0f, 0xff, 0xff, 0xff, 0xff, 0xb0, 0x00, 0x00,
    0x00, 0x00, 0x00, 0x00, 0x00, 0x00, 0x00, 0x00,
    0x00, 0x00, 0x00, 0x0f, 0xff, 0xff, 0xff, 0xff,
    0xb0, 0x00, 0x00, 0x00, 0x00, 0x00, 0x00, 0x00,
    0x00, 0x00, 0x00, 0x00, 0x00, 0x00,

    /* U+0051 "Q" */
    0x00, 0x00, 0x00, 0x00, 0x00, 0x00, 0x00, 0x00,
    0x00, 0x13, 0x56, 0x77, 0x76, 0x42, 0x00, 0x00,
    0x00, 0x00, 0x00, 0x00, 0x00, 0x00, 0x00, 0x00,
    0x00, 0x00, 0x00, 0x00, 0x00, 0x00, 0x00, 0x00,
    0x49, 0xdf, 0xff, 0xff, 0xff, 0xff, 0xff, 0xc8,
    0x20, 0x00, 0x00, 0x00, 0x00, 0x00, 0x00, 0x00,
    0x00, 0x00, 0x00, 0x00, 0x00, 0x00, 0x00, 0x28,
    0xff, 0xff, 0xff, 0xff, 0xff, 0xff, 0xff, 0xff,
    0xff, 0xd6, 0x00, 0x00, 0x00, 0x00, 0x00, 0x00,
    0x00, 0x00, 0x00, 0x00, 0x00, 0x00, 0x01, 0x9f,
    0xff, 0xff, 0xff, 0xff, 0xff, 0xff, 0xff, 0xff,
    0xff, 0xff, 0xfe, 0x60, 0x00, 0x00, 0x00, 0x00,
    0x00, 0x00, 0x00, 0x00, 0x00, 0x00, 0x05, 0xff,
    0xff, 0xff, 0xff, 0xff, 0xff, 0xff, 0xff, 0xff,
    0xff, 0xff, 0xff, 0xff, 0xc2, 0x00, 0x00, 0x00,
    0x00, 0x00, 0x00, 0x00, 0x00, 0x00, 0x0a, 0xff,
    0xff, 0xff, 0xff, 0xff, 0xff, 0xff, 0xff, 0xff,
    0xff, 0xff, 0xff, 0xff, 0xff, 0xf5, 0x00, 0x00,
    0x00, 0x00, 0x00, 0x00, 0x00, 0x00, 0x1c, 0xff,
    0xff, 0xff, 0xff, 0xff, 0xff, 0xff, 0xff, 0xff,
    0xff, 0xff, 0xff, 0xff, 0xff, 0xff, 0xf8, 0x00,
    0x00, 0x00, 0x00, 0x00, 0x00, 0x00, 0x0c, 0xff,
    0xff, 0xff, 0xff, 0xff, 0xff, 0xff, 0xff, 0xff,
    0xff, 0xff, 0xff, 0xff, 0xff, 0xff, 0xff, 0xf8,
    0x00, 0x00, 0x00, 0x00, 0x00, 0x00, 0x0b, 0xff,
    0xff, 0xff, 0xff, 0xff, 0xff, 0xff, 0xff, 0xed,
    0xef, 0xff, 0xff, 0xff, 0xff, 0xff, 0xff, 0xff,
    0xf6, 0x00, 0x00, 0x00, 0x00, 0x00, 0x08, 0xff,
    0xff, 0xff, 0xff, 0xff, 0xff, 0xfb, 0x62, 0x00,
    0x00, 0x03, 0x7d, 0xff, 0xff, 0xff, 0xff, 0xff,
    0xff, 0xf3, 0x00, 0x00, 0x00, 0x00, 0x03, 0xff,
    0xff, 0xff, 0xff, 0xff, 0xff, 0xa2, 0x00, 0x00,
    0x00, 0x00, 0x00, 0x05, 0xdf, 0xff, 0xff, 0xff,
    0xff, 0xff, 0xd0, 0x00, 0x00, 0x00, 0x00, 0xdf,
    0xff, 0xff, 0xff, 0xff, 0xff, 0x50, 0x00, 0x00,
    0x00, 0x00, 0x00, 0x00, 0x00, 0x9f, 0xff, 0xff,
    0xff, 0xff, 0xff, 0x70, 0x00, 0x00, 0x00, 0x5f,
    0xff, 0xff, 0xff, 0xff, 0xfe, 0x30, 0x00, 0x00,
    0x00, 0x00, 0x00, 0x00, 0x00, 0x00, 0x7f, 0xff,
    0xff, 0xff, 0xff, 0xff, 0x10, 0x00, 0x00, 0x0d,
    0xff, 0xff, 0xff, 0xff, 0xff, 0x30, 0x00, 0x00,
    0x00, 0x00, 0x00, 0x00, 0x00, 0x00, 0x00, 0x9f,
    0xff, 0xff, 0xff, 0xff, 0xf7, 0x00, 0x00, 0x04,
    0xff, 0xff, 0xff, 0xff, 0xff, 0x70, 0x00, 0x00,
    0x00, 0x00, 0x00, 0x00, 0x00, 0x00, 0x00, 0x00,
    0xdf, 0xff, 0xff, 0xff, 0xff, 0xe0, 0x00, 0x00,
    0x9f, 0xff, 0xff, 0xff, 0xff, 0xd0, 0x00, 0x00,
    0x00, 0x00, 0x00, 0x00, 0x00, 0x00, 0x00, 0x00,
    0x03, 0xff, 0xff, 0xff, 0xff, 0xff, 0x30, 0x00,
    0x0e, 0xff, 0xff, 0xff, 0xff, 0xf5, 0x00, 0x00,
    0x00, 0x00, 0x00, 0x00, 0x00, 0x00, 0x00, 0x00,
    0x00, 0x0b, 0xff, 0xff, 0xff, 0xff, 0xf8, 0x00,
    0x02, 0xff, 0xff, 0xff, 0xff, 0xff, 0x00, 0x00,
    0x00, 0x00, 0x00, 0x00, 0x00, 0x00, 0x00, 0x00,
    0x00, 0x00, 0x5f, 0xff, 0xff, 0xff, 0xff, 0xc0,
    0x00, 0x5f, 0xff, 0xff, 0xff, 0xff, 0xa0, 0x00,
    0x00, 0x00, 0x00, 0x00, 0x00, 0x00, 0x00, 0x00,
    0x00, 0x00, 0x00, 0xff, 0xff, 0xff, 0xff, 0xff,
    0x00, 0x07, 0xff, 0xff, 0xff, 0xff, 0xf7, 0x00,
    0x00, 0x00, 0x00, 0x00, 0x00, 0x00, 0x00, 0x00,
    0x00, 0x00, 0x00, 0x0d, 0xff, 0xff, 0xff, 0xff,
    0xf1, 0x00, 0x9f, 0xff, 0xff, 0xff, 0xff, 0x40,
    0x00, 0x00, 0x00, 0x00, 0x00, 0x00, 0x00, 0x00,
    0x00, 0x00, 0x00, 0x00, 0xaf, 0xff, 0xff, 0xff,
    0xff, 0x30, 0x09, 0xff, 0xff, 0xff, 0xff, 0xf3,
    0x00, 0x00, 0x00, 0x00, 0x00, 0x00, 0x00, 0x00,
    0x00, 0x00, 0x00, 0x00, 0x09, 0xff, 0xff, 0xff,
    0xff, 0xf4, 0x00, 0xaf, 0xff, 0xff, 0xff, 0xff,
    0x30, 0x00, 0x00, 0x00, 0x00, 0x00, 0x00, 0x00,
    0x00, 0x00, 0x00, 0x00, 0x00, 0x9f, 0xff, 0xff,
    0xff, 0xff, 0x40, 0x09, 0xff, 0xff, 0xff, 0xff,
    0xf3, 0x00, 0x00, 0x00, 0x00, 0x00, 0x00, 0x00,
    0x00, 0x00, 0x00, 0x00, 0x00, 0x09, 0xff, 0xff,
    0xff, 0xff, 0xf3, 0x00, 0x8f, 0xff, 0xff, 0xff,
    0xff, 0x50, 0x00, 0x00, 0x00, 0x00, 0x00, 0x00,
    0x00, 0x00, 0x00, 0x00, 0x00, 0x00, 0xbf, 0xff,
    0xff, 0xff, 0xff, 0x30, 0x07, 0xff, 0xff, 0xff,
    0xff, 0xf8, 0x00, 0x00, 0x00, 0x00, 0x00, 0x00,
    0x00, 0x00, 0x00, 0x00, 0x00, 0x00, 0x0d, 0xff,
    0xff, 0xff, 0xff, 0xf1, 0x00, 0x4f, 0xff, 0xff,
    0xff, 0xff, 0xb0, 0x00, 0x00, 0x00, 0x00, 0x00,
    0x00, 0x00, 0x00, 0x00, 0x00, 0x00, 0x01, 0xff,
    0xff, 0xff, 0xff, 0xfe, 0x00, 0x01, 0xff, 0xff,
    0xff, 0xff, 0xff, 0x10, 0x00, 0x00, 0x00, 0x00,
    0x00, 0x00, 0x00, 0x00, 0x00, 0x00, 0x00, 0x6f,
    0xff, 0xff, 0xff, 0xff, 0xb0, 0x00, 0x0d, 0xff,
    0xff, 0xff, 0xff, 0xf7, 0x00, 0x00, 0x00, 0x00,
    0x00, 0x00, 0x00, 0x00, 0x00, 0x00, 0x00, 0x0d,
    0xff, 0xff, 0xff, 0xff, 0xf7, 0x00, 0x00, 0x8f,
    0xff, 0xff, 0xff, 0xff, 0xe1, 0x00, 0x00, 0x00,
    0x00, 0x00, 0x00, 0x00, 0x00, 0x00, 0x00, 0x05,
    0xff, 0xff, 0xff, 0xff, 0xff, 0x20, 0x00, 0x02,
    0xff, 0xff, 0xff, 0xff, 0xff, 0xa0, 0x00, 0x00,
    0x00, 0x00, 0x00, 0x00, 0x00, 0x00, 0x00, 0x01,
    0xef, 0xff, 0xff, 0xff, 0xff, 0xc0, 0x00, 0x00,
    0x0b, 0xff, 0xff, 0xff, 0xff, 0xff, 0x60, 0x00,
    0x00, 0x00, 0x00, 0x00, 0x00, 0x00, 0x00, 0x00,
    0xcf, 0xff, 0xff, 0xff, 0xff, 0xf5, 0x00, 0x00,
    0x00, 0x3f, 0xff, 0xff, 0xff, 0xff, 0xff, 0x60,
    0x00, 0x00, 0x00, 0x00, 0x00, 0x00, 0x00, 0x00,
    0xbf, 0xff, 0xff, 0xff, 0xff, 0xfd, 0x00, 0x00,
    0x00, 0x00, 0xaf, 0xff, 0xff, 0xff, 0xff, 0xff,
    0x90, 0x00, 0x00, 0x00, 0x00, 0x00, 0x00, 0x02,
    0xcf, 0xff, 0xff, 0xff, 0xff, 0xff, 0x50, 0x00,
    0x00, 0x00, 0x01, 0xff, 0xff, 0xff, 0xff, 0xff,
    0xff, 0xd6, 0x00, 0x00, 0x00, 0x00, 0x00, 0x18,
    0xff, 0xff, 0xff, 0xff, 0xff, 0xff, 0xa0, 0x00,
    0x00, 0x00, 0x00, 0x05, 0xff, 0xff, 0xff, 0xff,
    0xff, 0xff, 0xfe, 0x96, 0x32, 0x12, 0x47, 0xbf,
    0xff, 0xff, 0xff, 0xff, 0xff, 0xff, 0xe1, 0x00,
    0x00, 0x00, 0x00, 0x00, 0x08, 0xff, 0xff, 0xff,
    0xff, 0xff, 0xff, 0xff, 0xff, 0xff, 0xff, 0xff,
    0xff, 0xff, 0xff, 0xff, 0xff, 0xff, 0xf3, 0x00,
    0x00, 0x00, 0x00, 0x00, 0x00, 0x09, 0xff, 0xff,
    0xff, 0xff, 0xff, 0xff, 0xff, 0xff, 0xff, 0xff,
    0xff, 0xff, 0xff, 0xff, 0xff, 0xff, 0xf4, 0x00,
    0x00, 0x00, 0x00, 0x00, 0x00, 0x00, 0x08, 0xff,
    0xff, 0xff, 0xff, 0xff, 0xff, 0xff, 0xff, 0xff,
    0xff, 0xff, 0xff, 0xff, 0xff, 0xff, 0xf4, 0x00,
    0x00, 0x00, 0x00, 0x00, 0x00, 0x00, 0x00, 0x05,
    0xff, 0xff, 0xff, 0xff, 0xff, 0xff, 0xff, 0xff,
    0xff, 0xff, 0xff, 0xff, 0xff, 0xff, 0xd2, 0x00,
    0x00, 0x00, 0x00, 0x00, 0x00, 0x00, 0x00, 0x00,
    0x02, 0xcf, 0xff, 0xff, 0xff, 0xff, 0xff, 0xff,
    0xff, 0xff, 0xff, 0xff, 0xff, 0xff, 0x80, 0x00,
    0x00, 0x00, 0x00, 0x00, 0x00, 0x00, 0x00, 0x00,
    0x00, 0x00, 0x5d, 0xff, 0xff, 0xff, 0xff, 0xff,
    0xff, 0xff, 0xff, 0xff, 0xff, 0xfa, 0x20, 0x00,
    0x00, 0x00, 0x00, 0x00, 0x00, 0x00, 0x00, 0x00,
    0x00, 0x00, 0x00, 0x04, 0xbf, 0xff, 0xff, 0xff,
    0xff, 0xff, 0xff, 0xff, 0xfe, 0x82, 0x00, 0x00,
    0x00, 0x00, 0x00, 0x00, 0x00, 0x00, 0x00, 0x00,
    0x00, 0x00, 0x00, 0x00, 0x00, 0x05, 0x9c, 0xef,
    0xff, 0xff, 0xff, 0xff, 0xff, 0xb0, 0x00, 0x00,
    0x00, 0x00, 0x00, 0xa9, 0x00, 0x00, 0x00, 0x00,
    0x00, 0x00, 0x00, 0x00, 0x00, 0x00, 0x00, 0x00,
    0x9f, 0xff, 0xff, 0xff, 0xff, 0xff, 0xc2, 0x00,
    0x00, 0x00, 0x02, 0xcf, 0xf7, 0x00, 0x00, 0x00,
    0x00, 0x00, 0x00, 0x00, 0x00, 0x00, 0x00, 0x00,
    0x00, 0xaf, 0xff, 0xff, 0xff, 0xff, 0xff, 0xf9,
    0x31, 0x02, 0x5a, 0xff, 0xff, 0xf4, 0x00, 0x00,
    0x00, 0x00, 0x00, 0x00, 0x00, 0x00, 0x00, 0x00,
    0x00, 0x00, 0xaf, 0xff, 0xff, 0xff, 0xff, 0xff,
    0xff, 0xff, 0xff, 0xff, 0xff, 0xff, 0xf2, 0x00,
    0x00, 0x00, 0x00, 0x00, 0x00, 0x00, 0x00, 0x00,
    0x00, 0x00, 0x00, 0x8f, 0xff, 0xff, 0xff, 0xff,
    0xff, 0xff, 0xff, 0xff, 0xff, 0xff, 0xff, 0xd1,
    0x00, 0x00, 0x00, 0x00, 0x00, 0x00, 0x00, 0x00,
    0x00, 0x00, 0x00, 0x00, 0x6f, 0xff, 0xff, 0xff,
    0xff, 0xff, 0xff, 0xff, 0xff, 0xff, 0xff, 0xfe,
    0x10, 0x00, 0x00, 0x00, 0x00, 0x00, 0x00, 0x00,
    0x00, 0x00, 0x00, 0x00, 0x00, 0x3e, 0xff, 0xff,
    0xff, 0xff, 0xff, 0xff, 0xff, 0xff, 0xff, 0xfd,
    0x20, 0x00, 0x00, 0x00, 0x00, 0x00, 0x00, 0x00,
    0x00, 0x00, 0x00, 0x00, 0x00, 0x00, 0x09, 0xff,
    0xff, 0xff, 0xff, 0xff, 0xff, 0xff, 0xff, 0xfb,
    0x10, 0x00, 0x00, 0x00, 0x00, 0x00, 0x00, 0x00,
    0x00, 0x00, 0x00, 0x00, 0x00, 0x00, 0x00, 0x02,
    0xaf, 0xff, 0xff, 0xff, 0xff, 0xff, 0xff, 0xe6,
    0x00, 0x00, 0x00, 0x00, 0x00, 0x00, 0x00, 0x00,
    0x00, 0x00, 0x00, 0x00, 0x00, 0x00, 0x00, 0x00,
    0x00, 0x16, 0xae, 0xff, 0xff, 0xff, 0xea, 0x50,
    0x00, 0x00, 0x00, 0x00, 0x00, 0x00, 0x00, 0x00,
    0x00, 0x00, 0x00, 0x00, 0x00, 0x00, 0x00, 0x00,
    0x00, 0x00, 0x00, 0x01, 0x23, 0x32, 0x10, 0x00,
    0x00, 0x00, 0x00,

    /* U+0052 "R" */
    0x0f, 0xff, 0xff, 0xff, 0xff, 0xff, 0xff, 0xff,
    0xff, 0xff, 0xed, 0xca, 0x73, 0x00, 0x00, 0x00,
    0x00, 0x00, 0x00, 0x00, 0xff, 0xff, 0xff, 0xff,
    0xff, 0xff, 0xff, 0xff, 0xff, 0xff, 0xff, 0xff,
    0xff, 0xa4, 0x00, 0x00, 0x00, 0x00, 0x00, 0x0f,
    0xff, 0xff, 0xff, 0xff, 0xff, 0xff, 0xff, 0xff,
    0xff, 0xff, 0xff, 0xff, 0xff, 0xfd, 0x40, 0x00,
    0x00, 0x00, 0x00, 0xff, 0xff, 0xff, 0xff, 0xff,
    0xff, 0xff, 0xff, 0xff, 0xff, 0xff, 0xff, 0xff,
    0xff, 0xff, 0xa1, 0x00, 0x00, 0x00, 0x0f, 0xff,
    0xff, 0xff, 0xff, 0xff, 0xff, 0xff, 0xff, 0xff,
    0xff, 0xff, 0xff, 0xff, 0xff, 0xff, 0xe2, 0x00,
    0x00, 0x00, 0xff, 0xff, 0xff, 0xff, 0xff, 0xff,
    0xff, 0xff, 0xff, 0xff, 0xff, 0xff, 0xff, 0xff,
    0xff, 0xff, 0xe1, 0x00, 0x00, 0x0f, 0xff, 0xff,
    0xff, 0xff, 0xff, 0xff, 0xff, 0xff, 0xff, 0xff,
    0xff, 0xff, 0xff, 0xff, 0xff, 0xff, 0xc0, 0x00,
    0x00, 0xff, 0xff, 0xff, 0xff, 0xff, 0xff, 0xff,
    0xff, 0xff, 0xff, 0xff, 0xff, 0xff, 0xff, 0xff,
    0xff, 0xff, 0x70, 0x00, 0x0f, 0xff, 0xff, 0xff,
    0xff, 0xb0, 0x00, 0x00, 0x00, 0x00, 0x13, 0x7d,
    0xff, 0xff, 0xff, 0xff, 0xff, 0xff, 0x10, 0x00,
    0xff, 0xff, 0xff, 0xff, 0xfb, 0x00, 0x00, 0x00,
    0x00, 0x00, 0x00, 0x05, 0xef, 0xff, 0xff, 0xff,
    0xff, 0xf7, 0x00, 0x0f, 0xff, 0xff, 0xff, 0xff,
    0xb0, 0x00, 0x00, 0x00, 0x00, 0x00, 0x00, 0x02,
    0xef, 0xff, 0xff, 0xff, 0xff, 0xc0, 0x00, 0xff,
    0xff, 0xff, 0xff, 0xfb, 0x00, 0x00, 0x00, 0x00,
    0x00, 0x00, 0x00, 0x05, 0xff, 0xff, 0xff, 0xff,
    0xff, 0x00, 0x0f, 0xff, 0xff, 0xff, 0xff, 0xb0,
    0x00, 0x00, 0x00, 0x00, 0x00, 0x00, 0x00, 0x0e,
    0xff, 0xff, 0xff, 0xff, 0xf3, 0x00, 0xff, 0xff,
    0xff, 0xff, 0xfb, 0x00, 0x00, 0x00, 0x00, 0x00,
    0x00, 0x00, 0x00, 0x9f, 0xff, 0xff, 0xff, 0xff,
    0x50, 0x0f, 0xff, 0xff, 0xff, 0xff, 0xb0, 0x00,
    0x00, 0x00, 0x00, 0x00, 0x00, 0x00, 0x07, 0xff,
    0xff, 0xff, 0xff, 0xf6, 0x00, 0xff, 0xff, 0xff,
    0xff, 0xfb, 0x00, 0x00, 0x00, 0x00, 0x00, 0x00,
    0x00, 0x00, 0x7f, 0xff, 0xff, 0xff, 0xff, 0x60,
    0x0f, 0xff, 0xff, 0xff, 0xff, 0xb0, 0x00, 0x00,
    0x00, 0x00, 0x00, 0x00, 0x00, 0x09, 0xff, 0xff,
    0xff, 0xff, 0xf5, 0x00, 0xff, 0xff, 0xff, 0xff,
    0xfb, 0x00, 0x00, 0x00, 0x00, 0x00, 0x00, 0x00,
    0x00, 0xdf, 0xff, 0xff, 0xff, 0xff, 0x30, 0x0f,
    0xff, 0xff, 0xff, 0xff, 0xb0, 0x00, 0x00, 0x00,
    0x00, 0x00, 0x00, 0x00, 0x4f, 0xff, 0xff, 0xff,
    0xff, 0xf0, 0x00, 0xff, 0xff, 0xff, 0xff, 0xfb,
    0x00, 0x00, 0x00, 0x00, 0x00, 0x00, 0x00, 0x1d,
    0xff, 0xff, 0xff, 0xff, 0xfc, 0x00, 0x0f, 0xff,
    0xff, 0xff, 0xff, 0xb0, 0x00, 0x00, 0x00, 0x00,
    0x00, 0x00, 0x2d, 0xff, 0xff, 0xff, 0xff, 0xff,
    0x60, 0x00, 0xff, 0xff, 0xff, 0xff, 0xfb, 0x00,
    0x00, 0x00, 0x00, 0x00, 0x14, 0xaf, 0xff, 0xff,
    0xff, 0xff, 0xff, 0xf1, 0x00, 0x0f, 0xff, 0xff,
    0xff, 0xff, 0xfc, 0xcc, 0xcc, 0xcc, 0xcd, 0xef,
    0xff, 0xff, 0xff, 0xff, 0xff, 0xff, 0xf7, 0x00,
    0x00, 0xff, 0xff, 0xff, 0xff, 0xff, 0xff, 0xff,
    0xff, 0xff, 0xff, 0xff, 0xff, 0xff, 0xff, 0xff,
    0xff, 0xfc, 0x00, 0x00, 0x0f, 0xff, 0xff, 0xff,
    0xff, 0xff, 0xff, 0xff, 0xff, 0xff, 0xff, 0xff,
    0xff, 0xff, 0xff, 0xff, 0xfe, 0x10, 0x00, 0x00,
    0xff, 0xff, 0xff, 0xff, 0xff, 0xff, 0xff, 0xff,
    0xff, 0xff, 0xff, 0xff, 0xff, 0xff, 0xff, 0xfd,
    0x20, 0x00, 0x00, 0x0f, 0xff, 0xff, 0xff, 0xff,
    0xff, 0xff, 0xff, 0xff, 0xff, 0xff, 0xff, 0xff,
    0xff, 0xff, 0xfa, 0x10, 0x00, 0x00, 0x00, 0xff,
    0xff, 0xff, 0xff, 0xff, 0xff, 0xff, 0xff, 0xff,
    0xff, 0xff, 0xff, 0xff, 0xff, 0xd5, 0x00, 0x00,
    0x00, 0x00, 0x0f, 0xff, 0xff, 0xff, 0xff, 0xff,
    0xff, 0xff, 0xff, 0xff, 0xff, 0xff, 0xff, 0xff,
    0xf1, 0x00, 0x00, 0x00, 0x00, 0x00, 0xff, 0xff,
    0xff, 0xff, 0xff, 0xff, 0xff, 0xff, 0xff, 0xff,
    0xff, 0xff, 0xff, 0xff, 0xb0, 0x00, 0x00, 0x00,
    0x00, 0x0f, 0xff, 0xff, 0xff, 0xff, 0xb0, 0x00,
    0x00, 0x00, 0x01, 0xef, 0xff, 0xff, 0xff, 0xff,
    0x60, 0x00, 0x00, 0x00, 0x00, 0xff, 0xff, 0xff,
    0xff, 0xfb, 0x00, 0x00, 0x00, 0x00, 0x05, 0xff,
    0xff, 0xff, 0xff, 0xff, 0x10, 0x00, 0x00, 0x00,
    0x0f, 0xff, 0xff, 0xff, 0xff, 0xb0, 0x00, 0x00,
    0x00, 0x00, 0x0a, 0xff, 0xff, 0xff, 0xff, 0xfb,
    0x00, 0x00, 0x00, 0x00, 0xff, 0xff, 0xff, 0xff,
    0xfb, 0x00, 0x00, 0x00, 0x00, 0x00, 0x1e, 0xff,
    0xff, 0xff, 0xff, 0xf6, 0x00, 0x00, 0x00, 0x0f,
    0xff, 0xff, 0xff, 0xff, 0xb0, 0x00, 0x00, 0x00,
    0x00, 0x00, 0x5f, 0xff, 0xff, 0xff, 0xff, 0xf2,
    0x00, 0x00, 0x00, 0xff, 0xff, 0xff, 0xff, 0xfb,
    0x00, 0x00, 0x00, 0x00, 0x00, 0x00, 0xaf, 0xff,
    0xff, 0xff, 0xff, 0xc0, 0x00, 0x00, 0x0f, 0xff,
    0xff, 0xff, 0xff, 0xb0, 0x00, 0x00, 0x00, 0x00,
    0x00, 0x01, 0xef, 0xff, 0xff, 0xff, 0xff, 0x70,
    0x00, 0x00, 0xff, 0xff, 0xff, 0xff, 0xfb, 0x00,
    0x00, 0x00, 0x00, 0x00, 0x00, 0x04, 0xff, 0xff,
    0xff, 0xff, 0xff, 0x20, 0x00, 0x0f, 0xff, 0xff,
    0xff, 0xff, 0xb0, 0x00, 0x00, 0x00, 0x00, 0x00,
    0x00, 0x0a, 0xff, 0xff, 0xff, 0xff, 0xfc, 0x00,
    0x00, 0xff, 0xff, 0xff, 0xff, 0xfb, 0x00, 0x00,
    0x00, 0x00, 0x00, 0x00, 0x00, 0x1e, 0xff, 0xff,
    0xff, 0xff, 0xf7, 0x00, 0x0f, 0xff, 0xff, 0xff,
    0xff, 0xb0, 0x00, 0x00, 0x00, 0x00, 0x00, 0x00,
    0x00, 0x4f, 0xff, 0xff, 0xff, 0xff, 0xf3, 0x00,
    0xff, 0xff, 0xff, 0xff, 0xfb, 0x00, 0x00, 0x00,
    0x00, 0x00, 0x00, 0x00, 0x00, 0x9f, 0xff, 0xff,
    0xff, 0xff, 0xd0,

    /* U+0053 "S" */
    0x00, 0x00, 0x00, 0x00, 0x00, 0x00, 0x00, 0x24,
    0x66, 0x77, 0x65, 0x43, 0x00, 0x00, 0x00, 0x00,
    0x00, 0x00, 0x00, 0x00, 0x00, 0x00, 0x00, 0x28,
    0xcf, 0xff, 0xff, 0xff, 0xff, 0xff, 0xfd, 0xa5,
    0x10, 0x00, 0x00, 0x00, 0x00, 0x00, 0x00, 0x00,
    0x5c, 0xff, 0xff, 0xff, 0xff, 0xff, 0xff, 0xff,
    0xff, 0xff, 0xfb, 0x60, 0x00, 0x00, 0x00, 0x00,
    0x00, 0x2c, 0xff, 0xff, 0xff, 0xff, 0xff, 0xff,
    0xff, 0xff, 0xff, 0xff, 0xff, 0xfe, 0x60, 0x00,
    0x00, 0x00, 0x05, 0xff, 0xff, 0xff, 0xff, 0xff,
    0xff, 0xff, 0xff, 0xff, 0xff, 0xff, 0xff, 0xff,
    0xf9, 0x00, 0x00, 0x00, 0x5f, 0xff, 0xff, 0xff,
    0xff, 0xff, 0xff, 0xff, 0xff, 0xff, 0xff, 0xff,
    0xff, 0xff, 0xf4, 0x00, 0x00, 0x03, 0xff, 0xff,
    0xff, 0xff, 0xff, 0xff, 0xff, 0xff, 0xff, 0xff,
    0xff, 0xff, 0xff, 0xff, 0xd0, 0x00, 0x00, 0x0d,
    0xff, 0xff, 0xff, 0xff, 0xff, 0xff, 0xff, 0xff,
    0xff, 0xff, 0xff, 0xff, 0xff, 0xff, 0x70, 0x00,
    0x00, 0x6f, 0xff, 0xff, 0xff, 0xff, 0xff, 0xfb,
    0x86, 0x66, 0x78, 0xad, 0xff, 0xff, 0xff, 0xff,
    0x10, 0x00, 0x00, 0xcf, 0xff, 0xff, 0xff, 0xff,
    0xf7, 0x00, 0x00, 0x00, 0x00, 0x00, 0x15, 0xbf,
    0xff, 0xfa, 0x00, 0x00, 0x01, 0xff, 0xff, 0xff,
    0xff, 0xff, 0x40, 0x00, 0x00, 0x00, 0x00, 0x00,
    0x00, 0x01, 0x7e, 0xf3, 0x00, 0x00, 0x05, 0xff,
    0xff, 0xff, 0xff, 0xf9, 0x00, 0x00, 0x00, 0x00,
    0x00, 0x00, 0x00, 0x00, 0x00, 0x60, 0x00, 0x00,
    0x06, 0xff, 0xff, 0xff, 0xff, 0xf4, 0x00, 0x00,
    0x00, 0x00, 0x00, 0x00, 0x00, 0x00, 0x00, 0x00,
    0x00, 0x00, 0x07, 0xff, 0xff, 0xff, 0xff, 0xf3,
    0x00, 0x00, 0x00, 0x00, 0x00, 0x00, 0x00, 0x00,
    0x00, 0x00, 0x00, 0x00, 0x06, 0xff, 0xff, 0xff,
    0xff, 0xf8, 0x00, 0x00, 0x00, 0x00, 0x00, 0x00,
    0x00, 0x00, 0x00, 0x00, 0x00, 0x00, 0x04, 0xff,
    0xff, 0xff, 0xff, 0xff, 0x50, 0x00, 0x00, 0x00,
    0x00, 0x00, 0x00, 0x00, 0x00, 0x00, 0x00, 0x00,
    0x01, 0xff, 0xff, 0xff, 0xff, 0xff, 0xfb, 0x40,
    0x00, 0x00, 0x00, 0x00, 0x00, 0x00, 0x00, 0x00,
    0x00, 0x00, 0x00, 0xcf, 0xff, 0xff, 0xff, 0xff,
    0xff, 0xfe, 0x95, 0x10, 0x00, 0x00, 0x00, 0x00,
    0x00, 0x00, 0x00, 0x00, 0x00, 0x5f, 0xff, 0xff,
    0xff, 0xff, 0xff, 0xff, 0xff, 0xfd, 0xa6, 0x20,
    0x00, 0x00, 0x00, 0x00, 0x00, 0x00, 0x00, 0x0a,
    0xff, 0xff, 0xff, 0xff, 0xff, 0xff, 0xff, 0xff,
    0xff, 0xfe, 0xa6, 0x10, 0x00, 0x00, 0x00, 0x00,
    0x00, 0x00, 0xcf, 0xff, 0xff, 0xff, 0xff, 0xff,
    0xff, 0xff, 0xff, 0xff, 0xff, 0xfa, 0x40, 0x00,
    0x00, 0x00, 0x00, 0x00, 0x0a, 0xff, 0xff, 0xff,
    0xff, 0xff, 0xff, 0xff, 0xff, 0xff, 0xff, 0xff,
    0xfc, 0x40, 0x00, 0x00, 0x00, 0x00, 0x00, 0x6e,
    0xff, 0xff, 0xff, 0xff, 0xff, 0xff, 0xff, 0xff,
    0xff, 0xff, 0xff, 0xf9, 0x00, 0x00, 0x00, 0x00,
    0x00, 0x00, 0x6d, 0xff, 0xff, 0xff, 0xff, 0xff,
    0xff, 0xff, 0xff, 0xff, 0xff, 0xff, 0xc0, 0x00,
    0x00, 0x00, 0x00, 0x00, 0x00, 0x38, 0xcf, 0xff,
    0xff, 0xff, 0xff, 0xff, 0xff, 0xff, 0xff, 0xff,
    0xfa, 0x00, 0x00, 0x00, 0x00, 0x00, 0x00, 0x00,
    0x01, 0x59, 0xdf, 0xff, 0xff, 0xff, 0xff, 0xff,
    0xff, 0xff, 0xff, 0x50, 0x00, 0x00, 0x00, 0x00,
    0x00, 0x00, 0x00, 0x00, 0x01, 0x48, 0xdf, 0xff,
    0xff, 0xff, 0xff, 0xff, 0xff, 0xd0, 0x00, 0x00,
    0x00, 0x00, 0x00, 0x00, 0x00, 0x00, 0x00, 0x00,
    0x02, 0x7e, 0xff, 0xff, 0xff, 0xff, 0xff, 0xf3,
    0x00, 0x00, 0x00, 0x00, 0x00, 0x00, 0x00, 0x00,
    0x00, 0x00, 0x00, 0x00, 0x8f, 0xff, 0xff, 0xff,
    0xff, 0xf6, 0x00, 0x00, 0x00, 0x00, 0x00, 0x00,
    0x00, 0x00, 0x00, 0x00, 0x00, 0x00, 0x08, 0xff,
    0xff, 0xff, 0xff, 0xf8, 0x00, 0x00, 0x00, 0x00,
    0x00, 0x00, 0x00, 0x00, 0x00, 0x00, 0x00, 0x00,
    0x02, 0xff, 0xff, 0xff, 0xff, 0xf9, 0x00, 0x01,
    0x40, 0x00, 0x00, 0x00, 0x00, 0x00, 0x00, 0x00,
    0x00, 0x00, 0x01, 0xff, 0xff, 0xff, 0xff, 0xf8,
    0x00, 0x08, 0xfa, 0x20, 0x00, 0x00, 0x00, 0x00,
    0x00, 0x00, 0x00, 0x00, 0x05, 0xff, 0xff, 0xff,
    0xff, 0xf6, 0x00, 0x0e, 0xff, 0xfa, 0x30, 0x00,
    0x00, 0x00, 0x00, 0x00, 0x00, 0x00, 0x1d, 0xff,
    0xff, 0xff, 0xff, 0xf3, 0x00, 0x7f, 0xff, 0xff,
    0xfd, 0x83, 0x00, 0x00, 0x00, 0x00, 0x00, 0x05,
    0xef, 0xff, 0xff, 0xff, 0xff, 0xe0, 0x00, 0xef,
    0xff, 0xff, 0xff, 0xff, 0xfc, 0x97, 0x65, 0x56,
    0x8a, 0xef, 0xff, 0xff, 0xff, 0xff, 0xff, 0x80,
    0x05, 0xff, 0xff, 0xff, 0xff, 0xff, 0xff, 0xff,
    0xff, 0xff, 0xff, 0xff, 0xff, 0xff, 0xff, 0xff,
    0xfe, 0x00, 0x0c, 0xff, 0xff, 0xff, 0xff, 0xff,
    0xff, 0xff, 0xff, 0xff, 0xff, 0xff, 0xff, 0xff,
    0xff, 0xff, 0xf4, 0x00, 0x2f, 0xff, 0xff, 0xff,
    0xff, 0xff, 0xff, 0xff, 0xff, 0xff, 0xff, 0xff,
    0xff, 0xff, 0xff, 0xff, 0x70, 0x00, 0x03, 0xcf,
    0xff, 0xff, 0xff, 0xff, 0xff, 0xff, 0xff, 0xff,
    0xff, 0xff, 0xff, 0xff, 0xff, 0xf6, 0x00, 0x00,
    0x00, 0x05, 0xcf, 0xff, 0xff, 0xff, 0xff, 0xff,
    0xff, 0xff, 0xff, 0xff, 0xff, 0xff, 0xfc, 0x20,
    0x00, 0x00, 0x00, 0x00, 0x03, 0x9e, 0xff, 0xff,
    0xff, 0xff, 0xff, 0xff, 0xff, 0xff, 0xff, 0xfd,
    0x50, 0x00, 0x00, 0x00, 0x00, 0x00, 0x00, 0x00,
    0x37, 0xbe, 0xff, 0xff, 0xff, 0xff, 0xff, 0xff,
    0xc8, 0x30, 0x00, 0x00, 0x00, 0x00, 0x00, 0x00,
    0x00, 0x00, 0x00, 0x00, 0x13, 0x56, 0x77, 0x77,
    0x64, 0x20, 0x00, 0x00, 0x00, 0x00, 0x00, 0x00,

    /* U+0054 "T" */
    0xcf, 0xff, 0xff, 0xff, 0xff, 0xff, 0xff, 0xff,
    0xff, 0xff, 0xff, 0xff, 0xff, 0xff, 0xff, 0xff,
    0xff, 0xff, 0xdc, 0xff, 0xff, 0xff, 0xff, 0xff,
    0xff, 0xff, 0xff, 0xff, 0xff, 0xff, 0xff, 0xff,
    0xff, 0xff, 0xff, 0xff, 0xfd, 0xcf, 0xff, 0xff,
    0xff, 0xff, 0xff, 0xff, 0xff, 0xff, 0xff, 0xff,
    0xff, 0xff, 0xff, 0xff, 0xff, 0xff, 0xff, 0xdc,
    0xff, 0xff, 0xff, 0xff, 0xff, 0xff, 0xff, 0xff,
    0xff, 0xff, 0xff, 0xff, 0xff, 0xff, 0xff, 0xff,
    0xff, 0xfd, 0xcf, 0xff, 0xff, 0xff, 0xff, 0xff,
    0xff, 0xff, 0xff, 0xff, 0xff, 0xff, 0xff, 0xff,
    0xff, 0xff, 0xff, 0xff, 0xdc, 0xff, 0xff, 0xff,
    0xff, 0xff, 0xff, 0xff, 0xff, 0xff, 0xff, 0xff,
    0xff, 0xff, 0xff, 0xff, 0xff, 0xff, 0xfd, 0xcf,
    0xff, 0xff, 0xff, 0xff, 0xff, 0xff, 0xff, 0xff,
    0xff, 0xff, 0xff, 0xff, 0xff, 0xff, 0xff, 0xff,
    0xff, 0xdb, 0xff, 0xff, 0xff, 0xff, 0xff, 0xff,
    0xff, 0xff, 0xff, 0xff, 0xff, 0xff, 0xff, 0xff,
    0xff, 0xff, 0xff, 0xfd, 0x00, 0x00, 0x00, 0x00,
    0x00, 0x00, 0x05, 0xff, 0xff, 0xff, 0xff, 0xf6,
    0x00, 0x00, 0x00, 0x00, 0x00, 0x00, 0x00, 0x00,
    0x00, 0x00, 0x00, 0x00, 0x00, 0x5f, 0xff, 0xff,
    0xff, 0xff, 0x60, 0x00, 0x00, 0x00, 0x00, 0x00,
    0x00, 0x00, 0x00, 0x00, 0x00, 0x00, 0x00, 0x05,
    0xff, 0xff, 0xff, 0xff, 0xf6, 0x00, 0x00, 0x00,
    0x00, 0x00, 0x00, 0x00, 0x00, 0x00, 0x00, 0x00,
    0x00, 0x00, 0x5f, 0xff, 0xff, 0xff, 0xff, 0x60,
    0x00, 0x00, 0x00, 0x00, 0x00, 0x00, 0x00, 0x00,
    0x00, 0x00, 0x00, 0x00, 0x05, 0xff, 0xff, 0xff,
    0xff, 0xf6, 0x00, 0x00, 0x00, 0x00, 0x00, 0x00,
    0x00, 0x00, 0x00, 0x00, 0x00, 0x00, 0x00, 0x5f,
    0xff, 0xff, 0xff, 0xff, 0x60, 0x00, 0x00, 0x00,
    0x00, 0x00, 0x00, 0x00, 0x00, 0x00, 0x00, 0x00,
    0x00, 0x05, 0xff, 0xff, 0xff, 0xff, 0xf6, 0x00,
    0x00, 0x00, 0x00, 0x00, 0x00, 0x00, 0x00, 0x00,
    0x00, 0x00, 0x00, 0x00, 0x5f, 0xff, 0xff, 0xff,
    0xff, 0x60, 0x00, 0x00, 0x00, 0x00, 0x00, 0x00,
    0x00, 0x00, 0x00, 0x00, 0x00, 0x00, 0x05, 0xff,
    0xff, 0xff, 0xff, 0xf6, 0x00, 0x00, 0x00, 0x00,
    0x00, 0x00, 0x00, 0x00, 0x00, 0x00, 0x00, 0x00,
    0x00, 0x5f, 0xff, 0xff, 0xff, 0xff, 0x60, 0x00,
    0x00, 0x00, 0x00, 0x00, 0x00, 0x00, 0x00, 0x00,
    0x00, 0x00, 0x00, 0x05, 0xff, 0xff, 0xff, 0xff,
    0xf6, 0x00, 0x00, 0x00, 0x00, 0x00, 0x00, 0x00,
    0x00, 0x00, 0x00, 0x00, 0x00, 0x00, 0x5f, 0xff,
    0xff, 0xff, 0xff, 0x60, 0x00, 0x00, 0x00, 0x00,
    0x00, 0x00, 0x00, 0x00, 0x00, 0x00, 0x00, 0x00,
    0x05, 0xff, 0xff, 0xff, 0xff, 0xf6, 0x00, 0x00,
    0x00, 0x00, 0x00, 0x00, 0x00, 0x00, 0x00, 0x00,
    0x00, 0x00, 0x00, 0x5f, 0xff, 0xff, 0xff, 0xff,
    0x60, 0x00, 0x00, 0x00, 0x00, 0x00, 0x00, 0x00,
    0x00, 0x00, 0x00, 0x00, 0x00, 0x05, 0xff, 0xff,
    0xff, 0xff, 0xf6, 0x00, 0x00, 0x00, 0x00, 0x00,
    0x00, 0x00, 0x00, 0x00, 0x00, 0x00, 0x00, 0x00,
    0x5f, 0xff, 0xff, 0xff, 0xff, 0x60, 0x00, 0x00,
    0x00, 0x00, 0x00, 0x00, 0x00, 0x00, 0x00, 0x00,
    0x00, 0x00, 0x05, 0xff, 0xff, 0xff, 0xff, 0xf6,
    0x00, 0x00, 0x00, 0x00, 0x00, 0x00, 0x00, 0x00,
    0x00, 0x00, 0x00, 0x00, 0x00, 0x5f, 0xff, 0xff,
    0xff, 0xff, 0x60, 0x00, 0x00, 0x00, 0x00, 0x00,
    0x00, 0x00, 0x00, 0x00, 0x00, 0x00, 0x00, 0x05,
    0xff, 0xff, 0xff, 0xff, 0xf6, 0x00, 0x00, 0x00,
    0x00, 0x00, 0x00, 0x00, 0x00, 0x00, 0x00, 0x00,
    0x00, 0x00, 0x5f, 0xff, 0xff, 0xff, 0xff, 0x60,
    0x00, 0x00, 0x00, 0x00, 0x00, 0x00, 0x00, 0x00,
    0x00, 0x00, 0x00, 0x00, 0x05, 0xff, 0xff, 0xff,
    0xff, 0xf6, 0x00, 0x00, 0x00, 0x00, 0x00, 0x00,
    0x00, 0x00, 0x00, 0x00, 0x00, 0x00, 0x00, 0x5f,
    0xff, 0xff, 0xff, 0xff, 0x60, 0x00, 0x00, 0x00,
    0x00, 0x00, 0x00, 0x00, 0x00, 0x00, 0x00, 0x00,
    0x00, 0x05, 0xff, 0xff, 0xff, 0xff, 0xf6, 0x00,
    0x00, 0x00, 0x00, 0x00, 0x00, 0x00, 0x00, 0x00,
    0x00, 0x00, 0x00, 0x00, 0x5f, 0xff, 0xff, 0xff,
    0xff, 0x60, 0x00, 0x00, 0x00, 0x00, 0x00, 0x00,
    0x00, 0x00, 0x00, 0x00, 0x00, 0x00, 0x05, 0xff,
    0xff, 0xff, 0xff, 0xf6, 0x00, 0x00, 0x00, 0x00,
    0x00, 0x00, 0x00, 0x00, 0x00, 0x00, 0x00, 0x00,
    0x00, 0x5f, 0xff, 0xff, 0xff, 0xff, 0x60, 0x00,
    0x00, 0x00, 0x00, 0x00, 0x00, 0x00, 0x00, 0x00,
    0x00, 0x00, 0x00, 0x05, 0xff, 0xff, 0xff, 0xff,
    0xf6, 0x00, 0x00, 0x00, 0x00, 0x00, 0x00, 0x00,
    0x00, 0x00, 0x00, 0x00, 0x00, 0x00, 0x5f, 0xff,
    0xff, 0xff, 0xff, 0x60, 0x00, 0x00, 0x00, 0x00,
    0x00, 0x00, 0x00, 0x00, 0x00, 0x00, 0x00, 0x00,
    0x05, 0xff, 0xff, 0xff, 0xff, 0xf6, 0x00, 0x00,
    0x00, 0x00, 0x00, 0x00, 0x00, 0x00, 0x00, 0x00,
    0x00, 0x00, 0x00, 0x5f, 0xff, 0xff, 0xff, 0xff,
    0x60, 0x00, 0x00, 0x00, 0x00, 0x00, 0x00, 0x00,
    0x00, 0x00, 0x00, 0x00, 0x00, 0x05, 0xff, 0xff,
    0xff, 0xff, 0xf6, 0x00, 0x00, 0x00, 0x00, 0x00,
    0x00, 0x00, 0x00, 0x00, 0x00, 0x00, 0x00, 0x00,
    0x5f, 0xff, 0xff, 0xff, 0xff, 0x60, 0x00, 0x00,
    0x00, 0x00, 0x00, 0x00, 0x00, 0x00, 0x00, 0x00,
    0x00, 0x00, 0x05, 0xff, 0xff, 0xff, 0xff, 0xf6,
    0x00, 0x00, 0x00, 0x00, 0x00, 0x00, 0x00, 0x00,
    0x00, 0x00, 0x00, 0x00, 0x00, 0x5f, 0xff, 0xff,
    0xff, 0xff, 0x60, 0x00, 0x00, 0x00, 0x00, 0x00,
    0x00,

    /* U+0055 "U" */
    0x6f, 0xff, 0xff, 0xff, 0xff, 0x50, 0x00, 0x00,
    0x00, 0x00, 0x00, 0x00, 0x00, 0x00, 0x0f, 0xff,
    0xff, 0xff, 0xff, 0xa6, 0xff, 0xff, 0xff, 0xff,
    0xf5, 0x00, 0x00, 0x00, 0x00, 0x00, 0x00, 0x00,
    0x00, 0x00, 0xff, 0xff, 0xff, 0xff, 0xfa, 0x6f,
    0xff, 0xff, 0xff, 0xff, 0x50, 0x00, 0x00, 0x00,
    0x00, 0x00, 0x00, 0x00, 0x00, 0x0f, 0xff, 0xff,
    0xff, 0xff, 0xa6, 0xff, 0xff, 0xff, 0xff, 0xf5,
    0x00, 0x00, 0x00, 0x00, 0x00, 0x00, 0x00, 0x00,
    0x00, 0xff, 0xff, 0xff, 0xff, 0xfa, 0x6f, 0xff,
    0xff, 0xff, 0xff, 0x50, 0x00, 0x00, 0x00, 0x00,
    0x00, 0x00, 0x00, 0x00, 0x0f, 0xff, 0xff, 0xff,
    0xff, 0xa6, 0xff, 0xff, 0xff, 0xff, 0xf5, 0x00,
    0x00, 0x00, 0x00, 0x00, 0x00, 0x00, 0x00, 0x00,
    0xff, 0xff, 0xff, 0xff, 0xfa, 0x6f, 0xff, 0xff,
    0xff, 0xff, 0x50, 0x00, 0x00, 0x00, 0x00, 0x00,
    0x00, 0x00, 0x00, 0x0f, 0xff, 0xff, 0xff, 0xff,
    0xa6, 0xff, 0xff, 0xff, 0xff, 0xf5, 0x00, 0x00,
    0x00, 0x00, 0x00, 0x00, 0x00, 0x00, 0x00, 0xff,
    0xff, 0xff, 0xff, 0xfa, 0x6f, 0xff, 0xff, 0xff,
    0xff, 0x50, 0x00, 0x00, 0x00, 0x00, 0x00, 0x00,
    0x00, 0x00, 0x0f, 0xff, 0xff, 0xff, 0xff, 0xa6,
    0xff, 0xff, 0xff, 0xff, 0xf5, 0x00, 0x00, 0x00,
    0x00, 0x00, 0x00, 0x00, 0x00, 0x00, 0xff, 0xff,
    0xff, 0xff, 0xfa, 0x6f, 0xff, 0xff, 0xff, 0xff,
    0x50, 0x00, 0x00, 0x00, 0x00, 0x00, 0x00, 0x00,
    0x00, 0x0f, 0xff, 0xff, 0xff, 0xff, 0xa6, 0xff,
    0xff, 0xff, 0xff, 0xf5, 0x00, 0x00, 0x00, 0x00,
    0x00, 0x00, 0x00, 0x00, 0x00, 0xff, 0xff, 0xff,
    0xff, 0xfa, 0x6f, 0xff, 0xff, 0xff, 0xff, 0x50,
    0x00, 0x00, 0x00, 0x00, 0x00, 0x00, 0x00, 0x00,
    0x0f, 0xff, 0xff, 0xff, 0xff, 0xa6, 0xff, 0xff,
    0xff, 0xff, 0xf5, 0x00, 0x00, 0x00, 0x00, 0x00,
    0x00, 0x00, 0x00, 0x00, 0xff, 0xff, 0xff, 0xff,
    0xfa, 0x6f, 0xff, 0xff, 0xff, 0xff, 0x50, 0x00,
    0x00, 0x00, 0x00, 0x00, 0x00, 0x00, 0x00, 0x0f,
    0xff, 0xff, 0xff, 0xff, 0xa6, 0xff, 0xff, 0xff,
    0xff, 0xf5, 0x00, 0x00, 0x00, 0x00, 0x00, 0x00,
    0x00, 0x00, 0x00, 0xff, 0xff, 0xff, 0xff, 0xfa,
    0x6f, 0xff, 0xff, 0xff, 0xff, 0x50, 0x00, 0x00,
    0x00, 0x00, 0x00, 0x00, 0x00, 0x00, 0x0f, 0xff,
    0xff, 0xff, 0xff, 0xa6, 0xff, 0xff, 0xff, 0xff,
    0xf5, 0x00, 0x00, 0x00, 0x00, 0x00, 0x00, 0x00,
    0x00, 0x00, 0xff, 0xff, 0xff, 0xff, 0xfa, 0x6f,
    0xff, 0xff, 0xff, 0xff, 0x50, 0x00, 0x00, 0x00,
    0x00, 0x00, 0x00, 0x00, 0x00, 0x0f, 0xff, 0xff,
    0xff, 0xff, 0xa6, 0xff, 0xff, 0xff, 0xff, 0xf5,
    0x00, 0x00, 0x00, 0x00, 0x00, 0x00, 0x00, 0x00,
    0x00, 0xff, 0xff, 0xff, 0xff, 0xfa, 0x6f, 0xff,
    0xff, 0xff, 0xff, 0x50, 0x00, 0x00, 0x00, 0x00,
    0x00, 0x00, 0x00, 0x00, 0x0f, 0xff, 0xff, 0xff,
    0xff, 0xa6, 0xff, 0xff, 0xff, 0xff, 0xf5, 0x00,
    0x00, 0x00, 0x00, 0x00, 0x00, 0x00, 0x00, 0x00,
    0xff, 0xff, 0xff, 0xff, 0xfa, 0x6f, 0xff, 0xff,
    0xff, 0xff, 0x50, 0x00, 0x00, 0x00, 0x00, 0x00,
    0x00, 0x00, 0x00, 0x0f, 0xff, 0xff, 0xff, 0xff,
    0xa5, 0xff, 0xff, 0xff, 0xff, 0xf5, 0x00, 0x00,
    0x00, 0x00, 0x00, 0x00, 0x00, 0x00, 0x00, 0xff,
    0xff, 0xff, 0xff, 0xfa, 0x5f, 0xff, 0xff, 0xff,
    0xff, 0x60, 0x00, 0x00, 0x00, 0x00, 0x00, 0x00,
    0x00, 0x00, 0x0f, 0xff, 0xff, 0xff, 0xff, 0x94,
    0xff, 0xff, 0xff, 0xff, 0xf7, 0x00, 0x00, 0x00,
    0x00, 0x00, 0x00, 0x00, 0x00, 0x01, 0xff, 0xff,
    0xff, 0xff, 0xf9, 0x3f, 0xff, 0xff, 0xff, 0xff,
    0xa0, 0x00, 0x00, 0x00, 0x00, 0x00, 0x00, 0x00,
    0x00, 0x3f, 0xff, 0xff, 0xff, 0xff, 0x71, 0xff,
    0xff, 0xff, 0xff, 0xfd, 0x00, 0x00, 0x00, 0x00,
    0x00, 0x00, 0x00, 0x00, 0x07, 0xff, 0xff, 0xff,
    0xff, 0xf5, 0x0e, 0xff, 0xff, 0xff, 0xff, 0xf1,
    0x00, 0x00, 0x00, 0x00, 0x00, 0x00, 0x00, 0x00,
    0xbf, 0xff, 0xff, 0xff, 0xff, 0x20, 0xbf, 0xff,
    0xff, 0xff, 0xff, 0x80, 0x00, 0x00, 0x00, 0x00,
    0x00, 0x00, 0x00, 0x2f, 0xff, 0xff, 0xff, 0xff,
    0xf0, 0x06, 0xff, 0xff, 0xff, 0xff, 0xff, 0x10,
    0x00, 0x00, 0x00, 0x00, 0x00, 0x00, 0x0a, 0xff,
    0xff, 0xff, 0xff, 0xfb, 0x00, 0x1f, 0xff, 0xff,
    0xff, 0xff, 0xfc, 0x00, 0x00, 0x00, 0x00, 0x00,
    0x00, 0x06, 0xff, 0xff, 0xff, 0xff, 0xff, 0x60,
    0x00, 0xbf, 0xff, 0xff, 0xff, 0xff, 0xfc, 0x20,
    0x00, 0x00, 0x00, 0x00, 0x08, 0xff, 0xff, 0xff,
    0xff, 0xff, 0xf0, 0x00, 0x04, 0xff, 0xff, 0xff,
    0xff, 0xff, 0xff, 0x94, 0x00, 0x00, 0x02, 0x7e,
    0xff, 0xff, 0xff, 0xff, 0xff, 0xf8, 0x00, 0x00,
    0x0b, 0xff, 0xff, 0xff, 0xff, 0xff, 0xff, 0xff,
    0xed, 0xef, 0xff, 0xff, 0xff, 0xff, 0xff, 0xff,
    0xfe, 0x00, 0x00, 0x00, 0x1e, 0xff, 0xff, 0xff,
    0xff, 0xff, 0xff, 0xff, 0xff, 0xff, 0xff, 0xff,
    0xff, 0xff, 0xff, 0xff, 0x50, 0x00, 0x00, 0x00,
    0x4f, 0xff, 0xff, 0xff, 0xff, 0xff, 0xff, 0xff,
    0xff, 0xff, 0xff, 0xff, 0xff, 0xff, 0xff, 0x80,
    0x00, 0x00, 0x00, 0x00, 0x6f, 0xff, 0xff, 0xff,
    0xff, 0xff, 0xff, 0xff, 0xff, 0xff, 0xff, 0xff,
    0xff, 0xff, 0x90, 0x00, 0x00, 0x00, 0x00, 0x00,
    0x4f, 0xff, 0xff, 0xff, 0xff, 0xff, 0xff, 0xff,
    0xff, 0xff, 0xff, 0xff, 0xff, 0x80, 0x00, 0x00,
    0x00, 0x00, 0x00, 0x00, 0x2b, 0xff, 0xff, 0xff,
    0xff, 0xff, 0xff, 0xff, 0xff, 0xff, 0xff, 0xfd,
    0x40, 0x00, 0x00, 0x00, 0x00, 0x00, 0x00, 0x00,
    0x04, 0xcf, 0xff, 0xff, 0xff, 0xff, 0xff, 0xff,
    0xff, 0xff, 0xe7, 0x00, 0x00, 0x00, 0x00, 0x00,
    0x00, 0x00, 0x00, 0x00, 0x00, 0x28, 0xcf, 0xff,
    0xff, 0xff, 0xff, 0xff, 0xd9, 0x40, 0x00, 0x00,
    0x00, 0x00, 0x00, 0x00, 0x00, 0x00, 0x00, 0x00,
    0x00, 0x00, 0x03, 0x56, 0x77, 0x76, 0x53, 0x10,
    0x00, 0x00, 0x00, 0x00, 0x00, 0x00, 0x00,

    /* U+0056 "V" */
    0x5f, 0xff, 0xff, 0xff, 0xff, 0xf2, 0x00, 0x00,
    0x00, 0x00, 0x00, 0x00, 0x00, 0x00, 0x00, 0x00,
    0x00, 0x00, 0x8f, 0xff, 0xff, 0xff, 0xff, 0x20,
    0xef, 0xff, 0xff, 0xff, 0xff, 0x90, 0x00, 0x00,
    0x00, 0x00, 0x00, 0x00, 0x00, 0x00, 0x00, 0x00,
    0x00, 0x0e, 0xff, 0xff, 0xff, 0xff, 0xb0, 0x07,
    0xff, 0xff, 0xff, 0xff, 0xff, 0x00, 0x00, 0x00,
    0x00, 0x00, 0x00, 0x00, 0x00, 0x00, 0x00, 0x00,
    0x06, 0xff, 0xff, 0xff, 0xff, 0xf4, 0x00, 0x1f,
    0xff, 0xff, 0xff, 0xff, 0xf7, 0x00, 0x00, 0x00,
    0x00, 0x00, 0x00, 0x00, 0x00, 0x00, 0x00, 0x00,
    0xcf, 0xff, 0xff, 0xff, 0xfd, 0x00, 0x00, 0x9f,
    0xff, 0xff, 0xff, 0xff, 0xd0, 0x00, 0x00, 0x00,
    0x00, 0x00, 0x00, 0x00, 0x00, 0x00, 0x00, 0x3f,
    0xff, 0xff, 0xff, 0xff, 0x60, 0x00, 0x02, 0xff,
    0xff, 0xff, 0xff, 0xff, 0x40, 0x00, 0x00, 0x00,
    0x00, 0x00, 0x00, 0x00, 0x00, 0x00, 0x0a, 0xff,
    0xff, 0xff, 0xff, 0xe0, 0x00, 0x00, 0x0b, 0xff,
    0xff, 0xff, 0xff, 0xfb, 0x00, 0x00, 0x00, 0x00,
    0x00, 0x00, 0x00, 0x00, 0x00, 0x01, 0xff, 0xff,
    0xff, 0xff, 0xf8, 0x00, 0x00, 0x00, 0x5f, 0xff,
    0xff, 0xff, 0xff, 0xf2, 0x00, 0x00, 0x00, 0x00,
    0x00, 0x00, 0x00, 0x00, 0x00, 0x8f, 0xff, 0xff,
    0xff, 0xff, 0x20, 0x00, 0x00, 0x00, 0xdf, 0xff,
    0xff, 0xff, 0xff, 0x90, 0x00, 0x00, 0x00, 0x00,
    0x00, 0x00, 0x00, 0x00, 0x0e, 0xff, 0xff, 0xff,
    0xff, 0xa0, 0x00, 0x00, 0x00, 0x07, 0xff, 0xff,
    0xff, 0xff, 0xff, 0x00, 0x00, 0x00, 0x00, 0x00,
    0x00, 0x00, 0x00, 0x06, 0xff, 0xff, 0xff, 0xff,
    0xf3, 0x00, 0x00, 0x00, 0x00, 0x1f, 0xff, 0xff,
    0xff, 0xff, 0xf6, 0x00, 0x00, 0x00, 0x00, 0x00,
    0x00, 0x00, 0x00, 0xdf, 0xff, 0xff, 0xff, 0xfd,
    0x00, 0x00, 0x00, 0x00, 0x00, 0x9f, 0xff, 0xff,
    0xff, 0xff, 0xd0, 0x00, 0x00, 0x00, 0x00, 0x00,
    0x00, 0x00, 0x4f, 0xff, 0xff, 0xff, 0xff, 0x60,
    0x00, 0x00, 0x00, 0x00, 0x02, 0xff, 0xff, 0xff,
    0xff, 0xff, 0x40, 0x00, 0x00, 0x00, 0x00, 0x00,
    0x00, 0x0b, 0xff, 0xff, 0xff, 0xff, 0xe0, 0x00,
    0x00, 0x00, 0x00, 0x00, 0x0b, 0xff, 0xff, 0xff,
    0xff, 0xfb, 0x00, 0x00, 0x00, 0x00, 0x00, 0x00,
    0x02, 0xff, 0xff, 0xff, 0xff, 0xf8, 0x00, 0x00,
    0x00, 0x00, 0x00, 0x00, 0x4f, 0xff, 0xff, 0xff,
    0xff, 0xf2, 0x00, 0x00, 0x00, 0x00, 0x00, 0x00,
    0x9f, 0xff, 0xff, 0xff, 0xff, 0x10, 0x00, 0x00,
    0x00, 0x00, 0x00, 0x00, 0xdf, 0xff, 0xff, 0xff,
    0xff, 0x80, 0x00, 0x00, 0x00, 0x00, 0x00, 0x0f,
    0xff, 0xff, 0xff, 0xff, 0xa0, 0x00, 0x00, 0x00,
    0x00, 0x00, 0x00, 0x06, 0xff, 0xff, 0xff, 0xff,
    0xfe, 0x00, 0x00, 0x00, 0x00, 0x00, 0x06, 0xff,
    0xff, 0xff, 0xff, 0xf3, 0x00, 0x00, 0x00, 0x00,
    0x00, 0x00, 0x00, 0x0f, 0xff, 0xff, 0xff, 0xff,
    0xf6, 0x00, 0x00, 0x00, 0x00, 0x00, 0xdf, 0xff,
    0xff, 0xff, 0xfc, 0x00, 0x00, 0x00, 0x00, 0x00,
    0x00, 0x00, 0x00, 0x9f, 0xff, 0xff, 0xff, 0xff,
    0xd0, 0x00, 0x00, 0x00, 0x00, 0x4f, 0xff, 0xff,
    0xff, 0xff, 0x50, 0x00, 0x00, 0x00, 0x00, 0x00,
    0x00, 0x00, 0x02, 0xff, 0xff, 0xff, 0xff, 0xff,
    0x40, 0x00, 0x00, 0x00, 0x0b, 0xff, 0xff, 0xff,
    0xff, 0xe0, 0x00, 0x00, 0x00, 0x00, 0x00, 0x00,
    0x00, 0x00, 0x0b, 0xff, 0xff, 0xff, 0xff, 0xfa,
    0x00, 0x00, 0x00, 0x02, 0xff, 0xff, 0xff, 0xff,
    0xf7, 0x00, 0x00, 0x00, 0x00, 0x00, 0x00, 0x00,
    0x00, 0x00, 0x4f, 0xff, 0xff, 0xff, 0xff, 0xf1,
    0x00, 0x00, 0x00, 0x9f, 0xff, 0xff, 0xff, 0xff,
    0x10, 0x00, 0x00, 0x00, 0x00, 0x00, 0x00, 0x00,
    0x00, 0x00, 0xdf, 0xff, 0xff, 0xff, 0xff, 0x80,
    0x00, 0x00, 0x1f, 0xff, 0xff, 0xff, 0xff, 0x90,
    0x00, 0x00, 0x00, 0x00, 0x00, 0x00, 0x00, 0x00,
    0x00, 0x06, 0xff, 0xff, 0xff, 0xff, 0xfe, 0x00,
    0x00, 0x07, 0xff, 0xff, 0xff, 0xff, 0xf3, 0x00,
    0x00, 0x00, 0x00, 0x00, 0x00, 0x00, 0x00, 0x00,
    0x00, 0x0e, 0xff, 0xff, 0xff, 0xff, 0xf6, 0x00,
    0x00, 0xef, 0xff, 0xff, 0xff, 0xfc, 0x00, 0x00,
    0x00, 0x00, 0x00, 0x00, 0x00, 0x00, 0x00, 0x00,
    0x00, 0x8f, 0xff, 0xff, 0xff, 0xff, 0xd0, 0x00,
    0x5f, 0xff, 0xff, 0xff, 0xff, 0x50, 0x00, 0x00,
    0x00, 0x00, 0x00, 0x00, 0x00, 0x00, 0x00, 0x00,
    0x01, 0xff, 0xff, 0xff, 0xff, 0xff, 0x30, 0x0c,
    0xff, 0xff, 0xff, 0xff, 0xe0, 0x00, 0x00, 0x00,
    0x00, 0x00, 0x00, 0x00, 0x00, 0x00, 0x00, 0x00,
    0x0a, 0xff, 0xff, 0xff, 0xff, 0xfa, 0x02, 0xff,
    0xff, 0xff, 0xff, 0xf7, 0x00, 0x00, 0x00, 0x00,
    0x00, 0x00, 0x00, 0x00, 0x00, 0x00, 0x00, 0x00,
    0x4f, 0xff, 0xff, 0xff, 0xff, 0xf1, 0x9f, 0xff,
    0xff, 0xff, 0xff, 0x10, 0x00, 0x00, 0x00, 0x00,
    0x00, 0x00, 0x00, 0x00, 0x00, 0x00, 0x00, 0x00,
    0xdf, 0xff, 0xff, 0xff, 0xff, 0x9f, 0xff, 0xff,
    0xff, 0xff, 0x90, 0x00, 0x00, 0x00, 0x00, 0x00,
    0x00, 0x00, 0x00, 0x00, 0x00, 0x00, 0x00, 0x06,
    0xff, 0xff, 0xff, 0xff, 0xff, 0xff, 0xff, 0xff,
    0xff, 0xf2, 0x00, 0x00, 0x00, 0x00, 0x00, 0x00,
    0x00, 0x00, 0x00, 0x00, 0x00, 0x00, 0x00, 0x0e,
    0xff, 0xff, 0xff, 0xff, 0xff, 0xff, 0xff, 0xff,
    0xfb, 0x00, 0x00, 0x00, 0x00, 0x00, 0x00, 0x00,
    0x00, 0x00, 0x00, 0x00, 0x00, 0x00, 0x00, 0x8f,
    0xff, 0xff, 0xff, 0xff, 0xff, 0xff, 0xff, 0xff,
    0x40, 0x00, 0x00, 0x00, 0x00, 0x00, 0x00, 0x00,
    0x00, 0x00, 0x00, 0x00, 0x00, 0x00, 0x01, 0xff,
    0xff, 0xff, 0xff, 0xff, 0xff, 0xff, 0xff, 0xd0,
    0x00, 0x00, 0x00, 0x00, 0x00, 0x00, 0x00, 0x00,
    0x00, 0x00, 0x00, 0x00, 0x00, 0x00, 0x0a, 0xff,
    0xff, 0xff, 0xff, 0xff, 0xff, 0xff, 0xf6, 0x00,
    0x00, 0x00, 0x00, 0x00, 0x00, 0x00, 0x00, 0x00,
    0x00, 0x00, 0x00, 0x00, 0x00, 0x00, 0x3f, 0xff,
    0xff, 0xff, 0xff, 0xff, 0xff, 0xff, 0x00, 0x00,
    0x00, 0x00, 0x00, 0x00, 0x00, 0x00, 0x00, 0x00,
    0x00, 0x00, 0x00, 0x00, 0x00, 0x00, 0xcf, 0xff,
    0xff, 0xff, 0xff, 0xff, 0xff, 0x90, 0x00, 0x00,
    0x00, 0x00, 0x00, 0x00, 0x00, 0x00, 0x00, 0x00,
    0x00, 0x00, 0x00, 0x00, 0x00, 0x05, 0xff, 0xff,
    0xff, 0xff, 0xff, 0xff, 0xf2, 0x00, 0x00, 0x00,
    0x00, 0x00, 0x00, 0x00, 0x00, 0x00, 0x00, 0x00,
    0x00, 0x00, 0x00, 0x00, 0x00, 0x0e, 0xff, 0xff,
    0xff, 0xff, 0xff, 0xfb, 0x00, 0x00, 0x00, 0x00,
    0x00, 0x00, 0x00, 0x00, 0x00, 0x00, 0x00, 0x00,
    0x00, 0x00, 0x00, 0x00, 0x00, 0x8f, 0xff, 0xff,
    0xff, 0xff, 0xff, 0x40, 0x00, 0x00, 0x00, 0x00,
    0x00, 0x00, 0x00, 0x00, 0x00, 0x00, 0x00, 0x00,
    0x00, 0x00, 0x00, 0x00, 0x01, 0xff, 0xff, 0xff,
    0xff, 0xff, 0xd0, 0x00, 0x00, 0x00, 0x00, 0x00,
    0x00, 0x00, 0x00, 0x00, 0x00, 0x00, 0x00, 0x00,
    0x00, 0x00, 0x00, 0x00, 0x0a, 0xff, 0xff, 0xff,
    0xff, 0xf6, 0x00, 0x00, 0x00, 0x00, 0x00, 0x00,
    0x00, 0x00, 0x00,

    /* U+0057 "W" */
    0x8f, 0xff, 0xff, 0xff, 0xff, 0x90, 0x00, 0x00,
    0x00, 0x00, 0x00, 0x00, 0x00, 0x00, 0x06, 0xff,
    0xff, 0xff, 0xff, 0xe0, 0x00, 0x00, 0x00, 0x00,
    0x00, 0x00, 0x00, 0x00, 0x00, 0xff, 0xff, 0xff,
    0xff, 0xf4, 0x3f, 0xff, 0xff, 0xff, 0xff, 0xe0,
    0x00, 0x00, 0x00, 0x00, 0x00, 0x00, 0x00, 0x00,
    0x0b, 0xff, 0xff, 0xff, 0xff, 0xf4, 0x00, 0x00,
    0x00, 0x00, 0x00, 0x00, 0x00, 0x00, 0x05, 0xff,
    0xff, 0xff, 0xff, 0xf0, 0x0d, 0xff, 0xff, 0xff,
    0xff, 0xf3, 0x00, 0x00, 0x00, 0x00, 0x00, 0x00,
    0x00, 0x00, 0x1f, 0xff, 0xff, 0xff, 0xff, 0xf9,
    0x00, 0x00, 0x00, 0x00, 0x00, 0x00, 0x00, 0x00,
    0x0a, 0xff, 0xff, 0xff, 0xff, 0xa0, 0x08, 0xff,
    0xff, 0xff, 0xff, 0xf8, 0x00, 0x00, 0x00, 0x00,
    0x00, 0x00, 0x00, 0x00, 0x6f, 0xff, 0xff, 0xff,
    0xff, 0xfe, 0x00, 0x00, 0x00, 0x00, 0x00, 0x00,
    0x00, 0x00, 0x0f, 0xff, 0xff, 0xff, 0xff, 0x40,
    0x03, 0xff, 0xff, 0xff, 0xff, 0xfd, 0x00, 0x00,
    0x00, 0x00, 0x00, 0x00, 0x00, 0x00, 0xbf, 0xff,
    0xff, 0xff, 0xff, 0xff, 0x30, 0x00, 0x00, 0x00,
    0x00, 0x00, 0x00, 0x00, 0x5f, 0xff, 0xff, 0xff,
    0xff, 0x00, 0x00, 0xef, 0xff, 0xff, 0xff, 0xff,
    0x20, 0x00, 0x00, 0x00, 0x00, 0x00, 0x00, 0x01,
    0xff, 0xff, 0xff, 0xff, 0xff, 0xff, 0x80, 0x00,
    0x00, 0x00, 0x00, 0x00, 0x00, 0x00, 0xaf, 0xff,
    0xff, 0xff, 0xfa, 0x00, 0x00, 0x8f, 0xff, 0xff,
    0xff, 0xff, 0x70, 0x00, 0x00, 0x00, 0x00, 0x00,
    0x00, 0x06, 0xff, 0xff, 0xff, 0xff, 0xff, 0xff,
    0xd0, 0x00, 0x00, 0x00, 0x00, 0x00, 0x00, 0x00,
    0xff, 0xff, 0xff, 0xff, 0xf5, 0x00, 0x00, 0x3f,
    0xff, 0xff, 0xff, 0xff, 0xc0, 0x00, 0x00, 0x00,
    0x00, 0x00, 0x00, 0x0b, 0xff, 0xff, 0xff, 0xff,
    0xff, 0xff, 0xf3, 0x00, 0x00, 0x00, 0x00, 0x00,
    0x00, 0x04, 0xff, 0xff, 0xff, 0xff, 0xf0, 0x00,
    0x00, 0x0e, 0xff, 0xff, 0xff, 0xff, 0xf2, 0x00,
    0x00, 0x00, 0x00, 0x00, 0x00, 0x1f, 0xff, 0xff,
    0xff, 0xff, 0xff, 0xff, 0xf8, 0x00, 0x00, 0x00,
    0x00, 0x00, 0x00, 0x0a, 0xff, 0xff, 0xff, 0xff,
    0xa0, 0x00, 0x00, 0x09, 0xff, 0xff, 0xff, 0xff,
    0xf7, 0x00, 0x00, 0x00, 0x00, 0x00, 0x00, 0x6f,
    0xff, 0xff, 0xff, 0xff, 0xff, 0xff, 0xfd, 0x00,
    0x00, 0x00, 0x00, 0x00, 0x00, 0x0f, 0xff, 0xff,
    0xff, 0xff, 0x50, 0x00, 0x00, 0x03, 0xff, 0xff,
    0xff, 0xff, 0xfc, 0x00, 0x00, 0x00, 0x00, 0x00,
    0x00, 0xbf, 0xff, 0xff, 0xff, 0xff, 0xff, 0xff,
    0xff, 0x20, 0x00, 0x00, 0x00, 0x00, 0x00, 0x4f,
    0xff, 0xff, 0xff, 0xff, 0x00, 0x00, 0x00, 0x00,
    0xef, 0xff, 0xff, 0xff, 0xff, 0x10, 0x00, 0x00,
    0x00, 0x00, 0x01, 0xff, 0xff, 0xff, 0xff, 0xff,
    0xff, 0xff, 0xff, 0x70, 0x00, 0x00, 0x00, 0x00,
    0x00, 0xaf, 0xff, 0xff, 0xff, 0xfb, 0x00, 0x00,
    0x00, 0x00, 0x9f, 0xff, 0xff, 0xff, 0xff, 0x60,
    0x00, 0x00, 0x00, 0x00, 0x06, 0xff, 0xff, 0xff,
    0xff, 0xff, 0xff, 0xff, 0xff, 0xc0, 0x00, 0x00,
    0x00, 0x00, 0x00, 0xef, 0xff, 0xff, 0xff, 0xf5,
    0x00, 0x00, 0x00, 0x00, 0x4f, 0xff, 0xff, 0xff,
    0xff, 0xb0, 0x00, 0x00, 0x00, 0x00, 0x0c, 0xff,
    0xff, 0xff, 0xff, 0xff, 0xff, 0xff, 0xff, 0xf2,
    0x00, 0x00, 0x00, 0x00, 0x04, 0xff, 0xff, 0xff,
    0xff, 0xf0, 0x00, 0x00, 0x00, 0x00, 0x0e, 0xff,
    0xff, 0xff, 0xff, 0xf1, 0x00, 0x00, 0x00, 0x00,
    0x1f, 0xff, 0xff, 0xff, 0xfb, 0xaf, 0xff, 0xff,
    0xff, 0xf7, 0x00, 0x00, 0x00, 0x00, 0x09, 0xff,
    0xff, 0xff, 0xff, 0xb0, 0x00, 0x00, 0x00, 0x00,
    0x09, 0xff, 0xff, 0xff, 0xff, 0xf6, 0x00, 0x00,
    0x00, 0x00, 0x6f, 0xff, 0xff, 0xff, 0xf6, 0x5f,
    0xff, 0xff, 0xff, 0xfc, 0x00, 0x00, 0x00, 0x00,
    0x0e, 0xff, 0xff, 0xff, 0xff, 0x60, 0x00, 0x00,
    0x00, 0x00, 0x04, 0xff, 0xff, 0xff, 0xff, 0xfb,
    0x00, 0x00, 0x00, 0x00, 0xcf, 0xff, 0xff, 0xff,
    0xf1, 0x0f, 0xff, 0xff, 0xff, 0xff, 0x10, 0x00,
    0x00, 0x00, 0x4f, 0xff, 0xff, 0xff, 0xff, 0x10,
    0x00, 0x00, 0x00, 0x00, 0x00, 0xef, 0xff, 0xff,
    0xff, 0xff, 0x00, 0x00, 0x00, 0x01, 0xff, 0xff,
    0xff, 0xff, 0xb0, 0x0a, 0xff, 0xff, 0xff, 0xff,
    0x60, 0x00, 0x00, 0x00, 0x9f, 0xff, 0xff, 0xff,
    0xfb, 0x00, 0x00, 0x00, 0x00, 0x00, 0x00, 0x9f,
    0xff, 0xff, 0xff, 0xff, 0x50, 0x00, 0x00, 0x06,
    0xff, 0xff, 0xff, 0xff, 0x60, 0x05, 0xff, 0xff,
    0xff, 0xff, 0xb0, 0x00, 0x00, 0x00, 0xef, 0xff,
    0xff, 0xff, 0xf6, 0x00, 0x00, 0x00, 0x00, 0x00,
    0x00, 0x4f, 0xff, 0xff, 0xff, 0xff, 0xa0, 0x00,
    0x00, 0x0c, 0xff, 0xff, 0xff, 0xff, 0x10, 0x00,
    0xff, 0xff, 0xff, 0xff, 0xf1, 0x00, 0x00, 0x04,
    0xff, 0xff, 0xff, 0xff, 0xf1, 0x00, 0x00, 0x00,
    0x00, 0x00, 0x00, 0x0e, 0xff, 0xff, 0xff, 0xff,
    0xf0, 0x00, 0x00, 0x1f, 0xff, 0xff, 0xff, 0xfb,
    0x00, 0x00, 0xbf, 0xff, 0xff, 0xff, 0xf6, 0x00,
    0x00, 0x09, 0xff, 0xff, 0xff, 0xff, 0xb0, 0x00,
    0x00, 0x00, 0x00, 0x00, 0x00, 0x09, 0xff, 0xff,
    0xff, 0xff, 0xf4, 0x00, 0x00, 0x7f, 0xff, 0xff,
    0xff, 0xf6, 0x00, 0x00, 0x6f, 0xff, 0xff, 0xff,
    0xfb, 0x00, 0x00, 0x0e, 0xff, 0xff, 0xff, 0xff,
    0x60, 0x00, 0x00, 0x00, 0x00, 0x00, 0x00, 0x04,
    0xff, 0xff, 0xff, 0xff, 0xf9, 0x00, 0x00, 0xcf,
    0xff, 0xff, 0xff, 0xf1, 0x00, 0x00, 0x1f, 0xff,
    0xff, 0xff, 0xff, 0x00, 0x00, 0x3f, 0xff, 0xff,
    0xff, 0xff, 0x10, 0x00, 0x00, 0x00, 0x00, 0x00,
    0x00, 0x00, 0xef, 0xff, 0xff, 0xff, 0xfe, 0x00,
    0x01, 0xff, 0xff, 0xff, 0xff, 0xb0, 0x00, 0x00,
    0x0b, 0xff, 0xff, 0xff, 0xff, 0x50, 0x00, 0x9f,
    0xff, 0xff, 0xff, 0xfc, 0x00, 0x00, 0x00, 0x00,
    0x00, 0x00, 0x00, 0x00, 0xaf, 0xff, 0xff, 0xff,
    0xff, 0x40, 0x07, 0xff, 0xff, 0xff, 0xff, 0x50,
    0x00, 0x00, 0x06, 0xff, 0xff, 0xff, 0xff, 0xa0,
    0x00, 0xef, 0xff, 0xff, 0xff, 0xf7, 0x00, 0x00,
    0x00, 0x00, 0x00, 0x00, 0x00, 0x00, 0x4f, 0xff,
    0xff, 0xff, 0xff, 0x90, 0x0c, 0xff, 0xff, 0xff,
    0xff, 0x10, 0x00, 0x00, 0x01, 0xff, 0xff, 0xff,
    0xff, 0xf0, 0x03, 0xff, 0xff, 0xff, 0xff, 0xf1,
    0x00, 0x00, 0x00, 0x00, 0x00, 0x00, 0x00, 0x00,
    0x0f, 0xff, 0xff, 0xff, 0xff, 0xe0, 0x1f, 0xff,
    0xff, 0xff, 0xfb, 0x00, 0x00, 0x00, 0x00, 0xcf,
    0xff, 0xff, 0xff, 0xf5, 0x08, 0xff, 0xff, 0xff,
    0xff, 0xc0, 0x00, 0x00, 0x00, 0x00, 0x00, 0x00,
    0x00, 0x00, 0x0a, 0xff, 0xff, 0xff, 0xff, 0xf3,
    0x7f, 0xff, 0xff, 0xff, 0xf5, 0x00, 0x00, 0x00,
    0x00, 0x6f, 0xff, 0xff, 0xff, 0xfa, 0x0e, 0xff,
    0xff, 0xff, 0xff, 0x70, 0x00, 0x00, 0x00, 0x00,
    0x00, 0x00, 0x00, 0x00, 0x05, 0xff, 0xff, 0xff,
    0xff, 0xf8, 0xcf, 0xff, 0xff, 0xff, 0xf0, 0x00,
    0x00, 0x00, 0x00, 0x1f, 0xff, 0xff, 0xff, 0xff,
    0x3f, 0xff, 0xff, 0xff, 0xff, 0x20, 0x00, 0x00,
    0x00, 0x00, 0x00, 0x00, 0x00, 0x00, 0x00, 0xff,
    0xff, 0xff, 0xff, 0xfe, 0xff, 0xff, 0xff, 0xff,
    0xb0, 0x00, 0x00, 0x00, 0x00, 0x0c, 0xff, 0xff,
    0xff, 0xff, 0xcf, 0xff, 0xff, 0xff, 0xfc, 0x00,
    0x00, 0x00, 0x00, 0x00, 0x00, 0x00, 0x00, 0x00,
    0x00, 0xaf, 0xff, 0xff, 0xff, 0xff, 0xff, 0xff,
    0xff, 0xff, 0x50, 0x00, 0x00, 0x00, 0x00, 0x07,
    0xff, 0xff, 0xff, 0xff, 0xff, 0xff, 0xff, 0xff,
    0xf7, 0x00, 0x00, 0x00, 0x00, 0x00, 0x00, 0x00,
    0x00, 0x00, 0x00, 0x5f, 0xff, 0xff, 0xff, 0xff,
    0xff, 0xff, 0xff, 0xff, 0x00, 0x00, 0x00, 0x00,
    0x00, 0x02, 0xff, 0xff, 0xff, 0xff, 0xff, 0xff,
    0xff, 0xff, 0xf2, 0x00, 0x00, 0x00, 0x00, 0x00,
    0x00, 0x00, 0x00, 0x00, 0x00, 0x0f, 0xff, 0xff,
    0xff, 0xff, 0xff, 0xff, 0xff, 0xfb, 0x00, 0x00,
    0x00, 0x00, 0x00, 0x00, 0xcf, 0xff, 0xff, 0xff,
    0xff, 0xff, 0xff, 0xff, 0xd0, 0x00, 0x00, 0x00,
    0x00, 0x00, 0x00, 0x00, 0x00, 0x00, 0x00, 0x0a,
    0xff, 0xff, 0xff, 0xff, 0xff, 0xff, 0xff, 0xf5,
    0x00, 0x00, 0x00, 0x00, 0x00, 0x00, 0x7f, 0xff,
    0xff, 0xff, 0xff, 0xff, 0xff, 0xff, 0x70, 0x00,
    0x00, 0x00, 0x00, 0x00, 0x00, 0x00, 0x00, 0x00,
    0x00, 0x05, 0xff, 0xff, 0xff, 0xff, 0xff, 0xff,
    0xff, 0xf0, 0x00, 0x00, 0x00, 0x00, 0x00, 0x00,
    0x2f, 0xff, 0xff, 0xff, 0xff, 0xff, 0xff, 0xff,
    0x20, 0x00, 0x00, 0x00, 0x00, 0x00, 0x00, 0x00,
    0x00, 0x00, 0x00, 0x00, 0xff, 0xff, 0xff, 0xff,
    0xff, 0xff, 0xff, 0xa0, 0x00, 0x00, 0x00, 0x00,
    0x00, 0x00, 0x0d, 0xff, 0xff, 0xff, 0xff, 0xff,
    0xff, 0xfd, 0x00, 0x00, 0x00, 0x00, 0x00, 0x00,
    0x00, 0x00, 0x00, 0x00, 0x00, 0x00, 0xaf, 0xff,
    0xff, 0xff, 0xff, 0xff, 0xff, 0x50, 0x00, 0x00,
    0x00, 0x00, 0x00, 0x00, 0x08, 0xff, 0xff, 0xff,
    0xff, 0xff, 0xff, 0xf8, 0x00, 0x00, 0x00, 0x00,
    0x00, 0x00, 0x00, 0x00, 0x00, 0x00, 0x00, 0x00,
    0x5f, 0xff, 0xff, 0xff, 0xff, 0xff, 0xff, 0x00,
    0x00, 0x00, 0x00, 0x00, 0x00, 0x00, 0x02, 0xff,
    0xff, 0xff, 0xff, 0xff, 0xff, 0xf3, 0x00, 0x00,
    0x00, 0x00, 0x00, 0x00, 0x00, 0x00, 0x00, 0x00,
    0x00, 0x00, 0x0f, 0xff, 0xff, 0xff, 0xff, 0xff,
    0xfa, 0x00, 0x00, 0x00, 0x00, 0x00, 0x00, 0x00,
    0x00, 0xdf, 0xff, 0xff, 0xff, 0xff, 0xff, 0xd0,
    0x00, 0x00, 0x00, 0x00, 0x00, 0x00, 0x00, 0x00,
    0x00, 0x00, 0x00, 0x00, 0x0b, 0xff, 0xff, 0xff,
    0xff, 0xff, 0xf5, 0x00, 0x00, 0x00, 0x00, 0x00,
    0x00, 0x00, 0x00, 0x8f, 0xff, 0xff, 0xff, 0xff,
    0xff, 0x80, 0x00, 0x00, 0x00, 0x00, 0x00, 0x00,
    0x00, 0x00, 0x00, 0x00, 0x00, 0x00, 0x05, 0xff,
    0xff, 0xff, 0xff, 0xff, 0xf0, 0x00, 0x00, 0x00,
    0x00, 0x00, 0x00, 0x00, 0x00, 0x3f, 0xff, 0xff,
    0xff, 0xff, 0xff, 0x30, 0x00, 0x00, 0x00, 0x00,
    0x00, 0x00, 0x00, 0x00, 0x00, 0x00, 0x00, 0x00,
    0x01, 0xff, 0xff, 0xff, 0xff, 0xff, 0xa0, 0x00,
    0x00, 0x00, 0x00, 0x00, 0x00, 0x00, 0x00, 0x0e,
    0xff, 0xff, 0xff, 0xff, 0xfe, 0x00, 0x00, 0x00,
    0x00, 0x00, 0x00, 0x00,

    /* U+0058 "X" */
    0x0b, 0xff, 0xff, 0xff, 0xff, 0xff, 0x50, 0x00,
    0x00, 0x00, 0x00, 0x00, 0x00, 0x00, 0x00, 0x3f,
    0xff, 0xff, 0xff, 0xff, 0xf4, 0x00, 0x1e, 0xff,
    0xff, 0xff, 0xff, 0xff, 0x10, 0x00, 0x00, 0x00,
    0x00, 0x00, 0x00, 0x00, 0x0d, 0xff, 0xff, 0xff,
    0xff, 0xf8, 0x00, 0x00, 0x4f, 0xff, 0xff, 0xff,
    0xff, 0xfc, 0x00, 0x00, 0x00, 0x00, 0x00, 0x00,
    0x00, 0x09, 0xff, 0xff, 0xff, 0xff, 0xfc, 0x00,
    0x00, 0x00, 0x8f, 0xff, 0xff, 0xff, 0xff, 0xf7,
    0x00, 0x00, 0x00, 0x00, 0x00, 0x00, 0x05, 0xff,
    0xff, 0xff, 0xff, 0xff, 0x20, 0x00, 0x00, 0x00,
    0xdf, 0xff, 0xff, 0xff, 0xff, 0xf3, 0x00, 0x00,
    0x00, 0x00, 0x00, 0x01, 0xef, 0xff, 0xff, 0xff,
    0xff, 0x60, 0x00, 0x00, 0x00, 0x02, 0xff, 0xff,
    0xff, 0xff, 0xff, 0xd0, 0x00, 0x00, 0x00, 0x00,
    0x00, 0xbf, 0xff, 0xff, 0xff, 0xff, 0xa0, 0x00,
    0x00, 0x00, 0x00, 0x06, 0xff, 0xff, 0xff, 0xff,
    0xff, 0x90, 0x00, 0x00, 0x00, 0x00, 0x7f, 0xff,
    0xff, 0xff, 0xff, 0xe1, 0x00, 0x00, 0x00, 0x00,
    0x00, 0x0b, 0xff, 0xff, 0xff, 0xff, 0xff, 0x40,
    0x00, 0x00, 0x00, 0x2f, 0xff, 0xff, 0xff, 0xff,
    0xf3, 0x00, 0x00, 0x00, 0x00, 0x00, 0x00, 0x1e,
    0xff, 0xff, 0xff, 0xff, 0xfe, 0x10, 0x00, 0x00,
    0x0d, 0xff, 0xff, 0xff, 0xff, 0xf8, 0x00, 0x00,
    0x00, 0x00, 0x00, 0x00, 0x00, 0x4f, 0xff, 0xff,
    0xff, 0xff, 0xfb, 0x00, 0x00, 0x08, 0xff, 0xff,
    0xff, 0xff, 0xfc, 0x00, 0x00, 0x00, 0x00, 0x00,
    0x00, 0x00, 0x00, 0x9f, 0xff, 0xff, 0xff, 0xff,
    0xf6, 0x00, 0x04, 0xff, 0xff, 0xff, 0xff, 0xff,
    0x10, 0x00, 0x00, 0x00, 0x00, 0x00, 0x00, 0x00,
    0x00, 0xdf, 0xff, 0xff, 0xff, 0xff, 0xf2, 0x01,
    0xef, 0xff, 0xff, 0xff, 0xff, 0x50, 0x00, 0x00,
    0x00, 0x00, 0x00, 0x00, 0x00, 0x00, 0x02, 0xff,
    0xff, 0xff, 0xff, 0xff, 0xd0, 0xaf, 0xff, 0xff,
    0xff, 0xff, 0x90, 0x00, 0x00, 0x00, 0x00, 0x00,
    0x00, 0x00, 0x00, 0x00, 0x06, 0xff, 0xff, 0xff,
    0xff, 0xff, 0xcf, 0xff, 0xff, 0xff, 0xff, 0xd0,
    0x00, 0x00, 0x00, 0x00, 0x00, 0x00, 0x00, 0x00,
    0x00, 0x00, 0x0b, 0xff, 0xff, 0xff, 0xff, 0xff,
    0xff, 0xff, 0xff, 0xff, 0xf3, 0x00, 0x00, 0x00,
    0x00, 0x00, 0x00, 0x00, 0x00, 0x00, 0x00, 0x00,
    0x1e, 0xff, 0xff, 0xff, 0xff, 0xff, 0xff, 0xff,
    0xff, 0xf7, 0x00, 0x00, 0x00, 0x00, 0x00, 0x00,
    0x00, 0x00, 0x00, 0x00, 0x00, 0x00, 0x4f, 0xff,
    0xff, 0xff, 0xff, 0xff, 0xff, 0xff, 0xfb, 0x00,
    0x00, 0x00, 0x00, 0x00, 0x00, 0x00, 0x00, 0x00,
    0x00, 0x00, 0x00, 0x00, 0x9f, 0xff, 0xff, 0xff,
    0xff, 0xff, 0xff, 0xfe, 0x10, 0x00, 0x00, 0x00,
    0x00, 0x00, 0x00, 0x00, 0x00, 0x00, 0x00, 0x00,
    0x00, 0x00, 0xdf, 0xff, 0xff, 0xff, 0xff, 0xff,
    0xff, 0x40, 0x00, 0x00, 0x00, 0x00, 0x00, 0x00,
    0x00, 0x00, 0x00, 0x00, 0x00, 0x00, 0x00, 0x02,
    0xff, 0xff, 0xff, 0xff, 0xff, 0xff, 0x80, 0x00,
    0x00, 0x00, 0x00, 0x00, 0x00, 0x00, 0x00, 0x00,
    0x00, 0x00, 0x00, 0x00, 0x00, 0x08, 0xff, 0xff,
    0xff, 0xff, 0xff, 0xf3, 0x00, 0x00, 0x00, 0x00,
    0x00, 0x00, 0x00, 0x00, 0x00, 0x00, 0x00, 0x00,
    0x00, 0x00, 0x01, 0xef, 0xff, 0xff, 0xff, 0xff,
    0xff, 0xd0, 0x00, 0x00, 0x00, 0x00, 0x00, 0x00,
    0x00, 0x00, 0x00, 0x00, 0x00, 0x00, 0x00, 0x00,
    0xbf, 0xff, 0xff, 0xff, 0xff, 0xff, 0xff, 0x90,
    0x00, 0x00, 0x00, 0x00, 0x00, 0x00, 0x00, 0x00,
    0x00, 0x00, 0x00, 0x00, 0x00, 0x6f, 0xff, 0xff,
    0xff, 0xff, 0xff, 0xff, 0xff, 0x50, 0x00, 0x00,
    0x00, 0x00, 0x00, 0x00, 0x00, 0x00, 0x00, 0x00,
    0x00, 0x00, 0x2f, 0xff, 0xff, 0xff, 0xff, 0xff,
    0xff, 0xff, 0xfe, 0x10, 0x00, 0x00, 0x00, 0x00,
    0x00, 0x00, 0x00, 0x00, 0x00, 0x00, 0x00, 0x0d,
    0xff, 0xff, 0xff, 0xff, 0xff, 0xff, 0xff, 0xff,
    0xfb, 0x00, 0x00, 0x00, 0x00, 0x00, 0x00, 0x00,
    0x00, 0x00, 0x00, 0x00, 0x09, 0xff, 0xff, 0xff,
    0xff, 0xff, 0xff, 0xff, 0xff, 0xff, 0xf7, 0x00,
    0x00, 0x00, 0x00, 0x00, 0x00, 0x00, 0x00, 0x00,
    0x00, 0x05, 0xff, 0xff, 0xff, 0xff, 0xff, 0xcf,
    0xff, 0xff, 0xff, 0xff, 0xf3, 0x00, 0x00, 0x00,
    0x00, 0x00, 0x00, 0x00, 0x00, 0x00, 0x01, 0xef,
    0xff, 0xff, 0xff, 0xff, 0x81, 0xef, 0xff, 0xff,
    0xff, 0xff, 0xd0, 0x00, 0x00, 0x00, 0x00, 0x00,
    0x00, 0x00, 0x00, 0x00, 0xbf, 0xff, 0xff, 0xff,
    0xff, 0xd0, 0x04, 0xff, 0xff, 0xff, 0xff, 0xff,
    0xa0, 0x00, 0x00, 0x00, 0x00, 0x00, 0x00, 0x00,
    0x00, 0x7f, 0xff, 0xff, 0xff, 0xff, 0xf3, 0x00,
    0x09, 0xff, 0xff, 0xff, 0xff, 0xff, 0x50, 0x00,
    0x00, 0x00, 0x00, 0x00, 0x00, 0x00, 0x3f, 0xff,
    0xff, 0xff, 0xff, 0xf8, 0x00, 0x00, 0x0d, 0xff,
    0xff, 0xff, 0xff, 0xff, 0x20, 0x00, 0x00, 0x00,
    0x00, 0x00, 0x00, 0x0d, 0xff, 0xff, 0xff, 0xff,
    0xfc, 0x00, 0x00, 0x00, 0x3f, 0xff, 0xff, 0xff,
    0xff, 0xfc, 0x00, 0x00, 0x00, 0x00, 0x00, 0x00,
    0x0a, 0xff, 0xff, 0xff, 0xff, 0xff, 0x20, 0x00,
    0x00, 0x00, 0x7f, 0xff, 0xff, 0xff, 0xff, 0xf8,
    0x00, 0x00, 0x00, 0x00, 0x00, 0x06, 0xff, 0xff,
    0xff, 0xff, 0xff, 0x70, 0x00, 0x00, 0x00, 0x00,
    0xcf, 0xff, 0xff, 0xff, 0xff, 0xf4, 0x00, 0x00,
    0x00, 0x00, 0x02, 0xff, 0xff, 0xff, 0xff, 0xff,
    0xc0, 0x00, 0x00, 0x00, 0x00, 0x02, 0xff, 0xff,
    0xff, 0xff, 0xff, 0xe1, 0x00, 0x00, 0x00, 0x00,
    0xcf, 0xff, 0xff, 0xff, 0xff, 0xf2, 0x00, 0x00,
    0x00, 0x00, 0x00, 0x06, 0xff, 0xff, 0xff, 0xff,
    0xff, 0xb0, 0x00, 0x00, 0x00, 0x8f, 0xff, 0xff,
    0xff, 0xff, 0xf6, 0x00, 0x00, 0x00, 0x00, 0x00,
    0x00, 0x0b, 0xff, 0xff, 0xff, 0xff, 0xff, 0x60,
    0x00, 0x00, 0x4f, 0xff, 0xff, 0xff, 0xff, 0xfb,
    0x00, 0x00, 0x00, 0x00, 0x00, 0x00, 0x00, 0x1e,
    0xff, 0xff, 0xff, 0xff, 0xff, 0x20, 0x00, 0x1e,
    0xff, 0xff, 0xff, 0xff, 0xff, 0x10, 0x00, 0x00,
    0x00, 0x00, 0x00, 0x00, 0x00, 0x4f, 0xff, 0xff,
    0xff, 0xff, 0xfd, 0x00, 0x0b, 0xff, 0xff, 0xff,
    0xff, 0xff, 0x50, 0x00, 0x00, 0x00, 0x00, 0x00,
    0x00, 0x00, 0x00, 0x9f, 0xff, 0xff, 0xff, 0xff,
    0xf9, 0x07, 0xff, 0xff, 0xff, 0xff, 0xff, 0xa0,
    0x00, 0x00, 0x00, 0x00, 0x00, 0x00, 0x00, 0x00,
    0x00, 0xdf, 0xff, 0xff, 0xff, 0xff, 0xf4,

    /* U+0059 "Y" */
    0x8f, 0xff, 0xff, 0xff, 0xff, 0xc0, 0x00, 0x00,
    0x00, 0x00, 0x00, 0x00, 0x00, 0x00, 0x00, 0x00,
    0x6f, 0xff, 0xff, 0xff, 0xff, 0x20, 0xef, 0xff,
    0xff, 0xff, 0xff, 0x60, 0x00, 0x00, 0x00, 0x00,
    0x00, 0x00, 0x00, 0x00, 0x00, 0x1e, 0xff, 0xff,
    0xff, 0xff, 0x80, 0x05, 0xff, 0xff, 0xff, 0xff,
    0xfe, 0x10, 0x00, 0x00, 0x00, 0x00, 0x00, 0x00,
    0x00, 0x00, 0x09, 0xff, 0xff, 0xff, 0xff, 0xe0,
    0x00, 0x0b, 0xff, 0xff, 0xff, 0xff, 0xf9, 0x00,
    0x00, 0x00, 0x00, 0x00, 0x00, 0x00, 0x00, 0x03,
    0xff, 0xff, 0xff, 0xff, 0xf5, 0x00, 0x00, 0x2f,
    0xff, 0xff, 0xff, 0xff, 0xf2, 0x00, 0x00, 0x00,
    0x00, 0x00, 0x00, 0x00, 0x00, 0xcf, 0xff, 0xff,
    0xff, 0xfb, 0x00, 0x00, 0x00, 0x8f, 0xff, 0xff,
    0xff, 0xff, 0xc0, 0x00, 0x00, 0x00, 0x00, 0x00,
    0x00, 0x00, 0x6f, 0xff, 0xff, 0xff, 0xff, 0x20,
    0x00, 0x00, 0x00, 0xef, 0xff, 0xff, 0xff, 0xff,
    0x50, 0x00, 0x00, 0x00, 0x00, 0x00, 0x00, 0x1e,
    0xff, 0xff, 0xff, 0xff, 0x80, 0x00, 0x00, 0x00,
    0x05, 0xff, 0xff, 0xff, 0xff, 0xfe, 0x00, 0x00,
    0x00, 0x00, 0x00, 0x00, 0x09, 0xff, 0xff, 0xff,
    0xff, 0xe0, 0x00, 0x00, 0x00, 0x00, 0x0b, 0xff,
    0xff, 0xff, 0xff, 0xf9, 0x00, 0x00, 0x00, 0x00,
    0x00, 0x03, 0xff, 0xff, 0xff, 0xff, 0xf5, 0x00,
    0x00, 0x00, 0x00, 0x00, 0x2f, 0xff, 0xff, 0xff,
    0xff, 0xf2, 0x00, 0x00, 0x00, 0x00, 0x00, 0xcf,
    0xff, 0xff, 0xff, 0xfb, 0x00, 0x00, 0x00, 0x00,
    0x00, 0x00, 0x8f, 0xff, 0xff, 0xff, 0xff, 0xc0,
    0x00, 0x00, 0x00, 0x00, 0x6f, 0xff, 0xff, 0xff,
    0xff, 0x20, 0x00, 0x00, 0x00, 0x00, 0x00, 0x00,
    0xef, 0xff, 0xff, 0xff, 0xff, 0x50, 0x00, 0x00,
    0x00, 0x1f, 0xff, 0xff, 0xff, 0xff, 0x80, 0x00,
    0x00, 0x00, 0x00, 0x00, 0x00, 0x05, 0xff, 0xff,
    0xff, 0xff, 0xfe, 0x00, 0x00, 0x00, 0x0a, 0xff,
    0xff, 0xff, 0xff, 0xe0, 0x00, 0x00, 0x00, 0x00,
    0x00, 0x00, 0x00, 0x0b, 0xff, 0xff, 0xff, 0xff,
    0xf8, 0x00, 0x00, 0x03, 0xff, 0xff, 0xff, 0xff,
    0xf5, 0x00, 0x00, 0x00, 0x00, 0x00, 0x00, 0x00,
    0x00, 0x2f, 0xff, 0xff, 0xff, 0xff, 0xf2, 0x00,
    0x00, 0xdf, 0xff, 0xff, 0xff, 0xfb, 0x00, 0x00,
    0x00, 0x00, 0x00, 0x00, 0x00, 0x00, 0x00, 0x8f,
    0xff, 0xff, 0xff, 0xff, 0xc0, 0x00, 0x7f, 0xff,
    0xff, 0xff, 0xff, 0x20, 0x00, 0x00, 0x00, 0x00,
    0x00, 0x00, 0x00, 0x00, 0x00, 0xef, 0xff, 0xff,
    0xff, 0xff, 0x50, 0x1f, 0xff, 0xff, 0xff, 0xff,
    0x80, 0x00, 0x00, 0x00, 0x00, 0x00, 0x00, 0x00,
    0x00, 0x00, 0x05, 0xff, 0xff, 0xff, 0xff, 0xfe,
    0x0a, 0xff, 0xff, 0xff, 0xff, 0xe0, 0x00, 0x00,
    0x00, 0x00, 0x00, 0x00, 0x00, 0x00, 0x00, 0x00,
    0x0b, 0xff, 0xff, 0xff, 0xff, 0xfb, 0xff, 0xff,
    0xff, 0xff, 0xf5, 0x00, 0x00, 0x00, 0x00, 0x00,
    0x00, 0x00, 0x00, 0x00, 0x00, 0x00, 0x2f, 0xff,
    0xff, 0xff, 0xff, 0xff, 0xff, 0xff, 0xff, 0xfb,
    0x00, 0x00, 0x00, 0x00, 0x00, 0x00, 0x00, 0x00,
    0x00, 0x00, 0x00, 0x00, 0x8f, 0xff, 0xff, 0xff,
    0xff, 0xff, 0xff, 0xff, 0xff, 0x20, 0x00, 0x00,
    0x00, 0x00, 0x00, 0x00, 0x00, 0x00, 0x00, 0x00,
    0x00, 0x00, 0xef, 0xff, 0xff, 0xff, 0xff, 0xff,
    0xff, 0xff, 0x80, 0x00, 0x00, 0x00, 0x00, 0x00,
    0x00, 0x00, 0x00, 0x00, 0x00, 0x00, 0x00, 0x05,
    0xff, 0xff, 0xff, 0xff, 0xff, 0xff, 0xff, 0xe0,
    0x00, 0x00, 0x00, 0x00, 0x00, 0x00, 0x00, 0x00,
    0x00, 0x00, 0x00, 0x00, 0x00, 0x0b, 0xff, 0xff,
    0xff, 0xff, 0xff, 0xff, 0xf5, 0x00, 0x00, 0x00,
    0x00, 0x00, 0x00, 0x00, 0x00, 0x00, 0x00, 0x00,
    0x00, 0x00, 0x00, 0x2f, 0xff, 0xff, 0xff, 0xff,
    0xff, 0xfb, 0x00, 0x00, 0x00, 0x00, 0x00, 0x00,
    0x00, 0x00, 0x00, 0x00, 0x00, 0x00, 0x00, 0x00,
    0x00, 0x8f, 0xff, 0xff, 0xff, 0xff, 0xff, 0x20,
    0x00, 0x00, 0x00, 0x00, 0x00, 0x00, 0x00, 0x00,
    0x00, 0x00, 0x00, 0x00, 0x00, 0x00, 0x00, 0xef,
    0xff, 0xff, 0xff, 0xff, 0x80, 0x00, 0x00, 0x00,
    0x00, 0x00, 0x00, 0x00, 0x00, 0x00, 0x00, 0x00,
    0x00, 0x00, 0x00, 0x00, 0x09, 0xff, 0xff, 0xff,
    0xff, 0xf2, 0x00, 0x00, 0x00, 0x00, 0x00, 0x00,
    0x00, 0x00, 0x00, 0x00, 0x00, 0x00, 0x00, 0x00,
    0x00, 0x00, 0x9f, 0xff, 0xff, 0xff, 0xff, 0x20,
    0x00, 0x00, 0x00, 0x00, 0x00, 0x00, 0x00, 0x00,
    0x00, 0x00, 0x00, 0x00, 0x00, 0x00, 0x00, 0x09,
    0xff, 0xff, 0xff, 0xff, 0xf2, 0x00, 0x00, 0x00,
    0x00, 0x00, 0x00, 0x00, 0x00, 0x00, 0x00, 0x00,
    0x00, 0x00, 0x00, 0x00, 0x00, 0x9f, 0xff, 0xff,
    0xff, 0xff, 0x20, 0x00, 0x00, 0x00, 0x00, 0x00,
    0x00, 0x00, 0x00, 0x00, 0x00, 0x00, 0x00, 0x00,
    0x00, 0x00, 0x09, 0xff, 0xff, 0xff, 0xff, 0xf2,
    0x00, 0x00, 0x00, 0x00, 0x00, 0x00, 0x00, 0x00,
    0x00, 0x00, 0x00, 0x00, 0x00, 0x00, 0x00, 0x00,
    0x9f, 0xff, 0xff, 0xff, 0xff, 0x20, 0x00, 0x00,
    0x00, 0x00, 0x00, 0x00, 0x00, 0x00, 0x00, 0x00,
    0x00, 0x00, 0x00, 0x00, 0x00, 0x09, 0xff, 0xff,
    0xff, 0xff, 0xf2, 0x00, 0x00, 0x00, 0x00, 0x00,
    0x00, 0x00, 0x00, 0x00, 0x00, 0x00, 0x00, 0x00,
    0x00, 0x00, 0x00, 0x9f, 0xff, 0xff, 0xff, 0xff,
    0x20, 0x00, 0x00, 0x00, 0x00, 0x00, 0x00, 0x00,
    0x00, 0x00, 0x00, 0x00, 0x00, 0x00, 0x00, 0x00,
    0x09, 0xff, 0xff, 0xff, 0xff, 0xf2, 0x00, 0x00,
    0x00, 0x00, 0x00, 0x00, 0x00, 0x00, 0x00, 0x00,
    0x00, 0x00, 0x00, 0x00, 0x00, 0x00, 0x9f, 0xff,
    0xff, 0xff, 0xff, 0x20, 0x00, 0x00, 0x00, 0x00,
    0x00, 0x00, 0x00, 0x00, 0x00, 0x00, 0x00, 0x00,
    0x00, 0x00, 0x00, 0x09, 0xff, 0xff, 0xff, 0xff,
    0xf2, 0x00, 0x00, 0x00, 0x00, 0x00, 0x00, 0x00,
    0x00, 0x00, 0x00, 0x00, 0x00, 0x00, 0x00, 0x00,
    0x00, 0x9f, 0xff, 0xff, 0xff, 0xff, 0x20, 0x00,
    0x00, 0x00, 0x00, 0x00, 0x00, 0x00, 0x00, 0x00,
    0x00, 0x00, 0x00, 0x00, 0x00, 0x00, 0x09, 0xff,
    0xff, 0xff, 0xff, 0xf2, 0x00, 0x00, 0x00, 0x00,
    0x00, 0x00, 0x00, 0x00, 0x00, 0x00, 0x00, 0x00,
    0x00, 0x00, 0x00, 0x00, 0x9f, 0xff, 0xff, 0xff,
    0xff, 0x20, 0x00, 0x00, 0x00, 0x00, 0x00, 0x00,
    0x00, 0x00, 0x00, 0x00, 0x00, 0x00, 0x00, 0x00,
    0x00, 0x09, 0xff, 0xff, 0xff, 0xff, 0xf2, 0x00,
    0x00, 0x00, 0x00, 0x00, 0x00, 0x00, 0x00,

    /* U+005A "Z" */
    0x3f, 0xff, 0xff, 0xff, 0xff, 0xff, 0xff, 0xff,
    0xff, 0xff, 0xff, 0xff, 0xff, 0xff, 0xff, 0xff,
    0xff, 0xff, 0x13, 0xff, 0xff, 0xff, 0xff, 0xff,
    0xff, 0xff, 0xff, 0xff, 0xff, 0xff, 0xff, 0xff,
    0xff, 0xff, 0xff, 0xff, 0xf1, 0x3f, 0xff, 0xff,
    0xff, 0xff, 0xff, 0xff, 0xff, 0xff, 0xff, 0xff,
    0xff, 0xff, 0xff, 0xff, 0xff, 0xff, 0xff, 0x13,
    0xff, 0xff, 0xff, 0xff, 0xff, 0xff, 0xff, 0xff,
    0xff, 0xff, 0xff, 0xff, 0xff, 0xff, 0xff, 0xff,
    0xff, 0xf1, 0x3f, 0xff, 0xff, 0xff, 0xff, 0xff,
    0xff, 0xff, 0xff, 0xff, 0xff, 0xff, 0xff, 0xff,
    0xff, 0xff, 0xff, 0xff, 0x13, 0xff, 0xff, 0xff,
    0xff, 0xff, 0xff, 0xff, 0xff, 0xff, 0xff, 0xff,
    0xff, 0xff, 0xff, 0xff, 0xff, 0xff, 0xf1, 0x3f,
    0xff, 0xff, 0xff, 0xff, 0xff, 0xff, 0xff, 0xff,
    0xff, 0xff, 0xff, 0xff, 0xff, 0xff, 0xff, 0xff,
    0xfe, 0x03, 0xff, 0xff, 0xff, 0xff, 0xff, 0xff,
    0xff, 0xff, 0xff, 0xff, 0xff, 0xff, 0xff, 0xff,
    0xff, 0xff, 0xff, 0x20, 0x00, 0x00, 0x00, 0x00,
    0x00, 0x00, 0x00, 0x00, 0x00, 0x00, 0x00, 0x2f,
    0xff, 0xff, 0xff, 0xff, 0xff, 0x40, 0x00, 0x00,
    0x00, 0x00, 0x00, 0x00, 0x00, 0x00, 0x00, 0x00,
    0x00, 0x1e, 0xff, 0xff, 0xff, 0xff, 0xff, 0x70,
    0x00, 0x00, 0x00, 0x00, 0x00, 0x00, 0x00, 0x00,
    0x00, 0x00, 0x00, 0x0c, 0xff, 0xff, 0xff, 0xff,
    0xff, 0xa0, 0x00, 0x00, 0x00, 0x00, 0x00, 0x00,
    0x00, 0x00, 0x00, 0x00, 0x00, 0x09, 0xff, 0xff,
    0xff, 0xff, 0xff, 0xc0, 0x00, 0x00, 0x00, 0x00,
    0x00, 0x00, 0x00, 0x00, 0x00, 0x00, 0x00, 0x07,
    0xff, 0xff, 0xff, 0xff, 0xff, 0xe1, 0x00, 0x00,
    0x00, 0x00, 0x00, 0x00, 0x00, 0x00, 0x00, 0x00,
    0x00, 0x04, 0xff, 0xff, 0xff, 0xff, 0xff, 0xf3,
    0x00, 0x00, 0x00, 0x00, 0x00, 0x00, 0x00, 0x00,
    0x00, 0x00, 0x00, 0x02, 0xff, 0xff, 0xff, 0xff,
    0xff, 0xf5, 0x00, 0x00, 0x00, 0x00, 0x00, 0x00,
    0x00, 0x00, 0x00, 0x00, 0x00, 0x01, 0xdf, 0xff,
    0xff, 0xff, 0xff, 0xf7, 0x00, 0x00, 0x00, 0x00,
    0x00, 0x00, 0x00, 0x00, 0x00, 0x00, 0x00, 0x00,
    0xcf, 0xff, 0xff, 0xff, 0xff, 0xfa, 0x00, 0x00,
    0x00, 0x00, 0x00, 0x00, 0x00, 0x00, 0x00, 0x00,
    0x00, 0x00, 0x9f, 0xff, 0xff, 0xff, 0xff, 0xfc,
    0x00, 0x00, 0x00, 0x00, 0x00, 0x00, 0x00, 0x00,
    0x00, 0x00, 0x00, 0x00, 0x7f, 0xff, 0xff, 0xff,
    0xff, 0xfe, 0x10, 0x00, 0x00, 0x00, 0x00, 0x00,
    0x00, 0x00, 0x00, 0x00, 0x00, 0x00, 0x4f, 0xff,
    0xff, 0xff, 0xff, 0xff, 0x30, 0x00, 0x00, 0x00,
    0x00, 0x00, 0x00, 0x00, 0x00, 0x00, 0x00, 0x00,
    0x2f, 0xff, 0xff, 0xff, 0xff, 0xff, 0x50, 0x00,
    0x00, 0x00, 0x00, 0x00, 0x00, 0x00, 0x00, 0x00,
    0x00, 0x00, 0x1d, 0xff, 0xff, 0xff, 0xff, 0xff,
    0x80, 0x00, 0x00, 0x00, 0x00, 0x00, 0x00, 0x00,
    0x00, 0x00, 0x00, 0x00, 0x0c, 0xff, 0xff, 0xff,
    0xff, 0xff, 0xa0, 0x00, 0x00, 0x00, 0x00, 0x00,
    0x00, 0x00, 0x00, 0x00, 0x00, 0x00, 0x09, 0xff,
    0xff, 0xff, 0xff, 0xff, 0xc0, 0x00, 0x00, 0x00,
    0x00, 0x00, 0x00, 0x00, 0x00, 0x00, 0x00, 0x00,
    0x07, 0xff, 0xff, 0xff, 0xff, 0xff, 0xe1, 0x00,
    0x00, 0x00, 0x00, 0x00, 0x00, 0x00, 0x00, 0x00,
    0x00, 0x00, 0x04, 0xff, 0xff, 0xff, 0xff, 0xff,
    0xf3, 0x00, 0x00, 0x00, 0x00, 0x00, 0x00, 0x00,
    0x00, 0x00, 0x00, 0x00, 0x02, 0xff, 0xff, 0xff,
    0xff, 0xff, 0xf5, 0x00, 0x00, 0x00, 0x00, 0x00,
    0x00, 0x00, 0x00, 0x00, 0x00, 0x00, 0x01, 0xdf,
    0xff, 0xff, 0xff, 0xff, 0xf8, 0x00, 0x00, 0x00,
    0x00, 0x00, 0x00, 0x00, 0x00, 0x00, 0x00, 0x00,
    0x00, 0xbf, 0xff, 0xff, 0xff, 0xff, 0xfb, 0x00,
    0x00, 0x00, 0x00, 0x00, 0x00, 0x00, 0x00, 0x00,
    0x00, 0x00, 0x00, 0x9f, 0xff, 0xff, 0xff, 0xff,
    0xfd, 0x00, 0x00, 0x00, 0x00, 0x00, 0x00, 0x00,
    0x00, 0x00, 0x00, 0x00, 0x00, 0x6f, 0xff, 0xff,
    0xff, 0xff, 0xfe, 0x20, 0x00, 0x00, 0x00, 0x00,
    0x00, 0x00, 0x00, 0x00, 0x00, 0x00, 0x00, 0x4f,
    0xff, 0xff, 0xff, 0xff, 0xff, 0x30, 0x00, 0x00,
    0x00, 0x00, 0x00, 0x00, 0x00, 0x00, 0x00, 0x00,
    0x00, 0x2e, 0xff, 0xff, 0xff, 0xff, 0xff, 0x60,
    0x00, 0x00, 0x00, 0x00, 0x00, 0x00, 0x00, 0x00,
    0x00, 0x00, 0x00, 0x1d, 0xff, 0xff, 0xff, 0xff,
    0xff, 0x80, 0x00, 0x00, 0x00, 0x00, 0x00, 0x00,
    0x00, 0x00, 0x00, 0x00, 0x00, 0x0b, 0xff, 0xff,
    0xff, 0xff, 0xff, 0xff, 0xff, 0xff, 0xff, 0xff,
    0xff, 0xff, 0xff, 0xff, 0xff, 0xff, 0xff, 0xf8,
    0xff, 0xff, 0xff, 0xff, 0xff, 0xff, 0xff, 0xff,
    0xff, 0xff, 0xff, 0xff, 0xff, 0xff, 0xff, 0xff,
    0xff, 0xff, 0xbf, 0xff, 0xff, 0xff, 0xff, 0xff,
    0xff, 0xff, 0xff, 0xff, 0xff, 0xff, 0xff, 0xff,
    0xff, 0xff, 0xff, 0xff, 0xfb, 0xff, 0xff, 0xff,
    0xff, 0xff, 0xff, 0xff, 0xff, 0xff, 0xff, 0xff,
    0xff, 0xff, 0xff, 0xff, 0xff, 0xff, 0xff, 0xbf,
    0xff, 0xff, 0xff, 0xff, 0xff, 0xff, 0xff, 0xff,
    0xff, 0xff, 0xff, 0xff, 0xff, 0xff, 0xff, 0xff,
    0xff, 0xfb, 0xff, 0xff, 0xff, 0xff, 0xff, 0xff,
    0xff, 0xff, 0xff, 0xff, 0xff, 0xff, 0xff, 0xff,
    0xff, 0xff, 0xff, 0xff, 0xbf, 0xff, 0xff, 0xff,
    0xff, 0xff, 0xff, 0xff, 0xff, 0xff, 0xff, 0xff,
    0xff, 0xff, 0xff, 0xff, 0xff, 0xff, 0xfb, 0xff,
    0xff, 0xff, 0xff, 0xff, 0xff, 0xff, 0xff, 0xff,
    0xff, 0xff, 0xff, 0xff, 0xff, 0xff, 0xff, 0xff,
    0xff,

    /* U+005B "[" */
    0x06, 0x66, 0x66, 0x66, 0x66, 0x66, 0x66, 0x66,
    0x61, 0x0f, 0xff, 0xff, 0xff, 0xff, 0xff, 0xff,
    0xff, 0xf3, 0x0f, 0xff, 0xff, 0xff, 0xff, 0xff,
    0xff, 0xff, 0xf3, 0x0f, 0xff, 0xff, 0xff, 0xff,
    0xff, 0xff, 0xff, 0xf3, 0x0f, 0xff, 0xff, 0xff,
    0xff, 0xff, 0xff, 0xff, 0xf3, 0x0f, 0xff, 0xff,
    0xff, 0xff, 0xff, 0xff, 0xff, 0xf3, 0x0f, 0xff,
    0xff, 0xff, 0xff, 0xff, 0xff, 0xff, 0xf3, 0x0f,
    0xff, 0xff, 0xff, 0xff, 0xff, 0xff, 0xff, 0xf3,
    0x0f, 0xff, 0xff, 0xff, 0xff, 0x50, 0x00, 0x00,
    0x00, 0x0f, 0xff, 0xff, 0xff, 0xff, 0x50, 0x00,
    0x00, 0x00, 0x0f, 0xff, 0xff, 0xff, 0xff, 0x50,
    0x00, 0x00, 0x00, 0x0f, 0xff, 0xff, 0xff, 0xff,
    0x50, 0x00, 0x00, 0x00, 0x0f, 0xff, 0xff, 0xff,
    0xff, 0x50, 0x00, 0x00, 0x00, 0x0f, 0xff, 0xff,
    0xff, 0xff, 0x50, 0x00, 0x00, 0x00, 0x0f, 0xff,
    0xff, 0xff, 0xff, 0x50, 0x00, 0x00, 0x00, 0x0f,
    0xff, 0xff, 0xff, 0xff, 0x50, 0x00, 0x00, 0x00,
    0x0f, 0xff, 0xff, 0xff, 0xff, 0x50, 0x00, 0x00,
    0x00, 0x0f, 0xff, 0xff, 0xff, 0xff, 0x50, 0x00,
    0x00, 0x00, 0x0f, 0xff, 0xff, 0xff, 0xff, 0x50,
    0x00, 0x00, 0x00, 0x0f, 0xff, 0xff, 0xff, 0xff,
    0x50, 0x00, 0x00, 0x00, 0x0f, 0xff, 0xff, 0xff,
    0xff, 0x50, 0x00, 0x00, 0x00, 0x0f, 0xff, 0xff,
    0xff, 0xff, 0x50, 0x00, 0x00, 0x00, 0x0f, 0xff,
    0xff, 0xff, 0xff, 0x50, 0x00, 0x00, 0x00, 0x0f,
    0xff, 0xff, 0xff, 0xff, 0x50, 0x00, 0x00, 0x00,
    0x0f, 0xff, 0xff, 0xff, 0xff, 0x50, 0x00, 0x00,
    0x00, 0x0f, 0xff, 0xff, 0xff, 0xff, 0x50, 0x00,
    0x00, 0x00, 0x0f, 0xff, 0xff, 0xff, 0xff, 0x50,
    0x00, 0x00, 0x00, 0x0f, 0xff, 0xff, 0xff, 0xff,
    0x50, 0x00, 0x00, 0x00, 0x0f, 0xff, 0xff, 0xff,
    0xff, 0x50, 0x00, 0x00, 0x00, 0x0f, 0xff, 0xff,
    0xff, 0xff, 0x50, 0x00, 0x00, 0x00, 0x0f, 0xff,
    0xff, 0xff, 0xff, 0x50, 0x00, 0x00, 0x00, 0x0f,
    0xff, 0xff, 0xff, 0xff, 0x50, 0x00, 0x00, 0x00,
    0x0f, 0xff, 0xff, 0xff, 0xff, 0x50, 0x00, 0x00,
    0x00, 0x0f, 0xff, 0xff, 0xff, 0xff, 0x50, 0x00,
    0x00, 0x00, 0x0f, 0xff, 0xff, 0xff, 0xff, 0x50,
    0x00, 0x00, 0x00, 0x0f, 0xff, 0xff, 0xff, 0xff,
    0x50, 0x00, 0x00, 0x00, 0x0f, 0xff, 0xff, 0xff,
    0xff, 0x50, 0x00, 0x00, 0x00, 0x0f, 0xff, 0xff,
    0xff, 0xff, 0x50, 0x00, 0x00, 0x00, 0x0f, 0xff,
    0xff, 0xff, 0xff, 0x50, 0x00, 0x00, 0x00, 0x0f,
    0xff, 0xff, 0xff, 0xff, 0x50, 0x00, 0x00, 0x00,
    0x0f, 0xff, 0xff, 0xff, 0xff, 0x50, 0x00, 0x00,
    0x00, 0x0f, 0xff, 0xff, 0xff, 0xff, 0x50, 0x00,
    0x00, 0x00, 0x0f, 0xff, 0xff, 0xff, 0xff, 0x50,
    0x00, 0x00, 0x00, 0x0f, 0xff, 0xff, 0xff, 0xff,
    0x50, 0x00, 0x00, 0x00, 0x0f, 0xff, 0xff, 0xff,
    0xff, 0x50, 0x00, 0x00, 0x00, 0x0f, 0xff, 0xff,
    0xff, 0xff, 0x50, 0x00, 0x00, 0x00, 0x0f, 0xff,
    0xff, 0xff, 0xff, 0x50, 0x00, 0x00, 0x00, 0x0f,
    0xff, 0xff, 0xff, 0xff, 0x50, 0x00, 0x00, 0x00,
    0x0f, 0xff, 0xff, 0xff, 0xff, 0x50, 0x00, 0x00,
    0x00, 0x0f, 0xff, 0xff, 0xff, 0xff, 0x96, 0x66,
    0x66, 0x61, 0x0f, 0xff, 0xff, 0xff, 0xff, 0xff,
    0xff, 0xff, 0xf3, 0x0f, 0xff, 0xff, 0xff, 0xff,
    0xff, 0xff, 0xff, 0xf3, 0x0f, 0xff, 0xff, 0xff,
    0xff, 0xff, 0xff, 0xff, 0xf3, 0x0f, 0xff, 0xff,
    0xff, 0xff, 0xff, 0xff, 0xff, 0xf3, 0x0f, 0xff,
    0xff, 0xff, 0xff, 0xff, 0xff, 0xff, 0xf3, 0x0f,
    0xff, 0xff, 0xff, 0xff, 0xff, 0xff, 0xff, 0xf3,
    0x0f, 0xff, 0xff, 0xff, 0xff, 0xff, 0xff, 0xff,
    0xf3,

    /* U+005C "\\" */
    0x6f, 0xff, 0xff, 0xff, 0xe0, 0x00, 0x00, 0x00,
    0x00, 0x00, 0x00, 0x00, 0x00, 0x00, 0x01, 0xff,
    0xff, 0xff, 0xff, 0x40, 0x00, 0x00, 0x00, 0x00,
    0x00, 0x00, 0x00, 0x00, 0x00, 0x0b, 0xff, 0xff,
    0xff, 0xfa, 0x00, 0x00, 0x00, 0x00, 0x00, 0x00,
    0x00, 0x00, 0x00, 0x00, 0x5f, 0xff, 0xff, 0xff,
    0xf0, 0x00, 0x00, 0x00, 0x00, 0x00, 0x00, 0x00,
    0x00, 0x00, 0x00, 0xff, 0xff, 0xff, 0xff, 0x50,
    0x00, 0x00, 0x00, 0x00, 0x00, 0x00, 0x00, 0x00,
    0x00, 0x0a, 0xff, 0xff, 0xff, 0xfa, 0x00, 0x00,
    0x00, 0x00, 0x00, 0x00, 0x00, 0x00, 0x00, 0x00,
    0x5f, 0xff, 0xff, 0xff, 0xf0, 0x00, 0x00, 0x00,
    0x00, 0x00, 0x00, 0x00, 0x00, 0x00, 0x00, 0xff,
    0xff, 0xff, 0xff, 0x50, 0x00, 0x00, 0x00, 0x00,
    0x00, 0x00, 0x00, 0x00, 0x00, 0x0a, 0xff, 0xff,
    0xff, 0xfb, 0x00, 0x00, 0x00, 0x00, 0x00, 0x00,
    0x00, 0x00, 0x00, 0x00, 0x4f, 0xff, 0xff, 0xff,
    0xf1, 0x00, 0x00, 0x00, 0x00, 0x00, 0x00, 0x00,
    0x00, 0x00, 0x00, 0xef, 0xff, 0xff, 0xff, 0x60,
    0x00, 0x00, 0x00, 0x00, 0x00, 0x00, 0x00, 0x00,
    0x00, 0x09, 0xff, 0xff, 0xff, 0xfc, 0x00, 0x00,
    0x00, 0x00, 0x00, 0x00, 0x00, 0x00, 0x00, 0x00,
    0x3f, 0xff, 0xff, 0xff, 0xf1, 0x00, 0x00, 0x00,
    0x00, 0x00, 0x00, 0x00, 0x00, 0x00, 0x00, 0xef,
    0xff, 0xff, 0xff, 0x70, 0x00, 0x00, 0x00, 0x00,
    0x00, 0x00, 0x00, 0x00, 0x00, 0x08, 0xff, 0xff,
    0xff, 0xfc, 0x00, 0x00, 0x00, 0x00, 0x00, 0x00,
    0x00, 0x00, 0x00, 0x00, 0x3f, 0xff, 0xff, 0xff,
    0xf2, 0x00, 0x00, 0x00, 0x00, 0x00, 0x00, 0x00,
    0x00, 0x00, 0x00, 0xdf, 0xff, 0xff, 0xff, 0x70,
    0x00, 0x00, 0x00, 0x00, 0x00, 0x00, 0x00, 0x00,
    0x00, 0x08, 0xff, 0xff, 0xff, 0xfd, 0x00, 0x00,
    0x00, 0x00, 0x00, 0x00, 0x00, 0x00, 0x00, 0x00,
    0x2f, 0xff, 0xff, 0xff, 0xf3, 0x00, 0x00, 0x00,
    0x00, 0x00, 0x00, 0x00, 0x00, 0x00, 0x00, 0xcf,
    0xff, 0xff, 0xff, 0x80, 0x00, 0x00, 0x00, 0x00,
    0x00, 0x00, 0x00, 0x00, 0x00, 0x07, 0xff, 0xff,
    0xff, 0xfe, 0x00, 0x00, 0x00, 0x00, 0x00, 0x00,
    0x00, 0x00, 0x00, 0x00, 0x1f, 0xff, 0xff, 0xff,
    0xf3, 0x00, 0x00, 0x00, 0x00, 0x00, 0x00, 0x00,
    0x00, 0x00, 0x00, 0xcf, 0xff, 0xff, 0xff, 0x90,
    0x00, 0x00, 0x00, 0x00, 0x00, 0x00, 0x00, 0x00,
    0x00, 0x06, 0xff, 0xff, 0xff, 0xfe, 0x00, 0x00,
    0x00, 0x00, 0x00, 0x00, 0x00, 0x00, 0x00, 0x00,
    0x1f, 0xff, 0xff, 0xff, 0xf4, 0x00, 0x00, 0x00,
    0x00, 0x00, 0x00, 0x00, 0x00, 0x00, 0x00, 0xbf,
    0xff, 0xff, 0xff, 0x90, 0x00, 0x00, 0x00, 0x00,
    0x00, 0x00, 0x00, 0x00, 0x00, 0x06, 0xff, 0xff,
    0xff, 0xff, 0x00, 0x00, 0x00, 0x00, 0x00, 0x00,
    0x00, 0x00, 0x00, 0x00, 0x0f, 0xff, 0xff, 0xff,
    0xf5, 0x00, 0x00, 0x00, 0x00, 0x00, 0x00, 0x00,
    0x00, 0x00, 0x00, 0xaf, 0xff, 0xff, 0xff, 0xa0,
    0x00, 0x00, 0x00, 0x00, 0x00, 0x00, 0x00, 0x00,
    0x00, 0x05, 0xff, 0xff, 0xff, 0xff, 0x00, 0x00,
    0x00, 0x00, 0x00, 0x00, 0x00, 0x00, 0x00, 0x00,
    0x0f, 0xff, 0xff, 0xff, 0xf5, 0x00, 0x00, 0x00,
    0x00, 0x00, 0x00, 0x00, 0x00, 0x00, 0x00, 0xaf,
    0xff, 0xff, 0xff, 0xb0, 0x00, 0x00, 0x00, 0x00,
    0x00, 0x00, 0x00, 0x00, 0x00, 0x04, 0xff, 0xff,
    0xff, 0xff, 0x10, 0x00, 0x00, 0x00, 0x00, 0x00,
    0x00, 0x00, 0x00, 0x00, 0x0e, 0xff, 0xff, 0xff,
    0xf6, 0x00, 0x00, 0x00, 0x00, 0x00, 0x00, 0x00,
    0x00, 0x00, 0x00, 0x9f, 0xff, 0xff, 0xff, 0xb0,
    0x00, 0x00, 0x00, 0x00, 0x00, 0x00, 0x00, 0x00,
    0x00, 0x04, 0xff, 0xff, 0xff, 0xff, 0x10, 0x00,
    0x00, 0x00, 0x00, 0x00, 0x00, 0x00, 0x00, 0x00,
    0x0e, 0xff, 0xff, 0xff, 0xf7, 0x00, 0x00, 0x00,
    0x00, 0x00, 0x00, 0x00, 0x00, 0x00, 0x00, 0x8f,
    0xff, 0xff, 0xff, 0xc0, 0x00, 0x00, 0x00, 0x00,
    0x00, 0x00, 0x00, 0x00, 0x00, 0x03, 0xff, 0xff,
    0xff, 0xff, 0x20, 0x00, 0x00, 0x00, 0x00, 0x00,
    0x00, 0x00, 0x00, 0x00, 0x0d, 0xff, 0xff, 0xff,
    0xf7, 0x00, 0x00, 0x00, 0x00, 0x00, 0x00, 0x00,
    0x00, 0x00, 0x00, 0x8f, 0xff, 0xff, 0xff, 0xd0,
    0x00, 0x00, 0x00, 0x00, 0x00, 0x00, 0x00, 0x00,
    0x00, 0x02, 0xff, 0xff, 0xff, 0xff, 0x20, 0x00,
    0x00, 0x00, 0x00, 0x00, 0x00, 0x00, 0x00, 0x00,
    0x0d, 0xff, 0xff, 0xff, 0xf8, 0x00, 0x00, 0x00,
    0x00, 0x00, 0x00, 0x00, 0x00, 0x00, 0x00, 0x7f,
    0xff, 0xff, 0xff, 0xd0, 0x00, 0x00, 0x00, 0x00,
    0x00, 0x00, 0x00, 0x00, 0x00, 0x02, 0xff, 0xff,
    0xff, 0xff, 0x30, 0x00, 0x00, 0x00, 0x00, 0x00,
    0x00, 0x00, 0x00, 0x00, 0x0c, 0xff, 0xff, 0xff,
    0xf9, 0x00, 0x00, 0x00, 0x00, 0x00, 0x00, 0x00,
    0x00, 0x00, 0x00, 0x6f, 0xff, 0xff, 0xff, 0xe0,
    0x00, 0x00, 0x00, 0x00, 0x00, 0x00, 0x00, 0x00,
    0x00, 0x01, 0xff, 0xff, 0xff, 0xff, 0x40, 0x00,
    0x00, 0x00, 0x00, 0x00, 0x00, 0x00, 0x00, 0x00,
    0x0b, 0xff, 0xff, 0xff, 0xf9, 0x00, 0x00, 0x00,
    0x00, 0x00, 0x00, 0x00, 0x00, 0x00, 0x00, 0x6f,
    0xff, 0xff, 0xff, 0xe0, 0x00, 0x00, 0x00, 0x00,
    0x00, 0x00, 0x00, 0x00, 0x00, 0x01, 0xff, 0xff,
    0xff, 0xff, 0x40, 0x00, 0x00, 0x00, 0x00, 0x00,
    0x00, 0x00, 0x00, 0x00, 0x0b, 0xff, 0xff, 0xff,
    0xfa, 0x00, 0x00, 0x00, 0x00, 0x00, 0x00, 0x00,
    0x00, 0x00, 0x00, 0x5f, 0xff, 0xff, 0xff, 0xf0,
    0x00, 0x00, 0x00, 0x00, 0x00, 0x00, 0x00, 0x00,
    0x00, 0x00, 0xff, 0xff, 0xff, 0xff, 0x50, 0x00,
    0x00, 0x00, 0x00, 0x00, 0x00, 0x00, 0x00, 0x00,
    0x0a, 0xff, 0xff, 0xff, 0xfb, 0x00, 0x00, 0x00,
    0x00, 0x00, 0x00, 0x00, 0x00, 0x00, 0x00, 0x4f,
    0xff, 0xff, 0xff, 0xf1, 0x00, 0x00, 0x00, 0x00,
    0x00, 0x00, 0x00, 0x00, 0x00, 0x00, 0xef, 0xff,
    0xff, 0xff, 0x60,

    /* U+005D "]" */
    0x06, 0x66, 0x66, 0x66, 0x66, 0x66, 0x66, 0x66,
    0x60, 0x1f, 0xff, 0xff, 0xff, 0xff, 0xff, 0xff,
    0xff, 0xf1, 0x1f, 0xff, 0xff, 0xff, 0xff, 0xff,
    0xff, 0xff, 0xf1, 0x1f, 0xff, 0xff, 0xff, 0xff,
    0xff, 0xff, 0xff, 0xf1, 0x1f, 0xff, 0xff, 0xff,
    0xff, 0xff, 0xff, 0xff, 0xf1, 0x1f, 0xff, 0xff,
    0xff, 0xff, 0xff, 0xff, 0xff, 0xf1, 0x1f, 0xff,
    0xff, 0xff, 0xff, 0xff, 0xff, 0xff, 0xf1, 0x1f,
    0xff, 0xff, 0xff, 0xff, 0xff, 0xff, 0xff, 0xf1,
    0x00, 0x00, 0x00, 0x04, 0xff, 0xff, 0xff, 0xff,
    0xf1, 0x00, 0x00, 0x00, 0x04, 0xff, 0xff, 0xff,
    0xff, 0xf1, 0x00, 0x00, 0x00, 0x04, 0xff, 0xff,
    0xff, 0xff, 0xf1, 0x00, 0x00, 0x00, 0x04, 0xff,
    0xff, 0xff, 0xff, 0xf1, 0x00, 0x00, 0x00, 0x04,
    0xff, 0xff, 0xff, 0xff, 0xf1, 0x00, 0x00, 0x00,
    0x04, 0xff, 0xff, 0xff, 0xff, 0xf1, 0x00, 0x00,
    0x00, 0x04, 0xff, 0xff, 0xff, 0xff, 0xf1, 0x00,
    0x00, 0x00, 0x04, 0xff, 0xff, 0xff, 0xff, 0xf1,
    0x00, 0x00, 0x00, 0x04, 0xff, 0xff, 0xff, 0xff,
    0xf1, 0x00, 0x00, 0x00, 0x04, 0xff, 0xff, 0xff,
    0xff, 0xf1, 0x00, 0x00, 0x00, 0x04, 0xff, 0xff,
    0xff, 0xff, 0xf1, 0x00, 0x00, 0x00, 0x04, 0xff,
    0xff, 0xff, 0xff, 0xf1, 0x00, 0x00, 0x00, 0x04,
    0xff, 0xff, 0xff, 0xff, 0xf1, 0x00, 0x00, 0x00,
    0x04, 0xff, 0xff, 0xff, 0xff, 0xf1, 0x00, 0x00,
    0x00, 0x04, 0xff, 0xff, 0xff, 0xff, 0xf1, 0x00,
    0x00, 0x00, 0x04, 0xff, 0xff, 0xff, 0xff, 0xf1,
    0x00, 0x00, 0x00, 0x04, 0xff, 0xff, 0xff, 0xff,
    0xf1, 0x00, 0x00, 0x00, 0x04, 0xff, 0xff, 0xff,
    0xff, 0xf1, 0x00, 0x00, 0x00, 0x04, 0xff, 0xff,
    0xff, 0xff, 0xf1, 0x00, 0x00, 0x00, 0x04, 0xff,
    0xff, 0xff, 0xff, 0xf1, 0x00, 0x00, 0x00, 0x04,
    0xff, 0xff, 0xff, 0xff, 0xf1, 0x00, 0x00, 0x00,
    0x04, 0xff, 0xff, 0xff, 0xff, 0xf1, 0x00, 0x00,
    0x00, 0x04, 0xff, 0xff, 0xff, 0xff, 0xf1, 0x00,
    0x00, 0x00, 0x04, 0xff, 0xff, 0xff, 0xff, 0xf1,
    0x00, 0x00, 0x00, 0x04, 0xff, 0xff, 0xff, 0xff,
    0xf1, 0x00, 0x00, 0x00, 0x04, 0xff, 0xff, 0xff,
    0xff, 0xf1, 0x00, 0x00, 0x00, 0x04, 0xff, 0xff,
    0xff, 0xff, 0xf1, 0x00, 0x00, 0x00, 0x04, 0xff,
    0xff, 0xff, 0xff, 0xf1, 0x00, 0x00, 0x00, 0x04,
    0xff, 0xff, 0xff, 0xff, 0xf1, 0x00, 0x00, 0x00,
    0x04, 0xff, 0xff, 0xff, 0xff, 0xf1, 0x00, 0x00,
    0x00, 0x04, 0xff, 0xff, 0xff, 0xff, 0xf1, 0x00,
    0x00, 0x00, 0x04, 0xff, 0xff, 0xff, 0xff, 0xf1,
    0x00, 0x00, 0x00, 0x04, 0xff, 0xff, 0xff, 0xff,
    0xf1, 0x00, 0x00, 0x00, 0x04, 0xff, 0xff, 0xff,
    0xff, 0xf1, 0x00, 0x00, 0x00, 0x04, 0xff, 0xff,
    0xff, 0xff, 0xf1, 0x00, 0x00, 0x00, 0x04, 0xff,
    0xff, 0xff, 0xff, 0xf1, 0x00, 0x00, 0x00, 0x04,
    0xff, 0xff, 0xff, 0xff, 0xf1, 0x00, 0x00, 0x00,
    0x04, 0xff, 0xff, 0xff, 0xff, 0xf1, 0x00, 0x00,
    0x00, 0x04, 0xff, 0xff, 0xff, 0xff, 0xf1, 0x00,
    0x00, 0x00, 0x04, 0xff, 0xff, 0xff, 0xff, 0xf1,
    0x00, 0x00, 0x00, 0x04, 0xff, 0xff, 0xff, 0xff,
    0xf1, 0x06, 0x66, 0x66, 0x68, 0xff, 0xff, 0xff,
    0xff, 0xf1, 0x1f, 0xff, 0xff, 0xff, 0xff, 0xff,
    0xff, 0xff, 0xf1, 0x1f, 0xff, 0xff, 0xff, 0xff,
    0xff, 0xff, 0xff, 0xf1, 0x1f, 0xff, 0xff, 0xff,
    0xff, 0xff, 0xff, 0xff, 0xf1, 0x1f, 0xff, 0xff,
    0xff, 0xff, 0xff, 0xff, 0xff, 0xf1, 0x1f, 0xff,
    0xff, 0xff, 0xff, 0xff, 0xff, 0xff, 0xf1, 0x1f,
    0xff, 0xff, 0xff, 0xff, 0xff, 0xff, 0xff, 0xf1,
    0x1f, 0xff, 0xff, 0xff, 0xff, 0xff, 0xff, 0xff,
    0xf1,

    /* U+005E "^" */
    0x00, 0x00, 0x00, 0x00, 0x00, 0x06, 0x88, 0x88,
    0x88, 0x70, 0x00, 0x00, 0x00, 0x00, 0x00, 0x00,
    0x00, 0x00, 0x00, 0x00, 0x2f, 0xff, 0xff, 0xff,
    0xf3, 0x00, 0x00, 0x00, 0x00, 0x00, 0x00, 0x00,
    0x00, 0x00, 0x00, 0x9f, 0xff, 0xff, 0xff, 0xfa,
    0x00, 0x00, 0x00, 0x00, 0x00, 0x00, 0x00, 0x00,
    0x00, 0x00, 0xff, 0xff, 0xff, 0xff, 0xff, 0x10,
    0x00, 0x00, 0x00, 0x00, 0x00, 0x00, 0x00, 0x00,
    0x06, 0xff, 0xff, 0xff, 0xff, 0xff, 0x70, 0x00,
    0x00, 0x00, 0x00, 0x00, 0x00, 0x00, 0x00, 0x0d,
    0xff, 0xff, 0xff, 0xff, 0xff, 0xe0, 0x00, 0x00,
    0x00, 0x00, 0x00, 0x00, 0x00, 0x00, 0x4f, 0xff,
    0xff, 0xff, 0xff, 0xff, 0xf5, 0x00, 0x00, 0x00,
    0x00, 0x00, 0x00, 0x00, 0x00, 0xbf, 0xff, 0xff,
    0xff, 0xff, 0xff, 0xfb, 0x00, 0x00, 0x00, 0x00,
    0x00, 0x00, 0x00, 0x02, 0xff, 0xff, 0xff, 0xcc,
    0xff, 0xff, 0xff, 0x20, 0x00, 0x00, 0x00, 0x00,
    0x00, 0x00, 0x08, 0xff, 0xff, 0xff, 0x55, 0xff,
    0xff, 0xff, 0x90, 0x00, 0x00, 0x00, 0x00, 0x00,
    0x00, 0x0e, 0xff, 0xff, 0xfe, 0x00, 0xef, 0xff,
    0xff, 0xf0, 0x00, 0x00, 0x00, 0x00, 0x00, 0x00,
    0x6f, 0xff, 0xff, 0xf8, 0x00, 0x8f, 0xff, 0xff,
    0xf7, 0x00, 0x00, 0x00, 0x00, 0x00, 0x00, 0xdf,
    0xff, 0xff, 0xf2, 0x00, 0x2f, 0xff, 0xff, 0xfd,
    0x00, 0x00, 0x00, 0x00, 0x00, 0x04, 0xff, 0xff,
    0xff, 0xb0, 0x00, 0x0b, 0xff, 0xff, 0xff, 0x40,
    0x00, 0x00, 0x00, 0x00, 0x0a, 0xff, 0xff, 0xff,
    0x50, 0x00, 0x05, 0xff, 0xff, 0xff, 0xb0, 0x00,
    0x00, 0x00, 0x00, 0x1f, 0xff, 0xff, 0xfe, 0x00,
    0x00, 0x00, 0xef, 0xff, 0xff, 0xf2, 0x00, 0x00,
    0x00, 0x00, 0x8f, 0xff, 0xff, 0xf8, 0x00, 0x00,
    0x00, 0x8f, 0xff, 0xff, 0xf8, 0x00, 0x00, 0x00,
    0x00, 0xef, 0xff, 0xff, 0xf1, 0x00, 0x00, 0x00,
    0x1f, 0xff, 0xff, 0xfe, 0x00, 0x00, 0x00, 0x06,
    0xff, 0xff, 0xff, 0xa0, 0x00, 0x00, 0x00, 0x0b,
    0xff, 0xff, 0xff, 0x60, 0x00, 0x00, 0x0c, 0xff,
    0xff, 0xff, 0x40, 0x00, 0x00, 0x00, 0x04, 0xff,
    0xff, 0xff, 0xd0, 0x00, 0x00, 0x3f, 0xff, 0xff,
    0xfd, 0x00, 0x00, 0x00, 0x00, 0x00, 0xdf, 0xff,
    0xff, 0xf3, 0x00, 0x00, 0xaf, 0xff, 0xff, 0xf7,
    0x00, 0x00, 0x00, 0x00, 0x00, 0x7f, 0xff, 0xff,
    0xfa, 0x00, 0x01, 0xff, 0xff, 0xff, 0xf1, 0x00,
    0x00, 0x00, 0x00, 0x00, 0x1f, 0xff, 0xff, 0xff,
    0x10, 0x08, 0xff, 0xff, 0xff, 0xa0, 0x00, 0x00,
    0x00, 0x00, 0x00, 0x0a, 0xff, 0xff, 0xff, 0x80,
    0x0e, 0xff, 0xff, 0xff, 0x30, 0x00, 0x00, 0x00,
    0x00, 0x00, 0x03, 0xff, 0xff, 0xff, 0xe0, 0x5f,
    0xff, 0xff, 0xfd, 0x00, 0x00, 0x00, 0x00, 0x00,
    0x00, 0x00, 0xdf, 0xff, 0xff, 0xf5,

    /* U+005F "_" */
    0x77, 0x77, 0x77, 0x77, 0x77, 0x77, 0x77, 0x77,
    0x77, 0x77, 0x77, 0x77, 0x77, 0x77, 0x77, 0xff,
    0xff, 0xff, 0xff, 0xff, 0xff, 0xff, 0xff, 0xff,
    0xff, 0xff, 0xff, 0xff, 0xff, 0xff, 0xff, 0xff,
    0xff, 0xff, 0xff, 0xff, 0xff, 0xff, 0xff, 0xff,
    0xff, 0xff, 0xff, 0xff, 0xff, 0xff, 0xff, 0xff,
    0xff, 0xff, 0xff, 0xff, 0xff, 0xff, 0xff, 0xff,
    0xff, 0xff, 0xff, 0xff, 0xff, 0xff, 0xff, 0xff,
    0xff, 0xff, 0xff, 0xff, 0xff, 0xff, 0xff, 0xff,
    0xff, 0xff, 0xff, 0xff, 0xff, 0xff, 0xff, 0xff,
    0xff, 0xff, 0xff, 0xff, 0xff, 0xff, 0xff, 0xff,
    0xff, 0xff,

    /* U+0060 "`" */
    0x38, 0x88, 0x88, 0x88, 0x88, 0x40, 0x00, 0x00,
    0x00, 0x00, 0x7f, 0xff, 0xff, 0xff, 0xff, 0x50,
    0x00, 0x00, 0x00, 0x00, 0x4e, 0xff, 0xff, 0xff,
    0xff, 0x40, 0x00, 0x00, 0x00, 0x00, 0x1c, 0xff,
    0xff, 0xff, 0xff, 0x40, 0x00, 0x00, 0x00, 0x00,
    0x09, 0xff, 0xff, 0xff, 0xff, 0x30, 0x00, 0x00,
    0x00, 0x00, 0x05, 0xff, 0xff, 0xff, 0xfe, 0x20,
    0x00, 0x00, 0x00, 0x00, 0x03, 0xdf, 0xff, 0xff,
    0xfe, 0x20, 0x00, 0x00, 0x00, 0x00, 0x01, 0xbf,
    0xff, 0xff, 0xfe, 0x20, 0x00, 0x00, 0x00, 0x00,
    0x00, 0x8f, 0xff, 0xff, 0xfd, 0x10,

    /* U+0061 "a" */
    0x00, 0x00, 0x00, 0x00, 0x26, 0x9b, 0xde, 0xff,
    0xed, 0xca, 0x63, 0x00, 0x00, 0x00, 0x00, 0x00,
    0x00, 0x00, 0x38, 0xef, 0xff, 0xff, 0xff, 0xff,
    0xff, 0xff, 0xfd, 0x71, 0x00, 0x00, 0x00, 0x00,
    0x04, 0xcf, 0xff, 0xff, 0xff, 0xff, 0xff, 0xff,
    0xff, 0xff, 0xff, 0xe5, 0x00, 0x00, 0x00, 0x2b,
    0xff, 0xff, 0xff, 0xff, 0xff, 0xff, 0xff, 0xff,
    0xff, 0xff, 0xff, 0xfa, 0x00, 0x00, 0x04, 0xff,
    0xff, 0xff, 0xff, 0xff, 0xff, 0xff, 0xff, 0xff,
    0xff, 0xff, 0xff, 0xfb, 0x00, 0x00, 0x0c, 0xff,
    0xff, 0xff, 0xff, 0xff, 0xff, 0xff, 0xff, 0xff,
    0xff, 0xff, 0xff, 0xf8, 0x00, 0x00, 0x3f, 0xff,
    0xff, 0xff, 0xff, 0xff, 0xff, 0xff, 0xff, 0xff,
    0xff, 0xff, 0xff, 0xf2, 0x00, 0x00, 0xbf, 0xff,
    0xff, 0xfe, 0xb9, 0x88, 0x9b, 0xef, 0xff, 0xff,
    0xff, 0xff, 0xff, 0x90, 0x00, 0x03, 0xff, 0xfd,
    0x72, 0x00, 0x00, 0x00, 0x00, 0x5e, 0xff, 0xff,
    0xff, 0xff, 0xff, 0x00, 0x00, 0x0a, 0xd4, 0x00,
    0x00, 0x00, 0x00, 0x00, 0x00, 0x1d, 0xff, 0xff,
    0xff, 0xff, 0xf4, 0x00, 0x00, 0x10, 0x00, 0x00,
    0x00, 0x00, 0x00, 0x00, 0x00, 0x3f, 0xff, 0xff,
    0xff, 0xff, 0x80, 0x00, 0x00, 0x00, 0x00, 0x00,
    0x00, 0x00, 0x00, 0x00, 0x00, 0xcf, 0xff, 0xff,
    0xff, 0xfa, 0x00, 0x00, 0x00, 0x00, 0x00, 0x00,
    0x00, 0x00, 0x00, 0x00, 0x09, 0xff, 0xff, 0xff,
    0xff, 0xc0, 0x00, 0x00, 0x00, 0x00, 0x24, 0x67,
    0x77, 0x88, 0x88, 0x88, 0xcf, 0xff, 0xff, 0xff,
    0xfd, 0x00, 0x00, 0x01, 0x6b, 0xff, 0xff, 0xff,
    0xff, 0xff, 0xff, 0xff, 0xff, 0xff, 0xff, 0xff,
    0xd0, 0x00, 0x08, 0xff, 0xff, 0xff, 0xff, 0xff,
    0xff, 0xff, 0xff, 0xff, 0xff, 0xff, 0xff, 0xfe,
    0x00, 0x0c, 0xff, 0xff, 0xff, 0xff, 0xff, 0xff,
    0xff, 0xff, 0xff, 0xff, 0xff, 0xff, 0xff, 0xe0,
    0x0c, 0xff, 0xff, 0xff, 0xff, 0xff, 0xff, 0xff,
    0xff, 0xff, 0xff, 0xff, 0xff, 0xff, 0xfe, 0x07,
    0xff, 0xff, 0xff, 0xff, 0xff, 0xff, 0xff, 0xff,
    0xff, 0xff, 0xff, 0xff, 0xff, 0xff, 0xe0, 0xff,
    0xff, 0xff, 0xff, 0xff, 0x84, 0x10, 0x00, 0x00,
    0x00, 0x7f, 0xff, 0xff, 0xff, 0xfe, 0x5f, 0xff,
    0xff, 0xff, 0xff, 0x30, 0x00, 0x00, 0x00, 0x00,
    0x07, 0xff, 0xff, 0xff, 0xff, 0xe9, 0xff, 0xff,
    0xff, 0xff, 0x90, 0x00, 0x00, 0x00, 0x00, 0x00,
    0x7f, 0xff, 0xff, 0xff, 0xfe, 0xbf, 0xff, 0xff,
    0xff, 0xf5, 0x00, 0x00, 0x00, 0x00, 0x00, 0x09,
    0xff, 0xff, 0xff, 0xff, 0xeb, 0xff, 0xff, 0xff,
    0xff, 0x60, 0x00, 0x00, 0x00, 0x00, 0x02, 0xff,
    0xff, 0xff, 0xff, 0xfe, 0xaf, 0xff, 0xff, 0xff,
    0xfc, 0x00, 0x00, 0x00, 0x00, 0x01, 0xdf, 0xff,
    0xff, 0xff, 0xff, 0xe7, 0xff, 0xff, 0xff, 0xff,
    0xfa, 0x00, 0x00, 0x00, 0x04, 0xdf, 0xff, 0xff,
    0xff, 0xff, 0xfe, 0x2f, 0xff, 0xff, 0xff, 0xff,
    0xfe, 0x96, 0x56, 0x8d, 0xff, 0xff, 0xff, 0xff,
    0xff, 0xff, 0xe0, 0xbf, 0xff, 0xff, 0xff, 0xff,
    0xff, 0xff, 0xff, 0xff, 0xff, 0xff, 0xff, 0xff,
    0xff, 0xfe, 0x02, 0xff, 0xff, 0xff, 0xff, 0xff,
    0xff, 0xff, 0xff, 0xff, 0xff, 0xff, 0xff, 0xff,
    0xff, 0xe0, 0x04, 0xff, 0xff, 0xff, 0xff, 0xff,
    0xff, 0xff, 0xff, 0xff, 0x8e, 0xff, 0xff, 0xff,
    0xfe, 0x00, 0x04, 0xef, 0xff, 0xff, 0xff, 0xff,
    0xff, 0xff, 0xff, 0x80, 0xef, 0xff, 0xff, 0xff,
    0xe0, 0x00, 0x01, 0x9f, 0xff, 0xff, 0xff, 0xff,
    0xff, 0xfd, 0x40, 0x0e, 0xff, 0xff, 0xff, 0xfe,
    0x00, 0x00, 0x00, 0x05, 0x9c, 0xef, 0xff, 0xdb,
    0x83, 0x00, 0x00, 0xef, 0xff, 0xff, 0xff, 0xe0,

    /* U+0062 "b" */
    0x9d, 0xdd, 0xdd, 0xdd, 0xd9, 0x00, 0x00, 0x00,
    0x00, 0x00, 0x00, 0x00, 0x00, 0x00, 0x00, 0x00,
    0x00, 0x00, 0xbf, 0xff, 0xff, 0xff, 0xfb, 0x00,
    0x00, 0x00, 0x00, 0x00, 0x00, 0x00, 0x00, 0x00,
    0x00, 0x00, 0x00, 0x00, 0xbf, 0xff, 0xff, 0xff,
    0xfb, 0x00, 0x00, 0x00, 0x00, 0x00, 0x00, 0x00,
    0x00, 0x00, 0x00, 0x00, 0x00, 0x00, 0xbf, 0xff,
    0xff, 0xff, 0xfb, 0x00, 0x00, 0x00, 0x00, 0x00,
    0x00, 0x00, 0x00, 0x00, 0x00, 0x00, 0x00, 0x00,
    0xbf, 0xff, 0xff, 0xff, 0xfb, 0x00, 0x00, 0x00,
    0x00, 0x00, 0x00, 0x00, 0x00, 0x00, 0x00, 0x00,
    0x00, 0x00, 0xbf, 0xff, 0xff, 0xff, 0xfb, 0x00,
    0x00, 0x00, 0x00, 0x00, 0x00, 0x00, 0x00, 0x00,
    0x00, 0x00, 0x00, 0x00, 0xbf, 0xff, 0xff, 0xff,
    0xfb, 0x00, 0x00, 0x00, 0x00, 0x00, 0x00, 0x00,
    0x00, 0x00, 0x00, 0x00, 0x00, 0x00, 0xbf, 0xff,
    0xff, 0xff, 0xfb, 0x00, 0x00, 0x00, 0x00, 0x00,
    0x00, 0x00, 0x00, 0x00, 0x00, 0x00, 0x00, 0x00,
    0xbf, 0xff, 0xff, 0xff, 0xfb, 0x00, 0x00, 0x00,
    0x00, 0x00, 0x00, 0x00, 0x00, 0x00, 0x00, 0x00,
    0x00, 0x00, 0xbf, 0xff, 0xff, 0xff, 0xfb, 0x00,
    0x00, 0x00, 0x00, 0x00, 0x00, 0x00, 0x00, 0x00,
    0x00, 0x00, 0x00, 0x00, 0xbf, 0xff, 0xff, 0xff,
    0xfb, 0x00, 0x00, 0x00, 0x00, 0x00, 0x00, 0x00,
    0x00, 0x00, 0x00, 0x00, 0x00, 0x00, 0xbf, 0xff,
    0xff, 0xff, 0xfb, 0x00, 0x00, 0x00, 0x00, 0x00,
    0x00, 0x00, 0x00, 0x00, 0x00, 0x00, 0x00, 0x00,
    0xbf, 0xff, 0xff, 0xff, 0xfb, 0x00, 0x00, 0x27,
    0xbd, 0xef, 0xed, 0xb8, 0x30, 0x00, 0x00, 0x00,
    0x00, 0x00, 0xbf, 0xff, 0xff, 0xff, 0xfb, 0x00,
    0x5d, 0xff, 0xff, 0xff, 0xff, 0xff, 0xfe, 0x70,
    0x00, 0x00, 0x00, 0x00, 0xbf, 0xff, 0xff, 0xff,
    0xfb, 0x0a, 0xff, 0xff, 0xff, 0xff, 0xff, 0xff,
    0xff, 0xfe, 0x50, 0x00, 0x00, 0x00, 0xbf, 0xff,
    0xff, 0xff, 0xfc, 0xcf, 0xff, 0xff, 0xff, 0xff,
    0xff, 0xff, 0xff, 0xff, 0xfa, 0x00, 0x00, 0x00,
    0xbf, 0xff, 0xff, 0xff, 0xff, 0xff, 0xff, 0xff,
    0xff, 0xff, 0xff, 0xff, 0xff, 0xff, 0xff, 0xc0,
    0x00, 0x00, 0xbf, 0xff, 0xff, 0xff, 0xff, 0xff,
    0xff, 0xff, 0xff, 0xff, 0xff, 0xff, 0xff, 0xff,
    0xff, 0xfb, 0x00, 0x00, 0xbf, 0xff, 0xff, 0xff,
    0xff, 0xff, 0xff, 0xff, 0xff, 0xff, 0xff, 0xff,
    0xff, 0xff, 0xff, 0xff, 0x80, 0x00, 0xbf, 0xff,
    0xff, 0xff, 0xff, 0xff, 0xff, 0xff, 0xdc, 0xce,
    0xff, 0xff, 0xff, 0xff, 0xff, 0xff, 0xf3, 0x00,
    0xbf, 0xff, 0xff, 0xff, 0xff, 0xff, 0xfd, 0x50,
    0x00, 0x00, 0x29, 0xff, 0xff, 0xff, 0xff, 0xff,
    0xfb, 0x00, 0xbf, 0xff, 0xff, 0xff, 0xff, 0xff,
    0x90, 0x00, 0x00, 0x00, 0x00, 0x3e, 0xff, 0xff,
    0xff, 0xff, 0xff, 0x20, 0xbf, 0xff, 0xff, 0xff,
    0xff, 0xf8, 0x00, 0x00, 0x00, 0x00, 0x00, 0x01,
    0xef, 0xff, 0xff, 0xff, 0xff, 0x80, 0xbf, 0xff,
    0xff, 0xff, 0xff, 0xc0, 0x00, 0x00, 0x00, 0x00,
    0x00, 0x00, 0x4f, 0xff, 0xff, 0xff, 0xff, 0xd0,
    0xbf, 0xff, 0xff, 0xff, 0xff, 0x40, 0x00, 0x00,
    0x00, 0x00, 0x00, 0x00, 0x0c, 0xff, 0xff, 0xff,
    0xff, 0xf1, 0xbf, 0xff, 0xff, 0xff, 0xff, 0x00,
    0x00, 0x00, 0x00, 0x00, 0x00, 0x00, 0x06, 0xff,
    0xff, 0xff, 0xff, 0xf3, 0xbf, 0xff, 0xff, 0xff,
    0xfb, 0x00, 0x00, 0x00, 0x00, 0x00, 0x00, 0x00,
    0x02, 0xff, 0xff, 0xff, 0xff, 0xf5, 0xbf, 0xff,
    0xff, 0xff, 0xfa, 0x00, 0x00, 0x00, 0x00, 0x00,
    0x00, 0x00, 0x01, 0xff, 0xff, 0xff, 0xff, 0xf6,
    0xbf, 0xff, 0xff, 0xff, 0xf9, 0x00, 0x00, 0x00,
    0x00, 0x00, 0x00, 0x00, 0x00, 0xff, 0xff, 0xff,
    0xff, 0xf7, 0xbf, 0xff, 0xff, 0xff, 0xfa, 0x00,
    0x00, 0x00, 0x00, 0x00, 0x00, 0x00, 0x01, 0xff,
    0xff, 0xff, 0xff, 0xf6, 0xbf, 0xff, 0xff, 0xff,
    0xfb, 0x00, 0x00, 0x00, 0x00, 0x00, 0x00, 0x00,
    0x02, 0xff, 0xff, 0xff, 0xff, 0xf5, 0xbf, 0xff,
    0xff, 0xff, 0xff, 0x00, 0x00, 0x00, 0x00, 0x00,
    0x00, 0x00, 0x06, 0xff, 0xff, 0xff, 0xff, 0xf3,
    0xbf, 0xff, 0xff, 0xff, 0xff, 0x50, 0x00, 0x00,
    0x00, 0x00, 0x00, 0x00, 0x0c, 0xff, 0xff, 0xff,
    0xff, 0xf1, 0xbf, 0xff, 0xff, 0xff, 0xff, 0xc0,
    0x00, 0x00, 0x00, 0x00, 0x00, 0x00, 0x4f, 0xff,
    0xff, 0xff, 0xff, 0xd0, 0xbf, 0xff, 0xff, 0xff,
    0xff, 0xf8, 0x00, 0x00, 0x00, 0x00, 0x00, 0x01,
    0xef, 0xff, 0xff, 0xff, 0xff, 0x80, 0xbf, 0xff,
    0xff, 0xff, 0xff, 0xff, 0x90, 0x00, 0x00, 0x00,
    0x00, 0x3e, 0xff, 0xff, 0xff, 0xff, 0xff, 0x20,
    0xbf, 0xff, 0xff, 0xff, 0xff, 0xff, 0xfd, 0x50,
    0x00, 0x00, 0x29, 0xff, 0xff, 0xff, 0xff, 0xff,
    0xfb, 0x00, 0xbf, 0xff, 0xff, 0xff, 0xff, 0xff,
    0xff, 0xff, 0xdc, 0xce, 0xff, 0xff, 0xff, 0xff,
    0xff, 0xff, 0xf2, 0x00, 0xbf, 0xff, 0xff, 0xff,
    0xff, 0xff, 0xff, 0xff, 0xff, 0xff, 0xff, 0xff,
    0xff, 0xff, 0xff, 0xff, 0x80, 0x00, 0xbf, 0xff,
    0xff, 0xff, 0xff, 0xff, 0xff, 0xff, 0xff, 0xff,
    0xff, 0xff, 0xff, 0xff, 0xff, 0xfb, 0x00, 0x00,
    0xbf, 0xff, 0xff, 0xff, 0xff, 0xff, 0xff, 0xff,
    0xff, 0xff, 0xff, 0xff, 0xff, 0xff, 0xff, 0xc0,
    0x00, 0x00, 0xbf, 0xff, 0xff, 0xff, 0xf8, 0xff,
    0xff, 0xff, 0xff, 0xff, 0xff, 0xff, 0xff, 0xff,
    0xfa, 0x00, 0x00, 0x00, 0xbf, 0xff, 0xff, 0xff,
    0xf4, 0x2d, 0xff, 0xff, 0xff, 0xff, 0xff, 0xff,
    0xff, 0xfe, 0x60, 0x00, 0x00, 0x00, 0xbf, 0xff,
    0xff, 0xff, 0xf4, 0x00, 0x7e, 0xff, 0xff, 0xff,
    0xff, 0xff, 0xfe, 0x71, 0x00, 0x00, 0x00, 0x00,
    0xbf, 0xff, 0xff, 0xff, 0xf4, 0x00, 0x00, 0x48,
    0xcd, 0xef, 0xfd, 0xb8, 0x30, 0x00, 0x00, 0x00,
    0x00, 0x00,

    /* U+0063 "c" */
    0x00, 0x00, 0x00, 0x00, 0x00, 0x00, 0x05, 0x8b,
    0xde, 0xff, 0xed, 0xa7, 0x30, 0x00, 0x00, 0x00,
    0x00, 0x00, 0x00, 0x00, 0x00, 0x00, 0x4b, 0xff,
    0xff, 0xff, 0xff, 0xff, 0xff, 0xfe, 0x70, 0x00,
    0x00, 0x00, 0x00, 0x00, 0x00, 0x00, 0x3c, 0xff,
    0xff, 0xff, 0xff, 0xff, 0xff, 0xff, 0xff, 0xfe,
    0x60, 0x00, 0x00, 0x00, 0x00, 0x00, 0x08, 0xff,
    0xff, 0xff, 0xff, 0xff, 0xff, 0xff, 0xff, 0xff,
    0xff, 0xfa, 0x00, 0x00, 0x00, 0x00, 0x01, 0xcf,
    0xff, 0xff, 0xff, 0xff, 0xff, 0xff, 0xff, 0xff,
    0xff, 0xff, 0xff, 0xc0, 0x00, 0x00, 0x00, 0x0c,
    0xff, 0xff, 0xff, 0xff, 0xff, 0xff, 0xff, 0xff,
    0xff, 0xff, 0xff, 0xff, 0xfa, 0x00, 0x00, 0x00,
    0xbf, 0xff, 0xff, 0xff, 0xff, 0xff, 0xff, 0xff,
    0xff, 0xff, 0xff, 0xff, 0xff, 0xff, 0x60, 0x00,
    0x07, 0xff, 0xff, 0xff, 0xff, 0xff, 0xff, 0xfd,
    0xcc, 0xef, 0xff, 0xff, 0xff, 0xff, 0xff, 0xe0,
    0x00, 0x1f, 0xff, 0xff, 0xff, 0xff, 0xff, 0xd5,
    0x10, 0x00, 0x02, 0x9f, 0xff, 0xff, 0xff, 0xff,
    0xb1, 0x00, 0x9f, 0xff, 0xff, 0xff, 0xff, 0xf8,
    0x00, 0x00, 0x00, 0x00, 0x02, 0xdf, 0xff, 0xff,
    0xc4, 0x00, 0x00, 0xff, 0xff, 0xff, 0xff, 0xff,
    0x70, 0x00, 0x00, 0x00, 0x00, 0x00, 0x1e, 0xff,
    0xd5, 0x00, 0x00, 0x05, 0xff, 0xff, 0xff, 0xff,
    0xfb, 0x00, 0x00, 0x00, 0x00, 0x00, 0x00, 0x04,
    0xd5, 0x00, 0x00, 0x00, 0x09, 0xff, 0xff, 0xff,
    0xff, 0xf2, 0x00, 0x00, 0x00, 0x00, 0x00, 0x00,
    0x00, 0x00, 0x00, 0x00, 0x00, 0x0c, 0xff, 0xff,
    0xff, 0xff, 0xd0, 0x00, 0x00, 0x00, 0x00, 0x00,
    0x00, 0x00, 0x00, 0x00, 0x00, 0x00, 0x0f, 0xff,
    0xff, 0xff, 0xff, 0x90, 0x00, 0x00, 0x00, 0x00,
    0x00, 0x00, 0x00, 0x00, 0x00, 0x00, 0x00, 0x0f,
    0xff, 0xff, 0xff, 0xff, 0x70, 0x00, 0x00, 0x00,
    0x00, 0x00, 0x00, 0x00, 0x00, 0x00, 0x00, 0x00,
    0x1f, 0xff, 0xff, 0xff, 0xff, 0x60, 0x00, 0x00,
    0x00, 0x00, 0x00, 0x00, 0x00, 0x00, 0x00, 0x00,
    0x00, 0x0f, 0xff, 0xff, 0xff, 0xff, 0x70, 0x00,
    0x00, 0x00, 0x00, 0x00, 0x00, 0x00, 0x00, 0x00,
    0x00, 0x00, 0x0f, 0xff, 0xff, 0xff, 0xff, 0x90,
    0x00, 0x00, 0x00, 0x00, 0x00, 0x00, 0x00, 0x00,
    0x00, 0x00, 0x00, 0x0c, 0xff, 0xff, 0xff, 0xff,
    0xd0, 0x00, 0x00, 0x00, 0x00, 0x00, 0x00, 0x00,
    0x00, 0x00, 0x00, 0x00, 0x09, 0xff, 0xff, 0xff,
    0xff, 0xf2, 0x00, 0x00, 0x00, 0x00, 0x00, 0x00,
    0x00, 0x00, 0x00, 0x00, 0x00, 0x05, 0xff, 0xff,
    0xff, 0xff, 0xfa, 0x00, 0x00, 0x00, 0x00, 0x00,
    0x00, 0x04, 0xd5, 0x00, 0x00, 0x00, 0x00, 0xff,
    0xff, 0xff, 0xff, 0xff, 0x60, 0x00, 0x00, 0x00,
    0x00, 0x00, 0x1e, 0xff, 0xc4, 0x00, 0x00, 0x00,
    0x9f, 0xff, 0xff, 0xff, 0xff, 0xf8, 0x00, 0x00,
    0x00, 0x00, 0x02, 0xdf, 0xff, 0xff, 0xb3, 0x00,
    0x00, 0x1f, 0xff, 0xff, 0xff, 0xff, 0xff, 0xd5,
    0x00, 0x00, 0x02, 0x8f, 0xff, 0xff, 0xff, 0xff,
    0xa1, 0x00, 0x07, 0xff, 0xff, 0xff, 0xff, 0xff,
    0xff, 0xfd, 0xcc, 0xef, 0xff, 0xff, 0xff, 0xff,
    0xff, 0xe0, 0x00, 0x00, 0xbf, 0xff, 0xff, 0xff,
    0xff, 0xff, 0xff, 0xff, 0xff, 0xff, 0xff, 0xff,
    0xff, 0xff, 0x60, 0x00, 0x00, 0x0c, 0xff, 0xff,
    0xff, 0xff, 0xff, 0xff, 0xff, 0xff, 0xff, 0xff,
    0xff, 0xff, 0xfa, 0x00, 0x00, 0x00, 0x01, 0xcf,
    0xff, 0xff, 0xff, 0xff, 0xff, 0xff, 0xff, 0xff,
    0xff, 0xff, 0xff, 0xb0, 0x00, 0x00, 0x00, 0x00,
    0x09, 0xff, 0xff, 0xff, 0xff, 0xff, 0xff, 0xff,
    0xff, 0xff, 0xff, 0xfa, 0x00, 0x00, 0x00, 0x00,
    0x00, 0x00, 0x3c, 0xff, 0xff, 0xff, 0xff, 0xff,
    0xff, 0xff, 0xff, 0xfe, 0x50, 0x00, 0x00, 0x00,
    0x00, 0x00, 0x00, 0x00, 0x4b, 0xff, 0xff, 0xff,
    0xff, 0xff, 0xff, 0xfe, 0x70, 0x00, 0x00, 0x00,
    0x00, 0x00, 0x00, 0x00, 0x00, 0x00, 0x05, 0x8b,
    0xde, 0xff, 0xed, 0xa7, 0x30, 0x00, 0x00, 0x00,
    0x00,

    /* U+0064 "d" */
    0x00, 0x00, 0x00, 0x00, 0x00, 0x00, 0x00, 0x00,
    0x00, 0x00, 0x00, 0x00, 0x02, 0xdd, 0xdd, 0xdd,
    0xdd, 0xd2, 0x00, 0x00, 0x00, 0x00, 0x00, 0x00,
    0x00, 0x00, 0x00, 0x00, 0x00, 0x00, 0x02, 0xff,
    0xff, 0xff, 0xff, 0xf3, 0x00, 0x00, 0x00, 0x00,
    0x00, 0x00, 0x00, 0x00, 0x00, 0x00, 0x00, 0x00,
    0x02, 0xff, 0xff, 0xff, 0xff, 0xf3, 0x00, 0x00,
    0x00, 0x00, 0x00, 0x00, 0x00, 0x00, 0x00, 0x00,
    0x00, 0x00, 0x02, 0xff, 0xff, 0xff, 0xff, 0xf3,
    0x00, 0x00, 0x00, 0x00, 0x00, 0x00, 0x00, 0x00,
    0x00, 0x00, 0x00, 0x00, 0x02, 0xff, 0xff, 0xff,
    0xff, 0xf3, 0x00, 0x00, 0x00, 0x00, 0x00, 0x00,
    0x00, 0x00, 0x00, 0x00, 0x00, 0x00, 0x02, 0xff,
    0xff, 0xff, 0xff, 0xf3, 0x00, 0x00, 0x00, 0x00,
    0x00, 0x00, 0x00, 0x00, 0x00, 0x00, 0x00, 0x00,
    0x02, 0xff, 0xff, 0xff, 0xff, 0xf3, 0x00, 0x00,
    0x00, 0x00, 0x00, 0x00, 0x00, 0x00, 0x00, 0x00,
    0x00, 0x00, 0x02, 0xff, 0xff, 0xff, 0xff, 0xf3,
    0x00, 0x00, 0x00, 0x00, 0x00, 0x00, 0x00, 0x00,
    0x00, 0x00, 0x00, 0x00, 0x02, 0xff, 0xff, 0xff,
    0xff, 0xf3, 0x00, 0x00, 0x00, 0x00, 0x00, 0x00,
    0x00, 0x00, 0x00, 0x00, 0x00, 0x00, 0x02, 0xff,
    0xff, 0xff, 0xff, 0xf3, 0x00, 0x00, 0x00, 0x00,
    0x00, 0x00, 0x00, 0x00, 0x00, 0x00, 0x00, 0x00,
    0x02, 0xff, 0xff, 0xff, 0xff, 0xf3, 0x00, 0x00,
    0x00, 0x00, 0x00, 0x00, 0x00, 0x00, 0x00, 0x00,
    0x00, 0x00, 0x02, 0xff, 0xff, 0xff, 0xff, 0xf3,
    0x00, 0x00, 0x00, 0x00, 0x00, 0x16, 0x9c, 0xef,
    0xfe, 0xc9, 0x51, 0x00, 0x02, 0xff, 0xff, 0xff,
    0xff, 0xf3, 0x00, 0x00, 0x00, 0x00, 0x3b, 0xff,
    0xff, 0xff, 0xff, 0xff, 0xff, 0x91, 0x02, 0xff,
    0xff, 0xff, 0xff, 0xf3, 0x00, 0x00, 0x00, 0x1a,
    0xff, 0xff, 0xff, 0xff, 0xff, 0xff, 0xff, 0xff,
    0x52, 0xff, 0xff, 0xff, 0xff, 0xf3, 0x00, 0x00,
    0x04, 0xef, 0xff, 0xff, 0xff, 0xff, 0xff, 0xff,
    0xff, 0xff, 0xf9, 0xff, 0xff, 0xff, 0xff, 0xf3,
    0x00, 0x00, 0x5f, 0xff, 0xff, 0xff, 0xff, 0xff,
    0xff, 0xff, 0xff, 0xff, 0xff, 0xff, 0xff, 0xff,
    0xff, 0xf3, 0x00, 0x04, 0xff, 0xff, 0xff, 0xff,
    0xff, 0xff, 0xff, 0xff, 0xff, 0xff, 0xff, 0xff,
    0xff, 0xff, 0xff, 0xf3, 0x00, 0x1e, 0xff, 0xff,
    0xff, 0xff, 0xff, 0xff, 0xff, 0xff, 0xff, 0xff,
    0xff, 0xff, 0xff, 0xff, 0xff, 0xf3, 0x00, 0xaf,
    0xff, 0xff, 0xff, 0xff, 0xff, 0xff, 0xdc, 0xce,
    0xff, 0xff, 0xff, 0xff, 0xff, 0xff, 0xff, 0xf3,
    0x03, 0xff, 0xff, 0xff, 0xff, 0xff, 0xfd, 0x51,
    0x00, 0x00, 0x29, 0xff, 0xff, 0xff, 0xff, 0xff,
    0xff, 0xf3, 0x0a, 0xff, 0xff, 0xff, 0xff, 0xff,
    0x90, 0x00, 0x00, 0x00, 0x00, 0x2d, 0xff, 0xff,
    0xff, 0xff, 0xff, 0xf3, 0x0f, 0xff, 0xff, 0xff,
    0xff, 0xf8, 0x00, 0x00, 0x00, 0x00, 0x00, 0x01,
    0xef, 0xff, 0xff, 0xff, 0xff, 0xf3, 0x5f, 0xff,
    0xff, 0xff, 0xff, 0xc0, 0x00, 0x00, 0x00, 0x00,
    0x00, 0x00, 0x4f, 0xff, 0xff, 0xff, 0xff, 0xf3,
    0x8f, 0xff, 0xff, 0xff, 0xff, 0x40, 0x00, 0x00,
    0x00, 0x00, 0x00, 0x00, 0x0b, 0xff, 0xff, 0xff,
    0xff, 0xf3, 0xbf, 0xff, 0xff, 0xff, 0xfe, 0x00,
    0x00, 0x00, 0x00, 0x00, 0x00, 0x00, 0x06, 0xff,
    0xff, 0xff, 0xff, 0xf3, 0xdf, 0xff, 0xff, 0xff,
    0xfb, 0x00, 0x00, 0x00, 0x00, 0x00, 0x00, 0x00,
    0x02, 0xff, 0xff, 0xff, 0xff, 0xf3, 0xef, 0xff,
    0xff, 0xff, 0xf9, 0x00, 0x00, 0x00, 0x00, 0x00,
    0x00, 0x00, 0x01, 0xff, 0xff, 0xff, 0xff, 0xf3,
    0xff, 0xff, 0xff, 0xff, 0xf8, 0x00, 0x00, 0x00,
    0x00, 0x00, 0x00, 0x00, 0x00, 0xff, 0xff, 0xff,
    0xff, 0xf3, 0xef, 0xff, 0xff, 0xff, 0xf9, 0x00,
    0x00, 0x00, 0x00, 0x00, 0x00, 0x00, 0x01, 0xff,
    0xff, 0xff, 0xff, 0xf3, 0xdf, 0xff, 0xff, 0xff,
    0xfb, 0x00, 0x00, 0x00, 0x00, 0x00, 0x00, 0x00,
    0x02, 0xff, 0xff, 0xff, 0xff, 0xf3, 0xbf, 0xff,
    0xff, 0xff, 0xfe, 0x00, 0x00, 0x00, 0x00, 0x00,
    0x00, 0x00, 0x06, 0xff, 0xff, 0xff, 0xff, 0xf3,
    0x8f, 0xff, 0xff, 0xff, 0xff, 0x40, 0x00, 0x00,
    0x00, 0x00, 0x00, 0x00, 0x0c, 0xff, 0xff, 0xff,
    0xff, 0xf3, 0x5f, 0xff, 0xff, 0xff, 0xff, 0xc0,
    0x00, 0x00, 0x00, 0x00, 0x00, 0x00, 0x4f, 0xff,
    0xff, 0xff, 0xff, 0xf3, 0x0f, 0xff, 0xff, 0xff,
    0xff, 0xf8, 0x00, 0x00, 0x00, 0x00, 0x00, 0x01,
    0xef, 0xff, 0xff, 0xff, 0xff, 0xf3, 0x0a, 0xff,
    0xff, 0xff, 0xff, 0xff, 0x90, 0x00, 0x00, 0x00,
    0x00, 0x2e, 0xff, 0xff, 0xff, 0xff, 0xff, 0xf3,
    0x02, 0xff, 0xff, 0xff, 0xff, 0xff, 0xfd, 0x51,
    0x00, 0x00, 0x29, 0xff, 0xff, 0xff, 0xff, 0xff,
    0xff, 0xf3, 0x00, 0xaf, 0xff, 0xff, 0xff, 0xff,
    0xff, 0xff, 0xdc, 0xce, 0xff, 0xff, 0xff, 0xff,
    0xff, 0xff, 0xff, 0xf3, 0x00, 0x1e, 0xff, 0xff,
    0xff, 0xff, 0xff, 0xff, 0xff, 0xff, 0xff, 0xff,
    0xff, 0xff, 0xff, 0xff, 0xff, 0xf3, 0x00, 0x04,
    0xff, 0xff, 0xff, 0xff, 0xff, 0xff, 0xff, 0xff,
    0xff, 0xff, 0xff, 0xff, 0xff, 0xff, 0xff, 0xf3,
    0x00, 0x00, 0x5f, 0xff, 0xff, 0xff, 0xff, 0xff,
    0xff, 0xff, 0xff, 0xff, 0xff, 0xff, 0xff, 0xff,
    0xff, 0xf3, 0x00, 0x00, 0x04, 0xef, 0xff, 0xff,
    0xff, 0xff, 0xff, 0xff, 0xff, 0xff, 0xfa, 0xcf,
    0xff, 0xff, 0xff, 0xf3, 0x00, 0x00, 0x00, 0x1b,
    0xff, 0xff, 0xff, 0xff, 0xff, 0xff, 0xff, 0xff,
    0x90, 0xbf, 0xff, 0xff, 0xff, 0xf3, 0x00, 0x00,
    0x00, 0x00, 0x3b, 0xff, 0xff, 0xff, 0xff, 0xff,
    0xff, 0xb3, 0x00, 0xbf, 0xff, 0xff, 0xff, 0xf3,
    0x00, 0x00, 0x00, 0x00, 0x00, 0x16, 0x9c, 0xef,
    0xfe, 0xdb, 0x62, 0x00, 0x00, 0xbf, 0xff, 0xff,
    0xff, 0xf3,

    /* U+0065 "e" */
    0x00, 0x00, 0x00, 0x00, 0x00, 0x00, 0x27, 0xad,
    0xef, 0xfe, 0xdb, 0x83, 0x00, 0x00, 0x00, 0x00,
    0x00, 0x00, 0x00, 0x00, 0x00, 0x00, 0x06, 0xdf,
    0xff, 0xff, 0xff, 0xff, 0xff, 0xfe, 0x81, 0x00,
    0x00, 0x00, 0x00, 0x00, 0x00, 0x00, 0x00, 0x5e,
    0xff, 0xff, 0xff, 0xff, 0xff, 0xff, 0xff, 0xff,
    0xf7, 0x00, 0x00, 0x00, 0x00, 0x00, 0x00, 0x01,
    0xbf, 0xff, 0xff, 0xff, 0xff, 0xff, 0xff, 0xff,
    0xff, 0xff, 0xfd, 0x20, 0x00, 0x00, 0x00, 0x00,
    0x02, 0xdf, 0xff, 0xff, 0xff, 0xff, 0xff, 0xff,
    0xff, 0xff, 0xff, 0xff, 0xfe, 0x30, 0x00, 0x00,
    0x00, 0x01, 0xdf, 0xff, 0xff, 0xff, 0xff, 0xff,
    0xff, 0xff, 0xff, 0xff, 0xff, 0xff, 0xfe, 0x20,
    0x00, 0x00, 0x00, 0xcf, 0xff, 0xff, 0xff, 0xff,
    0xff, 0xff, 0xff, 0xff, 0xff, 0xff, 0xff, 0xff,
    0xfd, 0x00, 0x00, 0x00, 0x8f, 0xff, 0xff, 0xff,
    0xff, 0xfe, 0x84, 0x32, 0x36, 0xbf, 0xff, 0xff,
    0xff, 0xff, 0xf8, 0x00, 0x00, 0x2f, 0xff, 0xff,
    0xff, 0xff, 0xf7, 0x00, 0x00, 0x00, 0x00, 0x3d,
    0xff, 0xff, 0xff, 0xff, 0xf2, 0x00, 0x09, 0xff,
    0xff, 0xff, 0xff, 0xf4, 0x00, 0x00, 0x00, 0x00,
    0x00, 0x1c, 0xff, 0xff, 0xff, 0xff, 0x90, 0x00,
    0xff, 0xff, 0xff, 0xff, 0xf7, 0x00, 0x00, 0x00,
    0x00, 0x00, 0x00, 0x1f, 0xff, 0xff, 0xff, 0xff,
    0x00, 0x5f, 0xff, 0xff, 0xff, 0xfe, 0x00, 0x00,
    0x00, 0x00, 0x00, 0x00, 0x00, 0x8f, 0xff, 0xff,
    0xff, 0xf4, 0x09, 0xff, 0xff, 0xff, 0xff, 0x80,
    0x00, 0x00, 0x00, 0x00, 0x00, 0x00, 0x02, 0xff,
    0xff, 0xff, 0xff, 0x80, 0xdf, 0xff, 0xff, 0xff,
    0xfa, 0x88, 0x88, 0x88, 0x88, 0x88, 0x88, 0x88,
    0x8f, 0xff, 0xff, 0xff, 0xfb, 0x0f, 0xff, 0xff,
    0xff, 0xff, 0xff, 0xff, 0xff, 0xff, 0xff, 0xff,
    0xff, 0xff, 0xff, 0xff, 0xff, 0xff, 0xd0, 0xff,
    0xff, 0xff, 0xff, 0xff, 0xff, 0xff, 0xff, 0xff,
    0xff, 0xff, 0xff, 0xff, 0xff, 0xff, 0xff, 0xfe,
    0x1f, 0xff, 0xff, 0xff, 0xff, 0xff, 0xff, 0xff,
    0xff, 0xff, 0xff, 0xff, 0xff, 0xff, 0xff, 0xff,
    0xff, 0xe0, 0xff, 0xff, 0xff, 0xff, 0xff, 0xff,
    0xff, 0xff, 0xff, 0xff, 0xff, 0xff, 0xff, 0xff,
    0xff, 0xff, 0xfe, 0x0f, 0xff, 0xff, 0xff, 0xff,
    0xff, 0xff, 0xff, 0xff, 0xff, 0xff, 0xff, 0xff,
    0xff, 0xff, 0xff, 0xff, 0xc0, 0xcf, 0xff, 0xff,
    0xff, 0xf8, 0x00, 0x00, 0x00, 0x00, 0x00, 0x00,
    0x00, 0x00, 0x00, 0x00, 0x00, 0x00, 0x09, 0xff,
    0xff, 0xff, 0xff, 0xd0, 0x00, 0x00, 0x00, 0x00,
    0x00, 0x00, 0x00, 0x00, 0x00, 0x00, 0x00, 0x00,
    0x5f, 0xff, 0xff, 0xff, 0xff, 0x60, 0x00, 0x00,
    0x00, 0x00, 0x00, 0x00, 0x00, 0x00, 0x00, 0x00,
    0x00, 0x00, 0xff, 0xff, 0xff, 0xff, 0xff, 0x30,
    0x00, 0x00, 0x00, 0x00, 0x00, 0x00, 0x06, 0x00,
    0x00, 0x00, 0x00, 0x09, 0xff, 0xff, 0xff, 0xff,
    0xff, 0x40, 0x00, 0x00, 0x00, 0x00, 0x00, 0x1b,
    0xfb, 0x00, 0x00, 0x00, 0x00, 0x1f, 0xff, 0xff,
    0xff, 0xff, 0xff, 0xb3, 0x00, 0x00, 0x00, 0x02,
    0x8f, 0xff, 0xfa, 0x00, 0x00, 0x00, 0x00, 0x6f,
    0xff, 0xff, 0xff, 0xff, 0xff, 0xfe, 0xb9, 0x99,
    0xbe, 0xff, 0xff, 0xff, 0xf9, 0x00, 0x00, 0x00,
    0x00, 0xbf, 0xff, 0xff, 0xff, 0xff, 0xff, 0xff,
    0xff, 0xff, 0xff, 0xff, 0xff, 0xff, 0xf8, 0x00,
    0x00, 0x00, 0x00, 0xcf, 0xff, 0xff, 0xff, 0xff,
    0xff, 0xff, 0xff, 0xff, 0xff, 0xff, 0xff, 0xff,
    0xf5, 0x00, 0x00, 0x00, 0x01, 0xbf, 0xff, 0xff,
    0xff, 0xff, 0xff, 0xff, 0xff, 0xff, 0xff, 0xff,
    0xff, 0xfd, 0x10, 0x00, 0x00, 0x00, 0x00, 0x8f,
    0xff, 0xff, 0xff, 0xff, 0xff, 0xff, 0xff, 0xff,
    0xff, 0xff, 0xfb, 0x10, 0x00, 0x00, 0x00, 0x00,
    0x00, 0x3c, 0xff, 0xff, 0xff, 0xff, 0xff, 0xff,
    0xff, 0xff, 0xff, 0xf6, 0x00, 0x00, 0x00, 0x00,
    0x00, 0x00, 0x00, 0x03, 0xaf, 0xff, 0xff, 0xff,
    0xff, 0xff, 0xff, 0xfd, 0x71, 0x00, 0x00, 0x00,
    0x00, 0x00, 0x00, 0x00, 0x00, 0x00, 0x04, 0x8a,
    0xde, 0xff, 0xfe, 0xca, 0x73, 0x00, 0x00, 0x00,
    0x00, 0x00,

    /* U+0066 "f" */
    0x00, 0x00, 0x00, 0x00, 0x00, 0x00, 0x00, 0x14,
    0x56, 0x65, 0x30, 0x00, 0x00, 0x00, 0x00, 0x00,
    0x00, 0x00, 0x01, 0x8d, 0xff, 0xff, 0xff, 0xff,
    0xc7, 0x00, 0x00, 0x00, 0x00, 0x00, 0x00, 0x8f,
    0xff, 0xff, 0xff, 0xff, 0xff, 0xff, 0xe0, 0x00,
    0x00, 0x00, 0x00, 0x1c, 0xff, 0xff, 0xff, 0xff,
    0xff, 0xff, 0xff, 0xa0, 0x00, 0x00, 0x00, 0x00,
    0xcf, 0xff, 0xff, 0xff, 0xff, 0xff, 0xff, 0xff,
    0x40, 0x00, 0x00, 0x00, 0x09, 0xff, 0xff, 0xff,
    0xff, 0xff, 0xff, 0xff, 0xfe, 0x00, 0x00, 0x00,
    0x00, 0x2f, 0xff, 0xff, 0xff, 0xff, 0xff, 0xff,
    0xff, 0xf9, 0x00, 0x00, 0x00, 0x00, 0xaf, 0xff,
    0xff, 0xff, 0xff, 0xff, 0xff, 0xff, 0xf3, 0x00,
    0x00, 0x00, 0x00, 0xff, 0xff, 0xff, 0xff, 0xff,
    0x82, 0x00, 0x39, 0xd0, 0x00, 0x00, 0x00, 0x03,
    0xff, 0xff, 0xff, 0xff, 0xf6, 0x00, 0x00, 0x00,
    0x00, 0x00, 0x00, 0x00, 0x06, 0xff, 0xff, 0xff,
    0xff, 0xe0, 0x00, 0x00, 0x00, 0x00, 0x00, 0x00,
    0x00, 0x07, 0xff, 0xff, 0xff, 0xff, 0xa0, 0x00,
    0x00, 0x00, 0x00, 0x00, 0x00, 0x00, 0x08, 0xff,
    0xff, 0xff, 0xff, 0x90, 0x00, 0x00, 0x00, 0x00,
    0x00, 0x00, 0x00, 0x08, 0xff, 0xff, 0xff, 0xff,
    0x90, 0x00, 0x00, 0x00, 0x00, 0x00, 0x8f, 0xff,
    0xff, 0xff, 0xff, 0xff, 0xff, 0xff, 0xff, 0xff,
    0xff, 0xd0, 0x00, 0x8f, 0xff, 0xff, 0xff, 0xff,
    0xff, 0xff, 0xff, 0xff, 0xff, 0xff, 0xd0, 0x00,
    0x8f, 0xff, 0xff, 0xff, 0xff, 0xff, 0xff, 0xff,
    0xff, 0xff, 0xff, 0xd0, 0x00, 0x8f, 0xff, 0xff,
    0xff, 0xff, 0xff, 0xff, 0xff, 0xff, 0xff, 0xff,
    0xd0, 0x00, 0x8f, 0xff, 0xff, 0xff, 0xff, 0xff,
    0xff, 0xff, 0xff, 0xff, 0xff, 0xd0, 0x00, 0x8f,
    0xff, 0xff, 0xff, 0xff, 0xff, 0xff, 0xff, 0xff,
    0xff, 0xff, 0xd0, 0x00, 0x8f, 0xff, 0xff, 0xff,
    0xff, 0xff, 0xff, 0xff, 0xff, 0xff, 0xff, 0xd0,
    0x00, 0x24, 0x44, 0x4a, 0xff, 0xff, 0xff, 0xff,
    0xd4, 0x44, 0x44, 0x44, 0x30, 0x00, 0x00, 0x00,
    0x08, 0xff, 0xff, 0xff, 0xff, 0xd0, 0x00, 0x00,
    0x00, 0x00, 0x00, 0x00, 0x00, 0x08, 0xff, 0xff,
    0xff, 0xff, 0xd0, 0x00, 0x00, 0x00, 0x00, 0x00,
    0x00, 0x00, 0x08, 0xff, 0xff, 0xff, 0xff, 0xd0,
    0x00, 0x00, 0x00, 0x00, 0x00, 0x00, 0x00, 0x08,
    0xff, 0xff, 0xff, 0xff, 0xd0, 0x00, 0x00, 0x00,
    0x00, 0x00, 0x00, 0x00, 0x08, 0xff, 0xff, 0xff,
    0xff, 0xd0, 0x00, 0x00, 0x00, 0x00, 0x00, 0x00,
    0x00, 0x08, 0xff, 0xff, 0xff, 0xff, 0xd0, 0x00,
    0x00, 0x00, 0x00, 0x00, 0x00, 0x00, 0x08, 0xff,
    0xff, 0xff, 0xff, 0xd0, 0x00, 0x00, 0x00, 0x00,
    0x00, 0x00, 0x00, 0x08, 0xff, 0xff, 0xff, 0xff,
    0xd0, 0x00, 0x00, 0x00, 0x00, 0x00, 0x00, 0x00,
    0x08, 0xff, 0xff, 0xff, 0xff, 0xd0, 0x00, 0x00,
    0x00, 0x00, 0x00, 0x00, 0x00, 0x08, 0xff, 0xff,
    0xff, 0xff, 0xd0, 0x00, 0x00, 0x00, 0x00, 0x00,
    0x00, 0x00, 0x08, 0xff, 0xff, 0xff, 0xff, 0xd0,
    0x00, 0x00, 0x00, 0x00, 0x00, 0x00, 0x00, 0x08,
    0xff, 0xff, 0xff, 0xff, 0xd0, 0x00, 0x00, 0x00,
    0x00, 0x00, 0x00, 0x00, 0x08, 0xff, 0xff, 0xff,
    0xff, 0xd0, 0x00, 0x00, 0x00, 0x00, 0x00, 0x00,
    0x00, 0x08, 0xff, 0xff, 0xff, 0xff, 0xd0, 0x00,
    0x00, 0x00, 0x00, 0x00, 0x00, 0x00, 0x08, 0xff,
    0xff, 0xff, 0xff, 0xd0, 0x00, 0x00, 0x00, 0x00,
    0x00, 0x00, 0x00, 0x08, 0xff, 0xff, 0xff, 0xff,
    0xd0, 0x00, 0x00, 0x00, 0x00, 0x00, 0x00, 0x00,
    0x08, 0xff, 0xff, 0xff, 0xff, 0xd0, 0x00, 0x00,
    0x00, 0x00, 0x00, 0x00, 0x00, 0x08, 0xff, 0xff,
    0xff, 0xff, 0xd0, 0x00, 0x00, 0x00, 0x00, 0x00,
    0x00, 0x00, 0x08, 0xff, 0xff, 0xff, 0xff, 0xd0,
    0x00, 0x00, 0x00, 0x00, 0x00, 0x00, 0x00, 0x08,
    0xff, 0xff, 0xff, 0xff, 0xd0, 0x00, 0x00, 0x00,
    0x00, 0x00, 0x00, 0x00, 0x08, 0xff, 0xff, 0xff,
    0xff, 0xd0, 0x00, 0x00, 0x00, 0x00, 0x00, 0x00,
    0x00, 0x08, 0xff, 0xff, 0xff, 0xff, 0xd0, 0x00,
    0x00, 0x00, 0x00, 0x00, 0x00, 0x00, 0x08, 0xff,
    0xff, 0xff, 0xff, 0xd0, 0x00, 0x00, 0x00, 0x00,
    0x00, 0x00, 0x00, 0x08, 0xff, 0xff, 0xff, 0xff,
    0xd0, 0x00, 0x00, 0x00, 0x00, 0x00,

    /* U+0067 "g" */
    0x00, 0x00, 0x00, 0x00, 0x00, 0x01, 0x6a, 0xce,
    0xff, 0xed, 0xa6, 0x20, 0x00, 0x04, 0xff, 0xff,
    0xff, 0xff, 0xa0, 0x00, 0x00, 0x00, 0x00, 0x4b,
    0xff, 0xff, 0xff, 0xff, 0xff, 0xff, 0xb3, 0x00,
    0x4f, 0xff, 0xff, 0xff, 0xfa, 0x00, 0x00, 0x00,
    0x02, 0xcf, 0xff, 0xff, 0xff, 0xff, 0xff, 0xff,
    0xff, 0xf9, 0x04, 0xff, 0xff, 0xff, 0xff, 0xa0,
    0x00, 0x00, 0x06, 0xff, 0xff, 0xff, 0xff, 0xff,
    0xff, 0xff, 0xff, 0xff, 0xfc, 0x5f, 0xff, 0xff,
    0xff, 0xfa, 0x00, 0x00, 0x08, 0xff, 0xff, 0xff,
    0xff, 0xff, 0xff, 0xff, 0xff, 0xff, 0xff, 0xfe,
    0xff, 0xff, 0xff, 0xff, 0xa0, 0x00, 0x07, 0xff,
    0xff, 0xff, 0xff, 0xff, 0xff, 0xff, 0xff, 0xff,
    0xff, 0xff, 0xff, 0xff, 0xff, 0xff, 0xfa, 0x00,
    0x04, 0xff, 0xff, 0xff, 0xff, 0xff, 0xff, 0xff,
    0xff, 0xff, 0xff, 0xff, 0xff, 0xff, 0xff, 0xff,
    0xff, 0xa0, 0x00, 0xef, 0xff, 0xff, 0xff, 0xff,
    0xff, 0xff, 0xdc, 0xcd, 0xff, 0xff, 0xff, 0xff,
    0xff, 0xff, 0xff, 0xfa, 0x00, 0x8f, 0xff, 0xff,
    0xff, 0xff, 0xff, 0xc5, 0x00, 0x00, 0x01, 0x6d,
    0xff, 0xff, 0xff, 0xff, 0xff, 0xff, 0xa0, 0x0f,
    0xff, 0xff, 0xff, 0xff, 0xff, 0x60, 0x00, 0x00,
    0x00, 0x00, 0x08, 0xff, 0xff, 0xff, 0xff, 0xff,
    0xfa, 0x05, 0xff, 0xff, 0xff, 0xff, 0xff, 0x40,
    0x00, 0x00, 0x00, 0x00, 0x00, 0x07, 0xff, 0xff,
    0xff, 0xff, 0xff, 0xa0, 0x9f, 0xff, 0xff, 0xff,
    0xff, 0x70, 0x00, 0x00, 0x00, 0x00, 0x00, 0x00,
    0x0b, 0xff, 0xff, 0xff, 0xff, 0xfa, 0x0c, 0xff,
    0xff, 0xff, 0xff, 0xf0, 0x00, 0x00, 0x00, 0x00,
    0x00, 0x00, 0x00, 0x3f, 0xff, 0xff, 0xff, 0xff,
    0xa0, 0xff, 0xff, 0xff, 0xff, 0xfa, 0x00, 0x00,
    0x00, 0x00, 0x00, 0x00, 0x00, 0x00, 0xef, 0xff,
    0xff, 0xff, 0xfa, 0x0f, 0xff, 0xff, 0xff, 0xff,
    0x70, 0x00, 0x00, 0x00, 0x00, 0x00, 0x00, 0x00,
    0x0b, 0xff, 0xff, 0xff, 0xff, 0xa1, 0xff, 0xff,
    0xff, 0xff, 0xf6, 0x00, 0x00, 0x00, 0x00, 0x00,
    0x00, 0x00, 0x00, 0xaf, 0xff, 0xff, 0xff, 0xfa,
    0x0f, 0xff, 0xff, 0xff, 0xff, 0x70, 0x00, 0x00,
    0x00, 0x00, 0x00, 0x00, 0x00, 0x0b, 0xff, 0xff,
    0xff, 0xff, 0xa0, 0xff, 0xff, 0xff, 0xff, 0xfa,
    0x00, 0x00, 0x00, 0x00, 0x00, 0x00, 0x00, 0x00,
    0xef, 0xff, 0xff, 0xff, 0xfa, 0x0c, 0xff, 0xff,
    0xff, 0xff, 0xf0, 0x00, 0x00, 0x00, 0x00, 0x00,
    0x00, 0x00, 0x3f, 0xff, 0xff, 0xff, 0xff, 0xa0,
    0x9f, 0xff, 0xff, 0xff, 0xff, 0x70, 0x00, 0x00,
    0x00, 0x00, 0x00, 0x00, 0x0b, 0xff, 0xff, 0xff,
    0xff, 0xfa, 0x05, 0xff, 0xff, 0xff, 0xff, 0xff,
    0x40, 0x00, 0x00, 0x00, 0x00, 0x00, 0x07, 0xff,
    0xff, 0xff, 0xff, 0xff, 0xa0, 0x0e, 0xff, 0xff,
    0xff, 0xff, 0xff, 0x50, 0x00, 0x00, 0x00, 0x00,
    0x08, 0xff, 0xff, 0xff, 0xff, 0xff, 0xfa, 0x00,
    0x8f, 0xff, 0xff, 0xff, 0xff, 0xff, 0xb4, 0x00,
    0x00, 0x01, 0x6d, 0xff, 0xff, 0xff, 0xff, 0xff,
    0xff, 0xa0, 0x00, 0xef, 0xff, 0xff, 0xff, 0xff,
    0xff, 0xff, 0xdc, 0xcd, 0xff, 0xff, 0xff, 0xff,
    0xff, 0xff, 0xff, 0xfa, 0x00, 0x04, 0xff, 0xff,
    0xff, 0xff, 0xff, 0xff, 0xff, 0xff, 0xff, 0xff,
    0xff, 0xff, 0xff, 0xff, 0xff, 0xff, 0xa0, 0x00,
    0x08, 0xff, 0xff, 0xff, 0xff, 0xff, 0xff, 0xff,
    0xff, 0xff, 0xff, 0xff, 0xff, 0xff, 0xff, 0xff,
    0xfa, 0x00, 0x00, 0x09, 0xff, 0xff, 0xff, 0xff,
    0xff, 0xff, 0xff, 0xff, 0xff, 0xff, 0xff, 0xff,
    0xff, 0xff, 0xff, 0xa0, 0x00, 0x00, 0x07, 0xff,
    0xff, 0xff, 0xff, 0xff, 0xff, 0xff, 0xff, 0xff,
    0xfb, 0xcf, 0xff, 0xff, 0xff, 0xf9, 0x00, 0x00,
    0x00, 0x03, 0xcf, 0xff, 0xff, 0xff, 0xff, 0xff,
    0xff, 0xff, 0xf8, 0x0b, 0xff, 0xff, 0xff, 0xff,
    0x90, 0x00, 0x00, 0x00, 0x00, 0x5c, 0xff, 0xff,
    0xff, 0xff, 0xff, 0xff, 0xb3, 0x00, 0xcf, 0xff,
    0xff, 0xff, 0xf8, 0x00, 0x00, 0x00, 0x00, 0x00,
    0x02, 0x6a, 0xde, 0xff, 0xec, 0xa6, 0x10, 0x00,
    0x0e, 0xff, 0xff, 0xff, 0xff, 0x60, 0x00, 0x00,
    0x00, 0x00, 0x00, 0x00, 0x00, 0x00, 0x00, 0x00,
    0x00, 0x00, 0x01, 0xff, 0xff, 0xff, 0xff, 0xf5,
    0x00, 0x00, 0x00, 0x00, 0x00, 0x00, 0x00, 0x00,
    0x00, 0x00, 0x00, 0x00, 0x00, 0x6f, 0xff, 0xff,
    0xff, 0xff, 0x20, 0x00, 0x00, 0x02, 0x00, 0x00,
    0x00, 0x00, 0x00, 0x00, 0x00, 0x00, 0x00, 0x0d,
    0xff, 0xff, 0xff, 0xff, 0xe0, 0x00, 0x00, 0x01,
    0xf8, 0x00, 0x00, 0x00, 0x00, 0x00, 0x00, 0x00,
    0x00, 0x07, 0xff, 0xff, 0xff, 0xff, 0xfa, 0x00,
    0x00, 0x00, 0xaf, 0xfe, 0x60, 0x00, 0x00, 0x00,
    0x00, 0x00, 0x00, 0x06, 0xff, 0xff, 0xff, 0xff,
    0xff, 0x40, 0x00, 0x00, 0x2f, 0xff, 0xff, 0xf9,
    0x40, 0x00, 0x00, 0x00, 0x00, 0x4b, 0xff, 0xff,
    0xff, 0xff, 0xff, 0xe0, 0x00, 0x00, 0x0b, 0xff,
    0xff, 0xff, 0xff, 0xfd, 0xb9, 0x89, 0xac, 0xff,
    0xff, 0xff, 0xff, 0xff, 0xff, 0xf6, 0x00, 0x00,
    0x03, 0xff, 0xff, 0xff, 0xff, 0xff, 0xff, 0xff,
    0xff, 0xff, 0xff, 0xff, 0xff, 0xff, 0xff, 0xfc,
    0x00, 0x00, 0x00, 0xcf, 0xff, 0xff, 0xff, 0xff,
    0xff, 0xff, 0xff, 0xff, 0xff, 0xff, 0xff, 0xff,
    0xff, 0xfe, 0x10, 0x00, 0x00, 0x2f, 0xff, 0xff,
    0xff, 0xff, 0xff, 0xff, 0xff, 0xff, 0xff, 0xff,
    0xff, 0xff, 0xff, 0xfe, 0x20, 0x00, 0x00, 0x00,
    0x2c, 0xff, 0xff, 0xff, 0xff, 0xff, 0xff, 0xff,
    0xff, 0xff, 0xff, 0xff, 0xff, 0xfc, 0x10, 0x00,
    0x00, 0x00, 0x00, 0x04, 0xcf, 0xff, 0xff, 0xff,
    0xff, 0xff, 0xff, 0xff, 0xff, 0xff, 0xff, 0xe7,
    0x00, 0x00, 0x00, 0x00, 0x00, 0x00, 0x00, 0x28,
    0xdf, 0xff, 0xff, 0xff, 0xff, 0xff, 0xff, 0xff,
    0xfc, 0x60, 0x00, 0x00, 0x00, 0x00, 0x00, 0x00,
    0x00, 0x00, 0x00, 0x14, 0x7a, 0xcd, 0xff, 0xff,
    0xed, 0xb9, 0x61, 0x00, 0x00, 0x00, 0x00, 0x00,
    0x00,

    /* U+0068 "h" */
    0x9d, 0xdd, 0xdd, 0xdd, 0xd9, 0x00, 0x00, 0x00,
    0x00, 0x00, 0x00, 0x00, 0x00, 0x00, 0x00, 0x00,
    0x00, 0xbf, 0xff, 0xff, 0xff, 0xfb, 0x00, 0x00,
    0x00, 0x00, 0x00, 0x00, 0x00, 0x00, 0x00, 0x00,
    0x00, 0x00, 0xbf, 0xff, 0xff, 0xff, 0xfb, 0x00,
    0x00, 0x00, 0x00, 0x00, 0x00, 0x00, 0x00, 0x00,
    0x00, 0x00, 0x00, 0xbf, 0xff, 0xff, 0xff, 0xfb,
    0x00, 0x00, 0x00, 0x00, 0x00, 0x00, 0x00, 0x00,
    0x00, 0x00, 0x00, 0x00, 0xbf, 0xff, 0xff, 0xff,
    0xfb, 0x00, 0x00, 0x00, 0x00, 0x00, 0x00, 0x00,
    0x00, 0x00, 0x00, 0x00, 0x00, 0xbf, 0xff, 0xff,
    0xff, 0xfb, 0x00, 0x00, 0x00, 0x00, 0x00, 0x00,
    0x00, 0x00, 0x00, 0x00, 0x00, 0x00, 0xbf, 0xff,
    0xff, 0xff, 0xfb, 0x00, 0x00, 0x00, 0x00, 0x00,
    0x00, 0x00, 0x00, 0x00, 0x00, 0x00, 0x00, 0xbf,
    0xff, 0xff, 0xff, 0xfb, 0x00, 0x00, 0x00, 0x00,
    0x00, 0x00, 0x00, 0x00, 0x00, 0x00, 0x00, 0x00,
    0xbf, 0xff, 0xff, 0xff, 0xfb, 0x00, 0x00, 0x00,
    0x00, 0x00, 0x00, 0x00, 0x00, 0x00, 0x00, 0x00,
    0x00, 0xbf, 0xff, 0xff, 0xff, 0xfb, 0x00, 0x00,
    0x00, 0x00, 0x00, 0x00, 0x00, 0x00, 0x00, 0x00,
    0x00, 0x00, 0xbf, 0xff, 0xff, 0xff, 0xfb, 0x00,
    0x00, 0x00, 0x00, 0x00, 0x00, 0x00, 0x00, 0x00,
    0x00, 0x00, 0x00, 0xbf, 0xff, 0xff, 0xff, 0xfb,
    0x00, 0x00, 0x00, 0x00, 0x00, 0x00, 0x00, 0x00,
    0x00, 0x00, 0x00, 0x00, 0xbf, 0xff, 0xff, 0xff,
    0xfb, 0x00, 0x00, 0x15, 0xac, 0xef, 0xfe, 0xc9,
    0x50, 0x00, 0x00, 0x00, 0x00, 0xbf, 0xff, 0xff,
    0xff, 0xfb, 0x00, 0x2a, 0xff, 0xff, 0xff, 0xff,
    0xff, 0xff, 0x91, 0x00, 0x00, 0x00, 0xbf, 0xff,
    0xff, 0xff, 0xfb, 0x09, 0xff, 0xff, 0xff, 0xff,
    0xff, 0xff, 0xff, 0xff, 0x50, 0x00, 0x00, 0xbf,
    0xff, 0xff, 0xff, 0xfc, 0xcf, 0xff, 0xff, 0xff,
    0xff, 0xff, 0xff, 0xff, 0xff, 0xf7, 0x00, 0x00,
    0xbf, 0xff, 0xff, 0xff, 0xff, 0xff, 0xff, 0xff,
    0xff, 0xff, 0xff, 0xff, 0xff, 0xff, 0xff, 0x60,
    0x00, 0xbf, 0xff, 0xff, 0xff, 0xff, 0xff, 0xff,
    0xff, 0xff, 0xff, 0xff, 0xff, 0xff, 0xff, 0xff,
    0xf2, 0x00, 0xbf, 0xff, 0xff, 0xff, 0xff, 0xff,
    0xff, 0xff, 0xff, 0xff, 0xff, 0xff, 0xff, 0xff,
    0xff, 0xfa, 0x00, 0xbf, 0xff, 0xff, 0xff, 0xff,
    0xff, 0xff, 0xff, 0xff, 0xff, 0xff, 0xff, 0xff,
    0xff, 0xff, 0xff, 0x20, 0xbf, 0xff, 0xff, 0xff,
    0xff, 0xff, 0xff, 0xa6, 0x32, 0x37, 0xcf, 0xff,
    0xff, 0xff, 0xff, 0xff, 0x70, 0xbf, 0xff, 0xff,
    0xff, 0xff, 0xff, 0xc2, 0x00, 0x00, 0x00, 0x06,
    0xff, 0xff, 0xff, 0xff, 0xff, 0xc0, 0xbf, 0xff,
    0xff, 0xff, 0xff, 0xfb, 0x00, 0x00, 0x00, 0x00,
    0x00, 0x7f, 0xff, 0xff, 0xff, 0xff, 0xf0, 0xbf,
    0xff, 0xff, 0xff, 0xff, 0xe1, 0x00, 0x00, 0x00,
    0x00, 0x00, 0x0d, 0xff, 0xff, 0xff, 0xff, 0xf1,
    0xbf, 0xff, 0xff, 0xff, 0xff, 0x70, 0x00, 0x00,
    0x00, 0x00, 0x00, 0x07, 0xff, 0xff, 0xff, 0xff,
    0xf3, 0xbf, 0xff, 0xff, 0xff, 0xff, 0x20, 0x00,
    0x00, 0x00, 0x00, 0x00, 0x04, 0xff, 0xff, 0xff,
    0xff, 0xf4, 0xbf, 0xff, 0xff, 0xff, 0xfe, 0x00,
    0x00, 0x00, 0x00, 0x00, 0x00, 0x02, 0xff, 0xff,
    0xff, 0xff, 0xf4, 0xbf, 0xff, 0xff, 0xff, 0xfc,
    0x00, 0x00, 0x00, 0x00, 0x00, 0x00, 0x01, 0xff,
    0xff, 0xff, 0xff, 0xf5, 0xbf, 0xff, 0xff, 0xff,
    0xfb, 0x00, 0x00, 0x00, 0x00, 0x00, 0x00, 0x00,
    0xff, 0xff, 0xff, 0xff, 0xf5, 0xbf, 0xff, 0xff,
    0xff, 0xfb, 0x00, 0x00, 0x00, 0x00, 0x00, 0x00,
    0x00, 0xff, 0xff, 0xff, 0xff, 0xf5, 0xbf, 0xff,
    0xff, 0xff, 0xfb, 0x00, 0x00, 0x00, 0x00, 0x00,
    0x00, 0x00, 0xff, 0xff, 0xff, 0xff, 0xf5, 0xbf,
    0xff, 0xff, 0xff, 0xfb, 0x00, 0x00, 0x00, 0x00,
    0x00, 0x00, 0x00, 0xff, 0xff, 0xff, 0xff, 0xf5,
    0xbf, 0xff, 0xff, 0xff, 0xfb, 0x00, 0x00, 0x00,
    0x00, 0x00, 0x00, 0x00, 0xff, 0xff, 0xff, 0xff,
    0xf5, 0xbf, 0xff, 0xff, 0xff, 0xfb, 0x00, 0x00,
    0x00, 0x00, 0x00, 0x00, 0x00, 0xff, 0xff, 0xff,
    0xff, 0xf5, 0xbf, 0xff, 0xff, 0xff, 0xfb, 0x00,
    0x00, 0x00, 0x00, 0x00, 0x00, 0x00, 0xff, 0xff,
    0xff, 0xff, 0xf5, 0xbf, 0xff, 0xff, 0xff, 0xfb,
    0x00, 0x00, 0x00, 0x00, 0x00, 0x00, 0x00, 0xff,
    0xff, 0xff, 0xff, 0xf5, 0xbf, 0xff, 0xff, 0xff,
    0xfb, 0x00, 0x00, 0x00, 0x00, 0x00, 0x00, 0x00,
    0xff, 0xff, 0xff, 0xff, 0xf5, 0xbf, 0xff, 0xff,
    0xff, 0xfb, 0x00, 0x00, 0x00, 0x00, 0x00, 0x00,
    0x00, 0xff, 0xff, 0xff, 0xff, 0xf5, 0xbf, 0xff,
    0xff, 0xff, 0xfb, 0x00, 0x00, 0x00, 0x00, 0x00,
    0x00, 0x00, 0xff, 0xff, 0xff, 0xff, 0xf5, 0xbf,
    0xff, 0xff, 0xff, 0xfb, 0x00, 0x00, 0x00, 0x00,
    0x00, 0x00, 0x00, 0xff, 0xff, 0xff, 0xff, 0xf5,
    0xbf, 0xff, 0xff, 0xff, 0xfb, 0x00, 0x00, 0x00,
    0x00, 0x00, 0x00, 0x00, 0xff, 0xff, 0xff, 0xff,
    0xf5, 0xbf, 0xff, 0xff, 0xff, 0xfb, 0x00, 0x00,
    0x00, 0x00, 0x00, 0x00, 0x00, 0xff, 0xff, 0xff,
    0xff, 0xf5, 0xbf, 0xff, 0xff, 0xff, 0xfb, 0x00,
    0x00, 0x00, 0x00, 0x00, 0x00, 0x00, 0xff, 0xff,
    0xff, 0xff, 0xf5, 0xbf, 0xff, 0xff, 0xff, 0xfb,
    0x00, 0x00, 0x00, 0x00, 0x00, 0x00, 0x00, 0xff,
    0xff, 0xff, 0xff, 0xf5, 0xbf, 0xff, 0xff, 0xff,
    0xfb, 0x00, 0x00, 0x00, 0x00, 0x00, 0x00, 0x00,
    0xff, 0xff, 0xff, 0xff, 0xf5,

    /* U+0069 "i" */
    0x00, 0x01, 0x57, 0x75, 0x10, 0x00, 0x00, 0x7f,
    0xff, 0xff, 0xf8, 0x00, 0x09, 0xff, 0xff, 0xff,
    0xff, 0xa0, 0x4f, 0xff, 0xff, 0xff, 0xff, 0xf5,
    0xaf, 0xff, 0xff, 0xff, 0xff, 0xfa, 0xcf, 0xff,
    0xff, 0xff, 0xff, 0xfc, 0xbf, 0xff, 0xff, 0xff,
    0xff, 0xfb, 0x8f, 0xff, 0xff, 0xff, 0xff, 0xf7,
    0x1e, 0xff, 0xff, 0xff, 0xff, 0xe1, 0x03, 0xef,
    0xff, 0xff, 0xfe, 0x30, 0x00, 0x18, 0xdf, 0xfd,
    0x81, 0x00, 0x00, 0x00, 0x00, 0x00, 0x00, 0x00,
    0x00, 0x00, 0x00, 0x00, 0x00, 0x00, 0x00, 0x00,
    0x00, 0x00, 0x00, 0x00, 0x00, 0x00, 0x00, 0x00,
    0x00, 0x00, 0x0b, 0xff, 0xff, 0xff, 0xff, 0xb0,
    0x0b, 0xff, 0xff, 0xff, 0xff, 0xb0, 0x0b, 0xff,
    0xff, 0xff, 0xff, 0xb0, 0x0b, 0xff, 0xff, 0xff,
    0xff, 0xb0, 0x0b, 0xff, 0xff, 0xff, 0xff, 0xb0,
    0x0b, 0xff, 0xff, 0xff, 0xff, 0xb0, 0x0b, 0xff,
    0xff, 0xff, 0xff, 0xb0, 0x0b, 0xff, 0xff, 0xff,
    0xff, 0xb0, 0x0b, 0xff, 0xff, 0xff, 0xff, 0xb0,
    0x0b, 0xff, 0xff, 0xff, 0xff, 0xb0, 0x0b, 0xff,
    0xff, 0xff, 0xff, 0xb0, 0x0b, 0xff, 0xff, 0xff,
    0xff, 0xb0, 0x0b, 0xff, 0xff, 0xff, 0xff, 0xb0,
    0x0b, 0xff, 0xff, 0xff, 0xff, 0xb0, 0x0b, 0xff,
    0xff, 0xff, 0xff, 0xb0, 0x0b, 0xff, 0xff, 0xff,
    0xff, 0xb0, 0x0b, 0xff, 0xff, 0xff, 0xff, 0xb0,
    0x0b, 0xff, 0xff, 0xff, 0xff, 0xb0, 0x0b, 0xff,
    0xff, 0xff, 0xff, 0xb0, 0x0b, 0xff, 0xff, 0xff,
    0xff, 0xb0, 0x0b, 0xff, 0xff, 0xff, 0xff, 0xb0,
    0x0b, 0xff, 0xff, 0xff, 0xff, 0xb0, 0x0b, 0xff,
    0xff, 0xff, 0xff, 0xb0, 0x0b, 0xff, 0xff, 0xff,
    0xff, 0xb0, 0x0b, 0xff, 0xff, 0xff, 0xff, 0xb0,
    0x0b, 0xff, 0xff, 0xff, 0xff, 0xb0, 0x0b, 0xff,
    0xff, 0xff, 0xff, 0xb0, 0x0b, 0xff, 0xff, 0xff,
    0xff, 0xb0, 0x0b, 0xff, 0xff, 0xff, 0xff, 0xb0,
    0x0b, 0xff, 0xff, 0xff, 0xff, 0xb0, 0x0b, 0xff,
    0xff, 0xff, 0xff, 0xb0, 0x0b, 0xff, 0xff, 0xff,
    0xff, 0xb0, 0x0b, 0xff, 0xff, 0xff, 0xff, 0xb0,

    /* U+006A "j" */
    0x00, 0x00, 0x00, 0x00, 0x00, 0x00, 0x5b, 0xef,
    0xeb, 0x40, 0x00, 0x00, 0x00, 0x00, 0x00, 0x00,
    0x0a, 0xff, 0xff, 0xff, 0xf9, 0x00, 0x00, 0x00,
    0x00, 0x00, 0x00, 0x8f, 0xff, 0xff, 0xff, 0xff,
    0x70, 0x00, 0x00, 0x00, 0x00, 0x01, 0xff, 0xff,
    0xff, 0xff, 0xff, 0xe0, 0x00, 0x00, 0x00, 0x00,
    0x05, 0xff, 0xff, 0xff, 0xff, 0xff, 0xf2, 0x00,
    0x00, 0x00, 0x00, 0x06, 0xff, 0xff, 0xff, 0xff,
    0xff, 0xf3, 0x00, 0x00, 0x00, 0x00, 0x03, 0xff,
    0xff, 0xff, 0xff, 0xff, 0xf0, 0x00, 0x00, 0x00,
    0x00, 0x00, 0xdf, 0xff, 0xff, 0xff, 0xff, 0xa0,
    0x00, 0x00, 0x00, 0x00, 0x00, 0x4f, 0xff, 0xff,
    0xff, 0xfe, 0x20, 0x00, 0x00, 0x00, 0x00, 0x00,
    0x03, 0xdf, 0xff, 0xff, 0xc2, 0x00, 0x00, 0x00,
    0x00, 0x00, 0x00, 0x00, 0x03, 0x77, 0x63, 0x00,
    0x00, 0x00, 0x00, 0x00, 0x00, 0x00, 0x00, 0x00,
    0x00, 0x00, 0x00, 0x00, 0x00, 0x00, 0x00, 0x00,
    0x00, 0x00, 0x00, 0x00, 0x00, 0x00, 0x00, 0x00,
    0x00, 0x00, 0x00, 0x00, 0x00, 0x00, 0x00, 0x00,
    0x00, 0x00, 0x00, 0x00, 0x00, 0x00, 0x00, 0x00,
    0x00, 0x00, 0x00, 0x00, 0x00, 0x00, 0x00, 0x00,
    0x00, 0x00, 0x4f, 0xff, 0xff, 0xff, 0xff, 0x10,
    0x00, 0x00, 0x00, 0x00, 0x00, 0x4f, 0xff, 0xff,
    0xff, 0xff, 0x10, 0x00, 0x00, 0x00, 0x00, 0x00,
    0x4f, 0xff, 0xff, 0xff, 0xff, 0x10, 0x00, 0x00,
    0x00, 0x00, 0x00, 0x4f, 0xff, 0xff, 0xff, 0xff,
    0x10, 0x00, 0x00, 0x00, 0x00, 0x00, 0x4f, 0xff,
    0xff, 0xff, 0xff, 0x10, 0x00, 0x00, 0x00, 0x00,
    0x00, 0x4f, 0xff, 0xff, 0xff, 0xff, 0x10, 0x00,
    0x00, 0x00, 0x00, 0x00, 0x4f, 0xff, 0xff, 0xff,
    0xff, 0x10, 0x00, 0x00, 0x00, 0x00, 0x00, 0x4f,
    0xff, 0xff, 0xff, 0xff, 0x10, 0x00, 0x00, 0x00,
    0x00, 0x00, 0x4f, 0xff, 0xff, 0xff, 0xff, 0x10,
    0x00, 0x00, 0x00, 0x00, 0x00, 0x4f, 0xff, 0xff,
    0xff, 0xff, 0x10, 0x00, 0x00, 0x00, 0x00, 0x00,
    0x4f, 0xff, 0xff, 0xff, 0xff, 0x10, 0x00, 0x00,
    0x00, 0x00, 0x00, 0x4f, 0xff, 0xff, 0xff, 0xff,
    0x10, 0x00, 0x00, 0x00, 0x00, 0x00, 0x4f, 0xff,
    0xff, 0xff, 0xff, 0x10, 0x00, 0x00, 0x00, 0x00,
    0x00, 0x4f, 0xff, 0xff, 0xff, 0xff, 0x10, 0x00,
    0x00, 0x00, 0x00, 0x00, 0x4f, 0xff, 0xff, 0xff,
    0xff, 0x10, 0x00, 0x00, 0x00, 0x00, 0x00, 0x4f,
    0xff, 0xff, 0xff, 0xff, 0x10, 0x00, 0x00, 0x00,
    0x00, 0x00, 0x4f, 0xff, 0xff, 0xff, 0xff, 0x10,
    0x00, 0x00, 0x00, 0x00, 0x00, 0x4f, 0xff, 0xff,
    0xff, 0xff, 0x10, 0x00, 0x00, 0x00, 0x00, 0x00,
    0x4f, 0xff, 0xff, 0xff, 0xff, 0x10, 0x00, 0x00,
    0x00, 0x00, 0x00, 0x4f, 0xff, 0xff, 0xff, 0xff,
    0x10, 0x00, 0x00, 0x00, 0x00, 0x00, 0x4f, 0xff,
    0xff, 0xff, 0xff, 0x10, 0x00, 0x00, 0x00, 0x00,
    0x00, 0x4f, 0xff, 0xff, 0xff, 0xff, 0x10, 0x00,
    0x00, 0x00, 0x00, 0x00, 0x4f, 0xff, 0xff, 0xff,
    0xff, 0x10, 0x00, 0x00, 0x00, 0x00, 0x00, 0x4f,
    0xff, 0xff, 0xff, 0xff, 0x10, 0x00, 0x00, 0x00,
    0x00, 0x00, 0x4f, 0xff, 0xff, 0xff, 0xff, 0x10,
    0x00, 0x00, 0x00, 0x00, 0x00, 0x4f, 0xff, 0xff,
    0xff, 0xff, 0x10, 0x00, 0x00, 0x00, 0x00, 0x00,
    0x4f, 0xff, 0xff, 0xff, 0xff, 0x10, 0x00, 0x00,
    0x00, 0x00, 0x00, 0x4f, 0xff, 0xff, 0xff, 0xff,
    0x10, 0x00, 0x00, 0x00, 0x00, 0x00, 0x4f, 0xff,
    0xff, 0xff, 0xff, 0x10, 0x00, 0x00, 0x00, 0x00,
    0x00, 0x4f, 0xff, 0xff, 0xff, 0xff, 0x10, 0x00,
    0x00, 0x00, 0x00, 0x00, 0x4f, 0xff, 0xff, 0xff,
    0xff, 0x10, 0x00, 0x00, 0x00, 0x00, 0x00, 0x4f,
    0xff, 0xff, 0xff, 0xff, 0x10, 0x00, 0x00, 0x00,
    0x00, 0x00, 0x4f, 0xff, 0xff, 0xff, 0xff, 0x10,
    0x00, 0x00, 0x00, 0x00, 0x00, 0x4f, 0xff, 0xff,
    0xff, 0xff, 0x00, 0x00, 0x00, 0x00, 0x00, 0x00,
    0x7f, 0xff, 0xff, 0xff, 0xff, 0x00, 0x00, 0x00,
    0x00, 0x00, 0x00, 0xcf, 0xff, 0xff, 0xff, 0xfd,
    0x00, 0x00, 0x14, 0x00, 0x00, 0x08, 0xff, 0xff,
    0xff, 0xff, 0xf9, 0x00, 0x00, 0x7f, 0xd9, 0x88,
    0xdf, 0xff, 0xff, 0xff, 0xff, 0xf5, 0x00, 0x00,
    0xdf, 0xff, 0xff, 0xff, 0xff, 0xff, 0xff, 0xff,
    0xe0, 0x00, 0x03, 0xff, 0xff, 0xff, 0xff, 0xff,
    0xff, 0xff, 0xff, 0x70, 0x00, 0x09, 0xff, 0xff,
    0xff, 0xff, 0xff, 0xff, 0xff, 0xfc, 0x00, 0x00,
    0x0e, 0xff, 0xff, 0xff, 0xff, 0xff, 0xff, 0xff,
    0xe1, 0x00, 0x00, 0x5f, 0xff, 0xff, 0xff, 0xff,
    0xff, 0xff, 0xfc, 0x10, 0x00, 0x00, 0x3b, 0xff,
    0xff, 0xff, 0xff, 0xff, 0xfe, 0x70, 0x00, 0x00,
    0x00, 0x00, 0x27, 0xad, 0xef, 0xfe, 0xc9, 0x50,
    0x00, 0x00, 0x00, 0x00,

    /* U+006B "k" */
    0x9d, 0xdd, 0xdd, 0xdd, 0xd9, 0x00, 0x00, 0x00,
    0x00, 0x00, 0x00, 0x00, 0x00, 0x00, 0x00, 0x00,
    0x00, 0x00, 0xbf, 0xff, 0xff, 0xff, 0xfb, 0x00,
    0x00, 0x00, 0x00, 0x00, 0x00, 0x00, 0x00, 0x00,
    0x00, 0x00, 0x00, 0x00, 0xbf, 0xff, 0xff, 0xff,
    0xfb, 0x00, 0x00, 0x00, 0x00, 0x00, 0x00, 0x00,
    0x00, 0x00, 0x00, 0x00, 0x00, 0x00, 0xbf, 0xff,
    0xff, 0xff, 0xfb, 0x00, 0x00, 0x00, 0x00, 0x00,
    0x00, 0x00, 0x00, 0x00, 0x00, 0x00, 0x00, 0x00,
    0xbf, 0xff, 0xff, 0xff, 0xfb, 0x00, 0x00, 0x00,
    0x00, 0x00, 0x00, 0x00, 0x00, 0x00, 0x00, 0x00,
    0x00, 0x00, 0xbf, 0xff, 0xff, 0xff, 0xfb, 0x00,
    0x00, 0x00, 0x00, 0x00, 0x00, 0x00, 0x00, 0x00,
    0x00, 0x00, 0x00, 0x00, 0xbf, 0xff, 0xff, 0xff,
    0xfb, 0x00, 0x00, 0x00, 0x00, 0x00, 0x00, 0x00,
    0x00, 0x00, 0x00, 0x00, 0x00, 0x00, 0xbf, 0xff,
    0xff, 0xff, 0xfb, 0x00, 0x00, 0x00, 0x00, 0x00,
    0x00, 0x00, 0x00, 0x00, 0x00, 0x00, 0x00, 0x00,
    0xbf, 0xff, 0xff, 0xff, 0xfb, 0x00, 0x00, 0x00,
    0x00, 0x00, 0x00, 0x00, 0x00, 0x00, 0x00, 0x00,
    0x00, 0x00, 0xbf, 0xff, 0xff, 0xff, 0xfb, 0x00,
    0x00, 0x00, 0x00, 0x00, 0x00, 0x00, 0x00, 0x00,
    0x00, 0x00, 0x00, 0x00, 0xbf, 0xff, 0xff, 0xff,
    0xfb, 0x00, 0x00, 0x00, 0x00, 0x00, 0x00, 0x00,
    0x00, 0x00, 0x00, 0x00, 0x00, 0x00, 0xbf, 0xff,
    0xff, 0xff, 0xfb, 0x00, 0x00, 0x00, 0x00, 0x00,
    0x00, 0x00, 0x00, 0x00, 0x00, 0x00, 0x00, 0x00,
    0xbf, 0xff, 0xff, 0xff, 0xfb, 0x00, 0x00, 0x00,
    0x00, 0x00, 0x00, 0x3f, 0xff, 0xff, 0xff, 0xff,
    0xfe, 0x20, 0xbf, 0xff, 0xff, 0xff, 0xfb, 0x00,
    0x00, 0x00, 0x00, 0x00, 0x03, 0xff, 0xff, 0xff,
    0xff, 0xff, 0xe2, 0x00, 0xbf, 0xff, 0xff, 0xff,
    0xfb, 0x00, 0x00, 0x00, 0x00, 0x00, 0x4f, 0xff,
    0xff, 0xff, 0xff, 0xfe, 0x20, 0x00, 0xbf, 0xff,
    0xff, 0xff, 0xfb, 0x00, 0x00, 0x00, 0x00, 0x04,
    0xff, 0xff, 0xff, 0xff, 0xff, 0xf3, 0x00, 0x00,
    0xbf, 0xff, 0xff, 0xff, 0xfb, 0x00, 0x00, 0x00,
    0x00, 0x5f, 0xff, 0xff, 0xff, 0xff, 0xff, 0x30,
    0x00, 0x00, 0xbf, 0xff, 0xff, 0xff, 0xfb, 0x00,
    0x00, 0x00, 0x05, 0xff, 0xff, 0xff, 0xff, 0xff,
    0xf4, 0x00, 0x00, 0x00, 0xbf, 0xff, 0xff, 0xff,
    0xfb, 0x00, 0x00, 0x00, 0x6f, 0xff, 0xff, 0xff,
    0xff, 0xff, 0x40, 0x00, 0x00, 0x00, 0xbf, 0xff,
    0xff, 0xff, 0xfb, 0x00, 0x00, 0x06, 0xff, 0xff,
    0xff, 0xff, 0xff, 0xf5, 0x00, 0x00, 0x00, 0x00,
    0xbf, 0xff, 0xff, 0xff, 0xfb, 0x00, 0x00, 0x7f,
    0xff, 0xff, 0xff, 0xff, 0xff, 0x50, 0x00, 0x00,
    0x00, 0x00, 0xbf, 0xff, 0xff, 0xff, 0xfb, 0x00,
    0x07, 0xff, 0xff, 0xff, 0xff, 0xff, 0xf6, 0x00,
    0x00, 0x00, 0x00, 0x00, 0xbf, 0xff, 0xff, 0xff,
    0xfb, 0x00, 0x8f, 0xff, 0xff, 0xff, 0xff, 0xff,
    0x60, 0x00, 0x00, 0x00, 0x00, 0x00, 0xbf, 0xff,
    0xff, 0xff, 0xfb, 0x08, 0xff, 0xff, 0xff, 0xff,
    0xff, 0xf7, 0x00, 0x00, 0x00, 0x00, 0x00, 0x00,
    0xbf, 0xff, 0xff, 0xff, 0xfb, 0x9f, 0xff, 0xff,
    0xff, 0xff, 0xff, 0x80, 0x00, 0x00, 0x00, 0x00,
    0x00, 0x00, 0xbf, 0xff, 0xff, 0xff, 0xff, 0xff,
    0xff, 0xff, 0xff, 0xff, 0xf8, 0x00, 0x00, 0x00,
    0x00, 0x00, 0x00, 0x00, 0xbf, 0xff, 0xff, 0xff,
    0xff, 0xff, 0xff, 0xff, 0xff, 0xff, 0xf7, 0x00,
    0x00, 0x00, 0x00, 0x00, 0x00, 0x00, 0xbf, 0xff,
    0xff, 0xff, 0xff, 0xff, 0xff, 0xff, 0xff, 0xff,
    0xff, 0x40, 0x00, 0x00, 0x00, 0x00, 0x00, 0x00,
    0xbf, 0xff, 0xff, 0xff, 0xff, 0xff, 0xff, 0xff,
    0xff, 0xff, 0xff, 0xe1, 0x00, 0x00, 0x00, 0x00,
    0x00, 0x00, 0xbf, 0xff, 0xff, 0xff, 0xff, 0xff,
    0xff, 0xff, 0xff, 0xff, 0xff, 0xfc, 0x00, 0x00,
    0x00, 0x00, 0x00, 0x00, 0xbf, 0xff, 0xff, 0xff,
    0xff, 0xff, 0xff, 0xff, 0xff, 0xff, 0xff, 0xff,
    0x80, 0x00, 0x00, 0x00, 0x00, 0x00, 0xbf, 0xff,
    0xff, 0xff, 0xff, 0xff, 0xff, 0xff, 0xff, 0xff,
    0xff, 0xff, 0xf5, 0x00, 0x00, 0x00, 0x00, 0x00,
    0xbf, 0xff, 0xff, 0xff, 0xff, 0xff, 0xfc, 0x8f,
    0xff, 0xff, 0xff, 0xff, 0xff, 0x20, 0x00, 0x00,
    0x00, 0x00, 0xbf, 0xff, 0xff, 0xff, 0xff, 0xff,
    0xc0, 0x0a, 0xff, 0xff, 0xff, 0xff, 0xff, 0xd0,
    0x00, 0x00, 0x00, 0x00, 0xbf, 0xff, 0xff, 0xff,
    0xff, 0xfc, 0x00, 0x00, 0xdf, 0xff, 0xff, 0xff,
    0xff, 0xfa, 0x00, 0x00, 0x00, 0x00, 0xbf, 0xff,
    0xff, 0xff, 0xff, 0xc0, 0x00, 0x00, 0x2f, 0xff,
    0xff, 0xff, 0xff, 0xff, 0x60, 0x00, 0x00, 0x00,
    0xbf, 0xff, 0xff, 0xff, 0xfd, 0x00, 0x00, 0x00,
    0x05, 0xff, 0xff, 0xff, 0xff, 0xff, 0xf3, 0x00,
    0x00, 0x00, 0xbf, 0xff, 0xff, 0xff, 0xfb, 0x00,
    0x00, 0x00, 0x00, 0x8f, 0xff, 0xff, 0xff, 0xff,
    0xfd, 0x10, 0x00, 0x00, 0xbf, 0xff, 0xff, 0xff,
    0xfb, 0x00, 0x00, 0x00, 0x00, 0x0b, 0xff, 0xff,
    0xff, 0xff, 0xff, 0xb0, 0x00, 0x00, 0xbf, 0xff,
    0xff, 0xff, 0xfb, 0x00, 0x00, 0x00, 0x00, 0x01,
    0xef, 0xff, 0xff, 0xff, 0xff, 0xf7, 0x00, 0x00,
    0xbf, 0xff, 0xff, 0xff, 0xfb, 0x00, 0x00, 0x00,
    0x00, 0x00, 0x3f, 0xff, 0xff, 0xff, 0xff, 0xff,
    0x40, 0x00, 0xbf, 0xff, 0xff, 0xff, 0xfb, 0x00,
    0x00, 0x00, 0x00, 0x00, 0x06, 0xff, 0xff, 0xff,
    0xff, 0xff, 0xe1, 0x00, 0xbf, 0xff, 0xff, 0xff,
    0xfb, 0x00, 0x00, 0x00, 0x00, 0x00, 0x00, 0x9f,
    0xff, 0xff, 0xff, 0xff, 0xfc, 0x00, 0xbf, 0xff,
    0xff, 0xff, 0xfb, 0x00, 0x00, 0x00, 0x00, 0x00,
    0x00, 0x0c, 0xff, 0xff, 0xff, 0xff, 0xff, 0x80,
    0xbf, 0xff, 0xff, 0xff, 0xfb, 0x00, 0x00, 0x00,
    0x00, 0x00, 0x00, 0x01, 0xef, 0xff, 0xff, 0xff,
    0xff, 0xf5,

    /* U+006C "l" */
    0x9d, 0xdd, 0xdd, 0xdd, 0xd9, 0xbf, 0xff, 0xff,
    0xff, 0xfb, 0xbf, 0xff, 0xff, 0xff, 0xfb, 0xbf,
    0xff, 0xff, 0xff, 0xfb, 0xbf, 0xff, 0xff, 0xff,
    0xfb, 0xbf, 0xff, 0xff, 0xff, 0xfb, 0xbf, 0xff,
    0xff, 0xff, 0xfb, 0xbf, 0xff, 0xff, 0xff, 0xfb,
    0xbf, 0xff, 0xff, 0xff, 0xfb, 0xbf, 0xff, 0xff,
    0xff, 0xfb, 0xbf, 0xff, 0xff, 0xff, 0xfb, 0xbf,
    0xff, 0xff, 0xff, 0xfb, 0xbf, 0xff, 0xff, 0xff,
    0xfb, 0xbf, 0xff, 0xff, 0xff, 0xfb, 0xbf, 0xff,
    0xff, 0xff, 0xfb, 0xbf, 0xff, 0xff, 0xff, 0xfb,
    0xbf, 0xff, 0xff, 0xff, 0xfb, 0xbf, 0xff, 0xff,
    0xff, 0xfb, 0xbf, 0xff, 0xff, 0xff, 0xfb, 0xbf,
    0xff, 0xff, 0xff, 0xfb, 0xbf, 0xff, 0xff, 0xff,
    0xfb, 0xbf, 0xff, 0xff, 0xff, 0xfb, 0xbf, 0xff,
    0xff, 0xff, 0xfb, 0xbf, 0xff, 0xff, 0xff, 0xfb,
    0xbf, 0xff, 0xff, 0xff, 0xfb, 0xbf, 0xff, 0xff,
    0xff, 0xfb, 0xbf, 0xff, 0xff, 0xff, 0xfb, 0xbf,
    0xff, 0xff, 0xff, 0xfb, 0xbf, 0xff, 0xff, 0xff,
    0xfb, 0xbf, 0xff, 0xff, 0xff, 0xfb, 0xbf, 0xff,
    0xff, 0xff, 0xfb, 0xbf, 0xff, 0xff, 0xff, 0xfb,
    0xbf, 0xff, 0xff, 0xff, 0xfb, 0xbf, 0xff, 0xff,
    0xff, 0xfb, 0xbf, 0xff, 0xff, 0xff, 0xfb, 0xbf,
    0xff, 0xff, 0xff, 0xfb, 0xbf, 0xff, 0xff, 0xff,
    0xfb, 0xbf, 0xff, 0xff, 0xff, 0xfb, 0xbf, 0xff,
    0xff, 0xff, 0xfb, 0xbf, 0xff, 0xff, 0xff, 0xfb,
    0xbf, 0xff, 0xff, 0xff, 0xfb, 0xbf, 0xff, 0xff,
    0xff, 0xfb, 0xbf, 0xff, 0xff, 0xff, 0xfb, 0xbf,
    0xff, 0xff, 0xff, 0xfb, 0xbf, 0xff, 0xff, 0xff,
    0xfb,

    /* U+006D "m" */
    0xbf, 0xff, 0xff, 0xff, 0xf4, 0x00, 0x00, 0x38,
    0xbe, 0xff, 0xfd, 0xa6, 0x20, 0x00, 0x00, 0x00,
    0x00, 0x00, 0x37, 0xbd, 0xff, 0xfe, 0xb8, 0x40,
    0x00, 0x00, 0x00, 0x0b, 0xff, 0xff, 0xff, 0xff,
    0x40, 0x05, 0xdf, 0xff, 0xff, 0xff, 0xff, 0xff,
    0xb3, 0x00, 0x00, 0x00, 0x06, 0xdf, 0xff, 0xff,
    0xff, 0xff, 0xff, 0xd6, 0x00, 0x00, 0x00, 0xbf,
    0xff, 0xff, 0xff, 0xf4, 0x2d, 0xff, 0xff, 0xff,
    0xff, 0xff, 0xff, 0xff, 0xf8, 0x00, 0x00, 0x3d,
    0xff, 0xff, 0xff, 0xff, 0xff, 0xff, 0xff, 0xfc,
    0x20, 0x00, 0x0b, 0xff, 0xff, 0xff, 0xff, 0x8e,
    0xff, 0xff, 0xff, 0xff, 0xff, 0xff, 0xff, 0xff,
    0xfa, 0x00, 0x6f, 0xff, 0xff, 0xff, 0xff, 0xff,
    0xff, 0xff, 0xff, 0xfe, 0x20, 0x00, 0xbf, 0xff,
    0xff, 0xff, 0xff, 0xff, 0xff, 0xff, 0xff, 0xff,
    0xff, 0xff, 0xff, 0xff, 0xf8, 0x6f, 0xff, 0xff,
    0xff, 0xff, 0xff, 0xff, 0xff, 0xff, 0xff, 0xfe,
    0x10, 0x0b, 0xff, 0xff, 0xff, 0xff, 0xff, 0xff,
    0xff, 0xff, 0xff, 0xff, 0xff, 0xff, 0xff, 0xff,
    0xff, 0xff, 0xff, 0xff, 0xff, 0xff, 0xff, 0xff,
    0xff, 0xff, 0xff, 0xfa, 0x00, 0xbf, 0xff, 0xff,
    0xff, 0xff, 0xff, 0xff, 0xff, 0xff, 0xff, 0xff,
    0xff, 0xff, 0xff, 0xff, 0xff, 0xff, 0xff, 0xff,
    0xff, 0xff, 0xff, 0xff, 0xff, 0xff, 0xff, 0xf3,
    0x0b, 0xff, 0xff, 0xff, 0xff, 0xff, 0xff, 0xff,
    0xff, 0xff, 0xff, 0xff, 0xff, 0xff, 0xff, 0xff,
    0xff, 0xff, 0xff, 0xff, 0xff, 0xff, 0xff, 0xff,
    0xff, 0xff, 0xff, 0xa0, 0xbf, 0xff, 0xff, 0xff,
    0xff, 0xff, 0xfe, 0x84, 0x23, 0x6b, 0xff, 0xff,
    0xff, 0xff, 0xff, 0xff, 0xff, 0xff, 0xb6, 0x32,
    0x48, 0xef, 0xff, 0xff, 0xff, 0xff, 0xff, 0x0b,
    0xff, 0xff, 0xff, 0xff, 0xff, 0xf8, 0x00, 0x00,
    0x00, 0x05, 0xff, 0xff, 0xff, 0xff, 0xff, 0xff,
    0xfe, 0x30, 0x00, 0x00, 0x00, 0xbf, 0xff, 0xff,
    0xff, 0xff, 0xf5, 0xbf, 0xff, 0xff, 0xff, 0xff,
    0xf7, 0x00, 0x00, 0x00, 0x00, 0x06, 0xff, 0xff,
    0xff, 0xff, 0xff, 0xfe, 0x10, 0x00, 0x00, 0x00,
    0x00, 0xdf, 0xff, 0xff, 0xff, 0xff, 0x8b, 0xff,
    0xff, 0xff, 0xff, 0xfc, 0x00, 0x00, 0x00, 0x00,
    0x00, 0x0d, 0xff, 0xff, 0xff, 0xff, 0xff, 0x50,
    0x00, 0x00, 0x00, 0x00, 0x04, 0xff, 0xff, 0xff,
    0xff, 0xfa, 0xbf, 0xff, 0xff, 0xff, 0xff, 0x50,
    0x00, 0x00, 0x00, 0x00, 0x00, 0x8f, 0xff, 0xff,
    0xff, 0xff, 0xe0, 0x00, 0x00, 0x00, 0x00, 0x00,
    0x0e, 0xff, 0xff, 0xff, 0xff, 0xcb, 0xff, 0xff,
    0xff, 0xff, 0xf0, 0x00, 0x00, 0x00, 0x00, 0x00,
    0x05, 0xff, 0xff, 0xff, 0xff, 0xf9, 0x00, 0x00,
    0x00, 0x00, 0x00, 0x00, 0xbf, 0xff, 0xff, 0xff,
    0xfd, 0xbf, 0xff, 0xff, 0xff, 0xfd, 0x00, 0x00,
    0x00, 0x00, 0x00, 0x00, 0x3f, 0xff, 0xff, 0xff,
    0xff, 0x60, 0x00, 0x00, 0x00, 0x00, 0x00, 0x09,
    0xff, 0xff, 0xff, 0xff, 0xdb, 0xff, 0xff, 0xff,
    0xff, 0xc0, 0x00, 0x00, 0x00, 0x00, 0x00, 0x02,
    0xff, 0xff, 0xff, 0xff, 0xf4, 0x00, 0x00, 0x00,
    0x00, 0x00, 0x00, 0x8f, 0xff, 0xff, 0xff, 0xfd,
    0xbf, 0xff, 0xff, 0xff, 0xfb, 0x00, 0x00, 0x00,
    0x00, 0x00, 0x00, 0x2f, 0xff, 0xff, 0xff, 0xff,
    0x30, 0x00, 0x00, 0x00, 0x00, 0x00, 0x08, 0xff,
    0xff, 0xff, 0xff, 0xdb, 0xff, 0xff, 0xff, 0xff,
    0xb0, 0x00, 0x00, 0x00, 0x00, 0x00, 0x02, 0xff,
    0xff, 0xff, 0xff, 0xf3, 0x00, 0x00, 0x00, 0x00,
    0x00, 0x00, 0x8f, 0xff, 0xff, 0xff, 0xfd, 0xbf,
    0xff, 0xff, 0xff, 0xfb, 0x00, 0x00, 0x00, 0x00,
    0x00, 0x00, 0x2f, 0xff, 0xff, 0xff, 0xff, 0x30,
    0x00, 0x00, 0x00, 0x00, 0x00, 0x08, 0xff, 0xff,
    0xff, 0xff, 0xdb, 0xff, 0xff, 0xff, 0xff, 0xb0,
    0x00, 0x00, 0x00, 0x00, 0x00, 0x02, 0xff, 0xff,
    0xff, 0xff, 0xf3, 0x00, 0x00, 0x00, 0x00, 0x00,
    0x00, 0x8f, 0xff, 0xff, 0xff, 0xfd, 0xbf, 0xff,
    0xff, 0xff, 0xfb, 0x00, 0x00, 0x00, 0x00, 0x00,
    0x00, 0x2f, 0xff, 0xff, 0xff, 0xff, 0x30, 0x00,
    0x00, 0x00, 0x00, 0x00, 0x08, 0xff, 0xff, 0xff,
    0xff, 0xdb, 0xff, 0xff, 0xff, 0xff, 0xb0, 0x00,
    0x00, 0x00, 0x00, 0x00, 0x02, 0xff, 0xff, 0xff,
    0xff, 0xf3, 0x00, 0x00, 0x00, 0x00, 0x00, 0x00,
    0x8f, 0xff, 0xff, 0xff, 0xfd, 0xbf, 0xff, 0xff,
    0xff, 0xfb, 0x00, 0x00, 0x00, 0x00, 0x00, 0x00,
    0x2f, 0xff, 0xff, 0xff, 0xff, 0x30, 0x00, 0x00,
    0x00, 0x00, 0x00, 0x08, 0xff, 0xff, 0xff, 0xff,
    0xdb, 0xff, 0xff, 0xff, 0xff, 0xb0, 0x00, 0x00,
    0x00, 0x00, 0x00, 0x02, 0xff, 0xff, 0xff, 0xff,
    0xf3, 0x00, 0x00, 0x00, 0x00, 0x00, 0x00, 0x8f,
    0xff, 0xff, 0xff, 0xfd, 0xbf, 0xff, 0xff, 0xff,
    0xfb, 0x00, 0x00, 0x00, 0x00, 0x00, 0x00, 0x2f,
    0xff, 0xff, 0xff, 0xff, 0x30, 0x00, 0x00, 0x00,
    0x00, 0x00, 0x08, 0xff, 0xff, 0xff, 0xff, 0xdb,
    0xff, 0xff, 0xff, 0xff, 0xb0, 0x00, 0x00, 0x00,
    0x00, 0x00, 0x02, 0xff, 0xff, 0xff, 0xff, 0xf3,
    0x00, 0x00, 0x00, 0x00, 0x00, 0x00, 0x8f, 0xff,
    0xff, 0xff, 0xfd, 0xbf, 0xff, 0xff, 0xff, 0xfb,
    0x00, 0x00, 0x00, 0x00, 0x00, 0x00, 0x2f, 0xff,
    0xff, 0xff, 0xff, 0x30, 0x00, 0x00, 0x00, 0x00,
    0x00, 0x08, 0xff, 0xff, 0xff, 0xff, 0xdb, 0xff,
    0xff, 0xff, 0xff, 0xb0, 0x00, 0x00, 0x00, 0x00,
    0x00, 0x02, 0xff, 0xff, 0xff, 0xff, 0xf3, 0x00,
    0x00, 0x00, 0x00, 0x00, 0x00, 0x8f, 0xff, 0xff,
    0xff, 0xfd, 0xbf, 0xff, 0xff, 0xff, 0xfb, 0x00,
    0x00, 0x00, 0x00, 0x00, 0x00, 0x2f, 0xff, 0xff,
    0xff, 0xff, 0x30, 0x00, 0x00, 0x00, 0x00, 0x00,
    0x08, 0xff, 0xff, 0xff, 0xff, 0xdb, 0xff, 0xff,
    0xff, 0xff, 0xb0, 0x00, 0x00, 0x00, 0x00, 0x00,
    0x02, 0xff, 0xff, 0xff, 0xff, 0xf3, 0x00, 0x00,
    0x00, 0x00, 0x00, 0x00, 0x8f, 0xff, 0xff, 0xff,
    0xfd, 0xbf, 0xff, 0xff, 0xff, 0xfb, 0x00, 0x00,
    0x00, 0x00, 0x00, 0x00, 0x2f, 0xff, 0xff, 0xff,
    0xff, 0x30, 0x00, 0x00, 0x00, 0x00, 0x00, 0x08,
    0xff, 0xff, 0xff, 0xff, 0xdb, 0xff, 0xff, 0xff,
    0xff, 0xb0, 0x00, 0x00, 0x00, 0x00, 0x00, 0x02,
    0xff, 0xff, 0xff, 0xff, 0xf3, 0x00, 0x00, 0x00,
    0x00, 0x00, 0x00, 0x8f, 0xff, 0xff, 0xff, 0xfd,
    0xbf, 0xff, 0xff, 0xff, 0xfb, 0x00, 0x00, 0x00,
    0x00, 0x00, 0x00, 0x2f, 0xff, 0xff, 0xff, 0xff,
    0x30, 0x00, 0x00, 0x00, 0x00, 0x00, 0x08, 0xff,
    0xff, 0xff, 0xff, 0xd0,

    /* U+006E "n" */
    0xbf, 0xff, 0xff, 0xff, 0xf4, 0x00, 0x00, 0x27,
    0xad, 0xef, 0xfe, 0xc9, 0x50, 0x00, 0x00, 0x00,
    0x00, 0xbf, 0xff, 0xff, 0xff, 0xf4, 0x00, 0x3b,
    0xff, 0xff, 0xff, 0xff, 0xff, 0xff, 0x91, 0x00,
    0x00, 0x00, 0xbf, 0xff, 0xff, 0xff, 0xf4, 0x1b,
    0xff, 0xff, 0xff, 0xff, 0xff, 0xff, 0xff, 0xff,
    0x50, 0x00, 0x00, 0xbf, 0xff, 0xff, 0xff, 0xf6,
    0xdf, 0xff, 0xff, 0xff, 0xff, 0xff, 0xff, 0xff,
    0xff, 0xf7, 0x00, 0x00, 0xbf, 0xff, 0xff, 0xff,
    0xff, 0xff, 0xff, 0xff, 0xff, 0xff, 0xff, 0xff,
    0xff, 0xff, 0xff, 0x60, 0x00, 0xbf, 0xff, 0xff,
    0xff, 0xff, 0xff, 0xff, 0xff, 0xff, 0xff, 0xff,
    0xff, 0xff, 0xff, 0xff, 0xf2, 0x00, 0xbf, 0xff,
    0xff, 0xff, 0xff, 0xff, 0xff, 0xff, 0xff, 0xff,
    0xff, 0xff, 0xff, 0xff, 0xff, 0xfa, 0x00, 0xbf,
    0xff, 0xff, 0xff, 0xff, 0xff, 0xff, 0xff, 0xff,
    0xff, 0xff, 0xff, 0xff, 0xff, 0xff, 0xff, 0x20,
    0xbf, 0xff, 0xff, 0xff, 0xff, 0xff, 0xff, 0xa6,
    0x32, 0x37, 0xcf, 0xff, 0xff, 0xff, 0xff, 0xff,
    0x70, 0xbf, 0xff, 0xff, 0xff, 0xff, 0xff, 0xc2,
    0x00, 0x00, 0x00, 0x06, 0xff, 0xff, 0xff, 0xff,
    0xff, 0xc0, 0xbf, 0xff, 0xff, 0xff, 0xff, 0xfb,
    0x00, 0x00, 0x00, 0x00, 0x00, 0x7f, 0xff, 0xff,
    0xff, 0xff, 0xf0, 0xbf, 0xff, 0xff, 0xff, 0xff,
    0xe1, 0x00, 0x00, 0x00, 0x00, 0x00, 0x0d, 0xff,
    0xff, 0xff, 0xff, 0xf1, 0xbf, 0xff, 0xff, 0xff,
    0xff, 0x70, 0x00, 0x00, 0x00, 0x00, 0x00, 0x07,
    0xff, 0xff, 0xff, 0xff, 0xf3, 0xbf, 0xff, 0xff,
    0xff, 0xff, 0x20, 0x00, 0x00, 0x00, 0x00, 0x00,
    0x04, 0xff, 0xff, 0xff, 0xff, 0xf4, 0xbf, 0xff,
    0xff, 0xff, 0xfe, 0x00, 0x00, 0x00, 0x00, 0x00,
    0x00, 0x02, 0xff, 0xff, 0xff, 0xff, 0xf4, 0xbf,
    0xff, 0xff, 0xff, 0xfc, 0x00, 0x00, 0x00, 0x00,
    0x00, 0x00, 0x01, 0xff, 0xff, 0xff, 0xff, 0xf5,
    0xbf, 0xff, 0xff, 0xff, 0xfb, 0x00, 0x00, 0x00,
    0x00, 0x00, 0x00, 0x00, 0xff, 0xff, 0xff, 0xff,
    0xf5, 0xbf, 0xff, 0xff, 0xff, 0xfb, 0x00, 0x00,
    0x00, 0x00, 0x00, 0x00, 0x00, 0xff, 0xff, 0xff,
    0xff, 0xf5, 0xbf, 0xff, 0xff, 0xff, 0xfb, 0x00,
    0x00, 0x00, 0x00, 0x00, 0x00, 0x00, 0xff, 0xff,
    0xff, 0xff, 0xf5, 0xbf, 0xff, 0xff, 0xff, 0xfb,
    0x00, 0x00, 0x00, 0x00, 0x00, 0x00, 0x00, 0xff,
    0xff, 0xff, 0xff, 0xf5, 0xbf, 0xff, 0xff, 0xff,
    0xfb, 0x00, 0x00, 0x00, 0x00, 0x00, 0x00, 0x00,
    0xff, 0xff, 0xff, 0xff, 0xf5, 0xbf, 0xff, 0xff,
    0xff, 0xfb, 0x00, 0x00, 0x00, 0x00, 0x00, 0x00,
    0x00, 0xff, 0xff, 0xff, 0xff, 0xf5, 0xbf, 0xff,
    0xff, 0xff, 0xfb, 0x00, 0x00, 0x00, 0x00, 0x00,
    0x00, 0x00, 0xff, 0xff, 0xff, 0xff, 0xf5, 0xbf,
    0xff, 0xff, 0xff, 0xfb, 0x00, 0x00, 0x00, 0x00,
    0x00, 0x00, 0x00, 0xff, 0xff, 0xff, 0xff, 0xf5,
    0xbf, 0xff, 0xff, 0xff, 0xfb, 0x00, 0x00, 0x00,
    0x00, 0x00, 0x00, 0x00, 0xff, 0xff, 0xff, 0xff,
    0xf5, 0xbf, 0xff, 0xff, 0xff, 0xfb, 0x00, 0x00,
    0x00, 0x00, 0x00, 0x00, 0x00, 0xff, 0xff, 0xff,
    0xff, 0xf5, 0xbf, 0xff, 0xff, 0xff, 0xfb, 0x00,
    0x00, 0x00, 0x00, 0x00, 0x00, 0x00, 0xff, 0xff,
    0xff, 0xff, 0xf5, 0xbf, 0xff, 0xff, 0xff, 0xfb,
    0x00, 0x00, 0x00, 0x00, 0x00, 0x00, 0x00, 0xff,
    0xff, 0xff, 0xff, 0xf5, 0xbf, 0xff, 0xff, 0xff,
    0xfb, 0x00, 0x00, 0x00, 0x00, 0x00, 0x00, 0x00,
    0xff, 0xff, 0xff, 0xff, 0xf5, 0xbf, 0xff, 0xff,
    0xff, 0xfb, 0x00, 0x00, 0x00, 0x00, 0x00, 0x00,
    0x00, 0xff, 0xff, 0xff, 0xff, 0xf5, 0xbf, 0xff,
    0xff, 0xff, 0xfb, 0x00, 0x00, 0x00, 0x00, 0x00,
    0x00, 0x00, 0xff, 0xff, 0xff, 0xff, 0xf5, 0xbf,
    0xff, 0xff, 0xff, 0xfb, 0x00, 0x00, 0x00, 0x00,
    0x00, 0x00, 0x00, 0xff, 0xff, 0xff, 0xff, 0xf5,
    0xbf, 0xff, 0xff, 0xff, 0xfb, 0x00, 0x00, 0x00,
    0x00, 0x00, 0x00, 0x00, 0xff, 0xff, 0xff, 0xff,
    0xf5,

    /* U+006F "o" */
    0x00, 0x00, 0x00, 0x00, 0x00, 0x00, 0x15, 0x9c,
    0xee, 0xff, 0xec, 0xa7, 0x20, 0x00, 0x00, 0x00,
    0x00, 0x00, 0x00, 0x00, 0x00, 0x00, 0x00, 0x04,
    0xbf, 0xff, 0xff, 0xff, 0xff, 0xff, 0xff, 0xd7,
    0x00, 0x00, 0x00, 0x00, 0x00, 0x00, 0x00, 0x00,
    0x00, 0x3d, 0xff, 0xff, 0xff, 0xff, 0xff, 0xff,
    0xff, 0xff, 0xff, 0x70, 0x00, 0x00, 0x00, 0x00,
    0x00, 0x00, 0x00, 0x9f, 0xff, 0xff, 0xff, 0xff,
    0xff, 0xff, 0xff, 0xff, 0xff, 0xff, 0xc2, 0x00,
    0x00, 0x00, 0x00, 0x00, 0x01, 0xcf, 0xff, 0xff,
    0xff, 0xff, 0xff, 0xff, 0xff, 0xff, 0xff, 0xff,
    0xff, 0xe4, 0x00, 0x00, 0x00, 0x00, 0x00, 0xcf,
    0xff, 0xff, 0xff, 0xff, 0xff, 0xff, 0xff, 0xff,
    0xff, 0xff, 0xff, 0xff, 0xf3, 0x00, 0x00, 0x00,
    0x00, 0xbf, 0xff, 0xff, 0xff, 0xff, 0xff, 0xff,
    0xff, 0xff, 0xff, 0xff, 0xff, 0xff, 0xff, 0xe1,
    0x00, 0x00, 0x00, 0x7f, 0xff, 0xff, 0xff, 0xff,
    0xff, 0xff, 0xdc, 0xce, 0xff, 0xff, 0xff, 0xff,
    0xff, 0xff, 0xc0, 0x00, 0x00, 0x1f, 0xff, 0xff,
    0xff, 0xff, 0xff, 0xc5, 0x00, 0x00, 0x03, 0xaf,
    0xff, 0xff, 0xff, 0xff, 0xff, 0x60, 0x00, 0x09,
    0xff, 0xff, 0xff, 0xff, 0xff, 0x70, 0x00, 0x00,
    0x00, 0x00, 0x4e, 0xff, 0xff, 0xff, 0xff, 0xfd,
    0x00, 0x00, 0xff, 0xff, 0xff, 0xff, 0xff, 0x60,
    0x00, 0x00, 0x00, 0x00, 0x00, 0x2f, 0xff, 0xff,
    0xff, 0xff, 0xf4, 0x00, 0x5f, 0xff, 0xff, 0xff,
    0xff, 0xa0, 0x00, 0x00, 0x00, 0x00, 0x00, 0x00,
    0x5f, 0xff, 0xff, 0xff, 0xff, 0xa0, 0x09, 0xff,
    0xff, 0xff, 0xff, 0xf2, 0x00, 0x00, 0x00, 0x00,
    0x00, 0x00, 0x00, 0xdf, 0xff, 0xff, 0xff, 0xfe,
    0x00, 0xcf, 0xff, 0xff, 0xff, 0xfd, 0x00, 0x00,
    0x00, 0x00, 0x00, 0x00, 0x00, 0x08, 0xff, 0xff,
    0xff, 0xff, 0xf1, 0x0f, 0xff, 0xff, 0xff, 0xff,
    0x90, 0x00, 0x00, 0x00, 0x00, 0x00, 0x00, 0x00,
    0x4f, 0xff, 0xff, 0xff, 0xff, 0x30, 0xff, 0xff,
    0xff, 0xff, 0xf7, 0x00, 0x00, 0x00, 0x00, 0x00,
    0x00, 0x00, 0x02, 0xff, 0xff, 0xff, 0xff, 0xf5,
    0x1f, 0xff, 0xff, 0xff, 0xff, 0x60, 0x00, 0x00,
    0x00, 0x00, 0x00, 0x00, 0x00, 0x1f, 0xff, 0xff,
    0xff, 0xff, 0x50, 0xff, 0xff, 0xff, 0xff, 0xf7,
    0x00, 0x00, 0x00, 0x00, 0x00, 0x00, 0x00, 0x02,
    0xff, 0xff, 0xff, 0xff, 0xf5, 0x0f, 0xff, 0xff,
    0xff, 0xff, 0x90, 0x00, 0x00, 0x00, 0x00, 0x00,
    0x00, 0x00, 0x4f, 0xff, 0xff, 0xff, 0xff, 0x30,
    0xcf, 0xff, 0xff, 0xff, 0xfd, 0x00, 0x00, 0x00,
    0x00, 0x00, 0x00, 0x00, 0x08, 0xff, 0xff, 0xff,
    0xff, 0xf1, 0x09, 0xff, 0xff, 0xff, 0xff, 0xf2,
    0x00, 0x00, 0x00, 0x00, 0x00, 0x00, 0x00, 0xdf,
    0xff, 0xff, 0xff, 0xfe, 0x00, 0x5f, 0xff, 0xff,
    0xff, 0xff, 0xa0, 0x00, 0x00, 0x00, 0x00, 0x00,
    0x00, 0x6f, 0xff, 0xff, 0xff, 0xff, 0xa0, 0x00,
    0xff, 0xff, 0xff, 0xff, 0xff, 0x60, 0x00, 0x00,
    0x00, 0x00, 0x00, 0x2f, 0xff, 0xff, 0xff, 0xff,
    0xf4, 0x00, 0x09, 0xff, 0xff, 0xff, 0xff, 0xff,
    0x70, 0x00, 0x00, 0x00, 0x00, 0x4e, 0xff, 0xff,
    0xff, 0xff, 0xfd, 0x00, 0x00, 0x1f, 0xff, 0xff,
    0xff, 0xff, 0xff, 0xc5, 0x00, 0x00, 0x03, 0xaf,
    0xff, 0xff, 0xff, 0xff, 0xff, 0x60, 0x00, 0x00,
    0x7f, 0xff, 0xff, 0xff, 0xff, 0xff, 0xff, 0xdc,
    0xce, 0xff, 0xff, 0xff, 0xff, 0xff, 0xff, 0xc0,
    0x00, 0x00, 0x00, 0xbf, 0xff, 0xff, 0xff, 0xff,
    0xff, 0xff, 0xff, 0xff, 0xff, 0xff, 0xff, 0xff,
    0xff, 0xe1, 0x00, 0x00, 0x00, 0x00, 0xcf, 0xff,
    0xff, 0xff, 0xff, 0xff, 0xff, 0xff, 0xff, 0xff,
    0xff, 0xff, 0xff, 0xf3, 0x00, 0x00, 0x00, 0x00,
    0x01, 0xcf, 0xff, 0xff, 0xff, 0xff, 0xff, 0xff,
    0xff, 0xff, 0xff, 0xff, 0xff, 0xe4, 0x00, 0x00,
    0x00, 0x00, 0x00, 0x00, 0x9f, 0xff, 0xff, 0xff,
    0xff, 0xff, 0xff, 0xff, 0xff, 0xff, 0xff, 0xd2,
    0x00, 0x00, 0x00, 0x00, 0x00, 0x00, 0x00, 0x4d,
    0xff, 0xff, 0xff, 0xff, 0xff, 0xff, 0xff, 0xff,
    0xff, 0x70, 0x00, 0x00, 0x00, 0x00, 0x00, 0x00,
    0x00, 0x00, 0x05, 0xcf, 0xff, 0xff, 0xff, 0xff,
    0xff, 0xff, 0xd7, 0x10, 0x00, 0x00, 0x00, 0x00,
    0x00, 0x00, 0x00, 0x00, 0x00, 0x00, 0x16, 0x9c,
    0xef, 0xff, 0xed, 0xa7, 0x20, 0x00, 0x00, 0x00,
    0x00, 0x00, 0x00,

    /* U+0070 "p" */
    0xbf, 0xff, 0xff, 0xff, 0xf4, 0x00, 0x00, 0x48,
    0xcd, 0xef, 0xed, 0xb8, 0x30, 0x00, 0x00, 0x00,
    0x00, 0x00, 0xbf, 0xff, 0xff, 0xff, 0xf4, 0x00,
    0x7e, 0xff, 0xff, 0xff, 0xff, 0xff, 0xfe, 0x70,
    0x00, 0x00, 0x00, 0x00, 0xbf, 0xff, 0xff, 0xff,
    0xf4, 0x2d, 0xff, 0xff, 0xff, 0xff, 0xff, 0xff,
    0xff, 0xfe, 0x50, 0x00, 0x00, 0x00, 0xbf, 0xff,
    0xff, 0xff, 0xf8, 0xff, 0xff, 0xff, 0xff, 0xff,
    0xff, 0xff, 0xff, 0xff, 0xf9, 0x00, 0x00, 0x00,
    0xbf, 0xff, 0xff, 0xff, 0xff, 0xff, 0xff, 0xff,
    0xff, 0xff, 0xff, 0xff, 0xff, 0xff, 0xff, 0xb0,
    0x00, 0x00, 0xbf, 0xff, 0xff, 0xff, 0xff, 0xff,
    0xff, 0xff, 0xff, 0xff, 0xff, 0xff, 0xff, 0xff,
    0xff, 0xfa, 0x00, 0x00, 0xbf, 0xff, 0xff, 0xff,
    0xff, 0xff, 0xff, 0xff, 0xff, 0xff, 0xff, 0xff,
    0xff, 0xff, 0xff, 0xff, 0x70, 0x00, 0xbf, 0xff,
    0xff, 0xff, 0xff, 0xff, 0xff, 0xff, 0xdc, 0xce,
    0xff, 0xff, 0xff, 0xff, 0xff, 0xff, 0xf2, 0x00,
    0xbf, 0xff, 0xff, 0xff, 0xff, 0xff, 0xfd, 0x51,
    0x00, 0x00, 0x29, 0xff, 0xff, 0xff, 0xff, 0xff,
    0xfa, 0x00, 0xbf, 0xff, 0xff, 0xff, 0xff, 0xff,
    0x90, 0x00, 0x00, 0x00, 0x00, 0x3e, 0xff, 0xff,
    0xff, 0xff, 0xff, 0x20, 0xbf, 0xff, 0xff, 0xff,
    0xff, 0xf9, 0x00, 0x00, 0x00, 0x00, 0x00, 0x02,
    0xef, 0xff, 0xff, 0xff, 0xff, 0x80, 0xbf, 0xff,
    0xff, 0xff, 0xff, 0xd0, 0x00, 0x00, 0x00, 0x00,
    0x00, 0x00, 0x4f, 0xff, 0xff, 0xff, 0xff, 0xd0,
    0xbf, 0xff, 0xff, 0xff, 0xff, 0x50, 0x00, 0x00,
    0x00, 0x00, 0x00, 0x00, 0x0c, 0xff, 0xff, 0xff,
    0xff, 0xf1, 0xbf, 0xff, 0xff, 0xff, 0xff, 0x00,
    0x00, 0x00, 0x00, 0x00, 0x00, 0x00, 0x06, 0xff,
    0xff, 0xff, 0xff, 0xf3, 0xbf, 0xff, 0xff, 0xff,
    0xfb, 0x00, 0x00, 0x00, 0x00, 0x00, 0x00, 0x00,
    0x02, 0xff, 0xff, 0xff, 0xff, 0xf5, 0xbf, 0xff,
    0xff, 0xff, 0xfa, 0x00, 0x00, 0x00, 0x00, 0x00,
    0x00, 0x00, 0x01, 0xff, 0xff, 0xff, 0xff, 0xf6,
    0xbf, 0xff, 0xff, 0xff, 0xf9, 0x00, 0x00, 0x00,
    0x00, 0x00, 0x00, 0x00, 0x00, 0xff, 0xff, 0xff,
    0xff, 0xf7, 0xbf, 0xff, 0xff, 0xff, 0xfa, 0x00,
    0x00, 0x00, 0x00, 0x00, 0x00, 0x00, 0x01, 0xff,
    0xff, 0xff, 0xff, 0xf6, 0xbf, 0xff, 0xff, 0xff,
    0xfb, 0x00, 0x00, 0x00, 0x00, 0x00, 0x00, 0x00,
    0x02, 0xff, 0xff, 0xff, 0xff, 0xf5, 0xbf, 0xff,
    0xff, 0xff, 0xff, 0x00, 0x00, 0x00, 0x00, 0x00,
    0x00, 0x00, 0x06, 0xff, 0xff, 0xff, 0xff, 0xf3,
    0xbf, 0xff, 0xff, 0xff, 0xff, 0x40, 0x00, 0x00,
    0x00, 0x00, 0x00, 0x00, 0x0c, 0xff, 0xff, 0xff,
    0xff, 0xf1, 0xbf, 0xff, 0xff, 0xff, 0xff, 0xc0,
    0x00, 0x00, 0x00, 0x00, 0x00, 0x00, 0x4f, 0xff,
    0xff, 0xff, 0xff, 0xd0, 0xbf, 0xff, 0xff, 0xff,
    0xff, 0xf8, 0x00, 0x00, 0x00, 0x00, 0x00, 0x01,
    0xef, 0xff, 0xff, 0xff, 0xff, 0x80, 0xbf, 0xff,
    0xff, 0xff, 0xff, 0xff, 0x90, 0x00, 0x00, 0x00,
    0x00, 0x2e, 0xff, 0xff, 0xff, 0xff, 0xff, 0x30,
    0xbf, 0xff, 0xff, 0xff, 0xff, 0xff, 0xfd, 0x50,
    0x00, 0x00, 0x29, 0xff, 0xff, 0xff, 0xff, 0xff,
    0xfb, 0x00, 0xbf, 0xff, 0xff, 0xff, 0xff, 0xff,
    0xff, 0xff, 0xdc, 0xce, 0xff, 0xff, 0xff, 0xff,
    0xff, 0xff, 0xf3, 0x00, 0xbf, 0xff, 0xff, 0xff,
    0xff, 0xff, 0xff, 0xff, 0xff, 0xff, 0xff, 0xff,
    0xff, 0xff, 0xff, 0xff, 0x80, 0x00, 0xbf, 0xff,
    0xff, 0xff, 0xff, 0xff, 0xff, 0xff, 0xff, 0xff,
    0xff, 0xff, 0xff, 0xff, 0xff, 0xfb, 0x00, 0x00,
    0xbf, 0xff, 0xff, 0xff, 0xff, 0xff, 0xff, 0xff,
    0xff, 0xff, 0xff, 0xff, 0xff, 0xff, 0xff, 0xc0,
    0x00, 0x00, 0xbf, 0xff, 0xff, 0xff, 0xfc, 0xdf,
    0xff, 0xff, 0xff, 0xff, 0xff, 0xff, 0xff, 0xff,
    0xfa, 0x00, 0x00, 0x00, 0xbf, 0xff, 0xff, 0xff,
    0xfb, 0x0a, 0xff, 0xff, 0xff, 0xff, 0xff, 0xff,
    0xff, 0xfe, 0x60, 0x00, 0x00, 0x00, 0xbf, 0xff,
    0xff, 0xff, 0xfb, 0x00, 0x5d, 0xff, 0xff, 0xff,
    0xff, 0xff, 0xfe, 0x71, 0x00, 0x00, 0x00, 0x00,
    0xbf, 0xff, 0xff, 0xff, 0xfb, 0x00, 0x00, 0x37,
    0xbd, 0xef, 0xfd, 0xb8, 0x30, 0x00, 0x00, 0x00,
    0x00, 0x00, 0xbf, 0xff, 0xff, 0xff, 0xfb, 0x00,
    0x00, 0x00, 0x00, 0x00, 0x00, 0x00, 0x00, 0x00,
    0x00, 0x00, 0x00, 0x00, 0xbf, 0xff, 0xff, 0xff,
    0xfb, 0x00, 0x00, 0x00, 0x00, 0x00, 0x00, 0x00,
    0x00, 0x00, 0x00, 0x00, 0x00, 0x00, 0xbf, 0xff,
    0xff, 0xff, 0xfb, 0x00, 0x00, 0x00, 0x00, 0x00,
    0x00, 0x00, 0x00, 0x00, 0x00, 0x00, 0x00, 0x00,
    0xbf, 0xff, 0xff, 0xff, 0xfb, 0x00, 0x00, 0x00,
    0x00, 0x00, 0x00, 0x00, 0x00, 0x00, 0x00, 0x00,
    0x00, 0x00, 0xbf, 0xff, 0xff, 0xff, 0xfb, 0x00,
    0x00, 0x00, 0x00, 0x00, 0x00, 0x00, 0x00, 0x00,
    0x00, 0x00, 0x00, 0x00, 0xbf, 0xff, 0xff, 0xff,
    0xfb, 0x00, 0x00, 0x00, 0x00, 0x00, 0x00, 0x00,
    0x00, 0x00, 0x00, 0x00, 0x00, 0x00, 0xbf, 0xff,
    0xff, 0xff, 0xfb, 0x00, 0x00, 0x00, 0x00, 0x00,
    0x00, 0x00, 0x00, 0x00, 0x00, 0x00, 0x00, 0x00,
    0xbf, 0xff, 0xff, 0xff, 0xfb, 0x00, 0x00, 0x00,
    0x00, 0x00, 0x00, 0x00, 0x00, 0x00, 0x00, 0x00,
    0x00, 0x00, 0xbf, 0xff, 0xff, 0xff, 0xfb, 0x00,
    0x00, 0x00, 0x00, 0x00, 0x00, 0x00, 0x00, 0x00,
    0x00, 0x00, 0x00, 0x00, 0xbf, 0xff, 0xff, 0xff,
    0xfb, 0x00, 0x00, 0x00, 0x00, 0x00, 0x00, 0x00,
    0x00, 0x00, 0x00, 0x00, 0x00, 0x00, 0xbf, 0xff,
    0xff, 0xff, 0xfb, 0x00, 0x00, 0x00, 0x00, 0x00,
    0x00, 0x00, 0x00, 0x00, 0x00, 0x00, 0x00, 0x00,
    0xbf, 0xff, 0xff, 0xff, 0xfb, 0x00, 0x00, 0x00,
    0x00, 0x00, 0x00, 0x00, 0x00, 0x00, 0x00, 0x00,
    0x00, 0x00,

    /* U+0071 "q" */
    0x00, 0x00, 0x00, 0x00, 0x00, 0x01, 0x69, 0xce,
    0xff, 0xec, 0xa6, 0x10, 0x00, 0x0d, 0xff, 0xff,
    0xff, 0xff, 0x10, 0x00, 0x00, 0x00, 0x00, 0x4b,
    0xff, 0xff, 0xff, 0xff, 0xff, 0xff, 0xa2, 0x00,
    0xdf, 0xff, 0xff, 0xff, 0xf1, 0x00, 0x00, 0x00,
    0x01, 0xbf, 0xff, 0xff, 0xff, 0xff, 0xff, 0xff,
    0xff, 0xf7, 0x0d, 0xff, 0xff, 0xff, 0xff, 0x10,
    0x00, 0x00, 0x04, 0xff, 0xff, 0xff, 0xff, 0xff,
    0xff, 0xff, 0xff, 0xff, 0xf9, 0xdf, 0xff, 0xff,
    0xff, 0xf1, 0x00, 0x00, 0x06, 0xff, 0xff, 0xff,
    0xff, 0xff, 0xff, 0xff, 0xff, 0xff, 0xff, 0xff,
    0xff, 0xff, 0xff, 0xff, 0x10, 0x00, 0x04, 0xff,
    0xff, 0xff, 0xff, 0xff, 0xff, 0xff, 0xff, 0xff,
    0xff, 0xff, 0xff, 0xff, 0xff, 0xff, 0xf1, 0x00,
    0x02, 0xff, 0xff, 0xff, 0xff, 0xff, 0xff, 0xff,
    0xff, 0xff, 0xff, 0xff, 0xff, 0xff, 0xff, 0xff,
    0xff, 0x10, 0x00, 0xbf, 0xff, 0xff, 0xff, 0xff,
    0xff, 0xff, 0xdc, 0xce, 0xff, 0xff, 0xff, 0xff,
    0xff, 0xff, 0xff, 0xf1, 0x00, 0x4f, 0xff, 0xff,
    0xff, 0xff, 0xff, 0xc5, 0x00, 0x00, 0x03, 0xaf,
    0xff, 0xff, 0xff, 0xff, 0xff, 0xff, 0x10, 0x0c,
    0xff, 0xff, 0xff, 0xff, 0xff, 0x70, 0x00, 0x00,
    0x00, 0x00, 0x4e, 0xff, 0xff, 0xff, 0xff, 0xff,
    0xf1, 0x02, 0xff, 0xff, 0xff, 0xff, 0xff, 0x70,
    0x00, 0x00, 0x00, 0x00, 0x00, 0x2f, 0xff, 0xff,
    0xff, 0xff, 0xff, 0x10, 0x7f, 0xff, 0xff, 0xff,
    0xff, 0xb0, 0x00, 0x00, 0x00, 0x00, 0x00, 0x00,
    0x6f, 0xff, 0xff, 0xff, 0xff, 0xf1, 0x0a, 0xff,
    0xff, 0xff, 0xff, 0xf2, 0x00, 0x00, 0x00, 0x00,
    0x00, 0x00, 0x00, 0xdf, 0xff, 0xff, 0xff, 0xff,
    0x10, 0xdf, 0xff, 0xff, 0xff, 0xfd, 0x00, 0x00,
    0x00, 0x00, 0x00, 0x00, 0x00, 0x08, 0xff, 0xff,
    0xff, 0xff, 0xf1, 0x0f, 0xff, 0xff, 0xff, 0xff,
    0x90, 0x00, 0x00, 0x00, 0x00, 0x00, 0x00, 0x00,
    0x4f, 0xff, 0xff, 0xff, 0xff, 0x10, 0xff, 0xff,
    0xff, 0xff, 0xf7, 0x00, 0x00, 0x00, 0x00, 0x00,
    0x00, 0x00, 0x02, 0xff, 0xff, 0xff, 0xff, 0xf1,
    0x1f, 0xff, 0xff, 0xff, 0xff, 0x60, 0x00, 0x00,
    0x00, 0x00, 0x00, 0x00, 0x00, 0x1f, 0xff, 0xff,
    0xff, 0xff, 0x10, 0xff, 0xff, 0xff, 0xff, 0xf7,
    0x00, 0x00, 0x00, 0x00, 0x00, 0x00, 0x00, 0x02,
    0xff, 0xff, 0xff, 0xff, 0xf1, 0x0f, 0xff, 0xff,
    0xff, 0xff, 0x90, 0x00, 0x00, 0x00, 0x00, 0x00,
    0x00, 0x00, 0x4f, 0xff, 0xff, 0xff, 0xff, 0x10,
    0xdf, 0xff, 0xff, 0xff, 0xfd, 0x00, 0x00, 0x00,
    0x00, 0x00, 0x00, 0x00, 0x08, 0xff, 0xff, 0xff,
    0xff, 0xf1, 0x0a, 0xff, 0xff, 0xff, 0xff, 0xf2,
    0x00, 0x00, 0x00, 0x00, 0x00, 0x00, 0x00, 0xdf,
    0xff, 0xff, 0xff, 0xff, 0x10, 0x7f, 0xff, 0xff,
    0xff, 0xff, 0xa0, 0x00, 0x00, 0x00, 0x00, 0x00,
    0x00, 0x5f, 0xff, 0xff, 0xff, 0xff, 0xf1, 0x02,
    0xff, 0xff, 0xff, 0xff, 0xff, 0x60, 0x00, 0x00,
    0x00, 0x00, 0x00, 0x2f, 0xff, 0xff, 0xff, 0xff,
    0xff, 0x10, 0x0c, 0xff, 0xff, 0xff, 0xff, 0xff,
    0x70, 0x00, 0x00, 0x00, 0x00, 0x3e, 0xff, 0xff,
    0xff, 0xff, 0xff, 0xf1, 0x00, 0x5f, 0xff, 0xff,
    0xff, 0xff, 0xff, 0xc5, 0x00, 0x00, 0x03, 0xaf,
    0xff, 0xff, 0xff, 0xff, 0xff, 0xff, 0x10, 0x00,
    0xcf, 0xff, 0xff, 0xff, 0xff, 0xff, 0xff, 0xdc,
    0xce, 0xff, 0xff, 0xff, 0xff, 0xff, 0xff, 0xff,
    0xf1, 0x00, 0x02, 0xff, 0xff, 0xff, 0xff, 0xff,
    0xff, 0xff, 0xff, 0xff, 0xff, 0xff, 0xff, 0xff,
    0xff, 0xff, 0xff, 0x10, 0x00, 0x05, 0xff, 0xff,
    0xff, 0xff, 0xff, 0xff, 0xff, 0xff, 0xff, 0xff,
    0xff, 0xff, 0xff, 0xff, 0xff, 0xf1, 0x00, 0x00,
    0x07, 0xff, 0xff, 0xff, 0xff, 0xff, 0xff, 0xff,
    0xff, 0xff, 0xff, 0xff, 0xff, 0xff, 0xff, 0xff,
    0x10, 0x00, 0x00, 0x05, 0xff, 0xff, 0xff, 0xff,
    0xff, 0xff, 0xff, 0xff, 0xff, 0xf9, 0xff, 0xff,
    0xff, 0xff, 0xf1, 0x00, 0x00, 0x00, 0x02, 0xcf,
    0xff, 0xff, 0xff, 0xff, 0xff, 0xff, 0xff, 0xe3,
    0x4f, 0xff, 0xff, 0xff, 0xff, 0x10, 0x00, 0x00,
    0x00, 0x00, 0x4c, 0xff, 0xff, 0xff, 0xff, 0xff,
    0xff, 0x80, 0x04, 0xff, 0xff, 0xff, 0xff, 0xf1,
    0x00, 0x00, 0x00, 0x00, 0x00, 0x01, 0x6a, 0xde,
    0xff, 0xec, 0x94, 0x00, 0x00, 0x4f, 0xff, 0xff,
    0xff, 0xff, 0x10, 0x00, 0x00, 0x00, 0x00, 0x00,
    0x00, 0x00, 0x00, 0x00, 0x00, 0x00, 0x00, 0x04,
    0xff, 0xff, 0xff, 0xff, 0xf1, 0x00, 0x00, 0x00,
    0x00, 0x00, 0x00, 0x00, 0x00, 0x00, 0x00, 0x00,
    0x00, 0x00, 0x4f, 0xff, 0xff, 0xff, 0xff, 0x10,
    0x00, 0x00, 0x00, 0x00, 0x00, 0x00, 0x00, 0x00,
    0x00, 0x00, 0x00, 0x00, 0x04, 0xff, 0xff, 0xff,
    0xff, 0xf1, 0x00, 0x00, 0x00, 0x00, 0x00, 0x00,
    0x00, 0x00, 0x00, 0x00, 0x00, 0x00, 0x00, 0x4f,
    0xff, 0xff, 0xff, 0xff, 0x10, 0x00, 0x00, 0x00,
    0x00, 0x00, 0x00, 0x00, 0x00, 0x00, 0x00, 0x00,
    0x00, 0x04, 0xff, 0xff, 0xff, 0xff, 0xf1, 0x00,
    0x00, 0x00, 0x00, 0x00, 0x00, 0x00, 0x00, 0x00,
    0x00, 0x00, 0x00, 0x00, 0x4f, 0xff, 0xff, 0xff,
    0xff, 0x10, 0x00, 0x00, 0x00, 0x00, 0x00, 0x00,
    0x00, 0x00, 0x00, 0x00, 0x00, 0x00, 0x04, 0xff,
    0xff, 0xff, 0xff, 0xf1, 0x00, 0x00, 0x00, 0x00,
    0x00, 0x00, 0x00, 0x00, 0x00, 0x00, 0x00, 0x00,
    0x00, 0x4f, 0xff, 0xff, 0xff, 0xff, 0x10, 0x00,
    0x00, 0x00, 0x00, 0x00, 0x00, 0x00, 0x00, 0x00,
    0x00, 0x00, 0x00, 0x04, 0xff, 0xff, 0xff, 0xff,
    0xf1, 0x00, 0x00, 0x00, 0x00, 0x00, 0x00, 0x00,
    0x00, 0x00, 0x00, 0x00, 0x00, 0x00, 0x4f, 0xff,
    0xff, 0xff, 0xff, 0x10, 0x00, 0x00, 0x00, 0x00,
    0x00, 0x00, 0x00, 0x00, 0x00, 0x00, 0x00, 0x00,
    0x04, 0xff, 0xff, 0xff, 0xff, 0xf1, 0x00, 0x00,
    0x00, 0x00, 0x00, 0x00, 0x00, 0x00, 0x00, 0x00,
    0x00, 0x00, 0x00, 0x4f, 0xff, 0xff, 0xff, 0xff,
    0x10,

    /* U+0072 "r" */
    0xbf, 0xff, 0xff, 0xff, 0xf4, 0x00, 0x00, 0x16,
    0xac, 0xef, 0x5b, 0xff, 0xff, 0xff, 0xff, 0x40,
    0x03, 0xbf, 0xff, 0xff, 0xf5, 0xbf, 0xff, 0xff,
    0xff, 0xf4, 0x09, 0xff, 0xff, 0xff, 0xff, 0x5b,
    0xff, 0xff, 0xff, 0xff, 0x4c, 0xff, 0xff, 0xff,
    0xff, 0xf5, 0xbf, 0xff, 0xff, 0xff, 0xfd, 0xff,
    0xff, 0xff, 0xff, 0xff, 0x5b, 0xff, 0xff, 0xff,
    0xff, 0xff, 0xff, 0xff, 0xff, 0xff, 0xf5, 0xbf,
    0xff, 0xff, 0xff, 0xff, 0xff, 0xff, 0xff, 0xff,
    0xff, 0x5b, 0xff, 0xff, 0xff, 0xff, 0xff, 0xff,
    0xff, 0xff, 0xff, 0xf5, 0xbf, 0xff, 0xff, 0xff,
    0xff, 0xff, 0xff, 0xff, 0xba, 0x9a, 0x4b, 0xff,
    0xff, 0xff, 0xff, 0xff, 0xff, 0xb4, 0x00, 0x00,
    0x00, 0xbf, 0xff, 0xff, 0xff, 0xff, 0xff, 0x60,
    0x00, 0x00, 0x00, 0x0b, 0xff, 0xff, 0xff, 0xff,
    0xff, 0x70, 0x00, 0x00, 0x00, 0x00, 0xbf, 0xff,
    0xff, 0xff, 0xff, 0xc0, 0x00, 0x00, 0x00, 0x00,
    0x0b, 0xff, 0xff, 0xff, 0xff, 0xf5, 0x00, 0x00,
    0x00, 0x00, 0x00, 0xbf, 0xff, 0xff, 0xff, 0xff,
    0x10, 0x00, 0x00, 0x00, 0x00, 0x0b, 0xff, 0xff,
    0xff, 0xff, 0xd0, 0x00, 0x00, 0x00, 0x00, 0x00,
    0xbf, 0xff, 0xff, 0xff, 0xfc, 0x00, 0x00, 0x00,
    0x00, 0x00, 0x0b, 0xff, 0xff, 0xff, 0xff, 0xb0,
    0x00, 0x00, 0x00, 0x00, 0x00, 0xbf, 0xff, 0xff,
    0xff, 0xfb, 0x00, 0x00, 0x00, 0x00, 0x00, 0x0b,
    0xff, 0xff, 0xff, 0xff, 0xb0, 0x00, 0x00, 0x00,
    0x00, 0x00, 0xbf, 0xff, 0xff, 0xff, 0xfb, 0x00,
    0x00, 0x00, 0x00, 0x00, 0x0b, 0xff, 0xff, 0xff,
    0xff, 0xb0, 0x00, 0x00, 0x00, 0x00, 0x00, 0xbf,
    0xff, 0xff, 0xff, 0xfb, 0x00, 0x00, 0x00, 0x00,
    0x00, 0x0b, 0xff, 0xff, 0xff, 0xff, 0xb0, 0x00,
    0x00, 0x00, 0x00, 0x00, 0xbf, 0xff, 0xff, 0xff,
    0xfb, 0x00, 0x00, 0x00, 0x00, 0x00, 0x0b, 0xff,
    0xff, 0xff, 0xff, 0xb0, 0x00, 0x00, 0x00, 0x00,
    0x00, 0xbf, 0xff, 0xff, 0xff, 0xfb, 0x00, 0x00,
    0x00, 0x00, 0x00, 0x0b, 0xff, 0xff, 0xff, 0xff,
    0xb0, 0x00, 0x00, 0x00, 0x00, 0x00, 0xbf, 0xff,
    0xff, 0xff, 0xfb, 0x00, 0x00, 0x00, 0x00, 0x00,
    0x0b, 0xff, 0xff, 0xff, 0xff, 0xb0, 0x00, 0x00,
    0x00, 0x00, 0x00, 0xbf, 0xff, 0xff, 0xff, 0xfb,
    0x00, 0x00, 0x00, 0x00, 0x00, 0x0b, 0xff, 0xff,
    0xff, 0xff, 0xb0, 0x00, 0x00, 0x00, 0x00, 0x00,
    0xbf, 0xff, 0xff, 0xff, 0xfb, 0x00, 0x00, 0x00,
    0x00, 0x00, 0x00,

    /* U+0073 "s" */
    0x00, 0x00, 0x00, 0x00, 0x03, 0x69, 0xcd, 0xef,
    0xfe, 0xdc, 0x96, 0x30, 0x00, 0x00, 0x00, 0x00,
    0x00, 0x00, 0x18, 0xdf, 0xff, 0xff, 0xff, 0xff,
    0xff, 0xff, 0xff, 0xb6, 0x10, 0x00, 0x00, 0x00,
    0x07, 0xff, 0xff, 0xff, 0xff, 0xff, 0xff, 0xff,
    0xff, 0xff, 0xff, 0xf9, 0x10, 0x00, 0x00, 0xbf,
    0xff, 0xff, 0xff, 0xff, 0xff, 0xff, 0xff, 0xff,
    0xff, 0xff, 0xff, 0x10, 0x00, 0x0c, 0xff, 0xff,
    0xff, 0xff, 0xff, 0xff, 0xff, 0xff, 0xff, 0xff,
    0xff, 0xf9, 0x00, 0x00, 0x8f, 0xff, 0xff, 0xff,
    0xff, 0xff, 0xff, 0xff, 0xff, 0xff, 0xff, 0xff,
    0xf1, 0x00, 0x02, 0xff, 0xff, 0xff, 0xff, 0xff,
    0xff, 0xff, 0xff, 0xff, 0xff, 0xff, 0xff, 0xa0,
    0x00, 0x08, 0xff, 0xff, 0xff, 0xff, 0xfe, 0x85,
    0x32, 0x23, 0x57, 0xae, 0xff, 0xff, 0x20, 0x00,
    0x0c, 0xff, 0xff, 0xff, 0xff, 0xa0, 0x00, 0x00,
    0x00, 0x00, 0x00, 0x4a, 0xfb, 0x00, 0x00, 0x0e,
    0xff, 0xff, 0xff, 0xff, 0x10, 0x00, 0x00, 0x00,
    0x00, 0x00, 0x00, 0x22, 0x00, 0x00, 0x0f, 0xff,
    0xff, 0xff, 0xff, 0x00, 0x00, 0x00, 0x00, 0x00,
    0x00, 0x00, 0x00, 0x00, 0x00, 0x0f, 0xff, 0xff,
    0xff, 0xff, 0x80, 0x00, 0x00, 0x00, 0x00, 0x00,
    0x00, 0x00, 0x00, 0x00, 0x0c, 0xff, 0xff, 0xff,
    0xff, 0xfd, 0x83, 0x00, 0x00, 0x00, 0x00, 0x00,
    0x00, 0x00, 0x00, 0x08, 0xff, 0xff, 0xff, 0xff,
    0xff, 0xff, 0xfd, 0xb8, 0x63, 0x00, 0x00, 0x00,
    0x00, 0x00, 0x02, 0xff, 0xff, 0xff, 0xff, 0xff,
    0xff, 0xff, 0xff, 0xff, 0xfc, 0x72, 0x00, 0x00,
    0x00, 0x00, 0x6f, 0xff, 0xff, 0xff, 0xff, 0xff,
    0xff, 0xff, 0xff, 0xff, 0xff, 0xb3, 0x00, 0x00,
    0x00, 0x07, 0xff, 0xff, 0xff, 0xff, 0xff, 0xff,
    0xff, 0xff, 0xff, 0xff, 0xff, 0x80, 0x00, 0x00,
    0x00, 0x3c, 0xff, 0xff, 0xff, 0xff, 0xff, 0xff,
    0xff, 0xff, 0xff, 0xff, 0xf9, 0x00, 0x00, 0x00,
    0x00, 0x39, 0xef, 0xff, 0xff, 0xff, 0xff, 0xff,
    0xff, 0xff, 0xff, 0xff, 0x50, 0x00, 0x00, 0x00,
    0x00, 0x02, 0x58, 0xbd, 0xff, 0xff, 0xff, 0xff,
    0xff, 0xff, 0xff, 0xd0, 0x00, 0x00, 0x00, 0x00,
    0x00, 0x00, 0x00, 0x03, 0x6a, 0xef, 0xff, 0xff,
    0xff, 0xff, 0xf2, 0x00, 0x00, 0x00, 0x00, 0x00,
    0x00, 0x00, 0x00, 0x00, 0x05, 0xff, 0xff, 0xff,
    0xff, 0xf5, 0x00, 0x00, 0x00, 0x00, 0x00, 0x00,
    0x00, 0x00, 0x00, 0x00, 0x9f, 0xff, 0xff, 0xff,
    0xf6, 0x00, 0x0e, 0x81, 0x00, 0x00, 0x00, 0x00,
    0x00, 0x00, 0x00, 0x9f, 0xff, 0xff, 0xff, 0xf5,
    0x00, 0x7f, 0xff, 0xa4, 0x00, 0x00, 0x00, 0x00,
    0x00, 0x03, 0xff, 0xff, 0xff, 0xff, 0xf3, 0x00,
    0xef, 0xff, 0xff, 0xfc, 0x85, 0x43, 0x22, 0x35,
    0xaf, 0xff, 0xff, 0xff, 0xff, 0xe0, 0x06, 0xff,
    0xff, 0xff, 0xff, 0xff, 0xff, 0xff, 0xff, 0xff,
    0xff, 0xff, 0xff, 0xff, 0x90, 0x0d, 0xff, 0xff,
    0xff, 0xff, 0xff, 0xff, 0xff, 0xff, 0xff, 0xff,
    0xff, 0xff, 0xfe, 0x10, 0x5f, 0xff, 0xff, 0xff,
    0xff, 0xff, 0xff, 0xff, 0xff, 0xff, 0xff, 0xff,
    0xff, 0xf4, 0x00, 0x8f, 0xff, 0xff, 0xff, 0xff,
    0xff, 0xff, 0xff, 0xff, 0xff, 0xff, 0xff, 0xfe,
    0x30, 0x00, 0x04, 0xbf, 0xff, 0xff, 0xff, 0xff,
    0xff, 0xff, 0xff, 0xff, 0xff, 0xff, 0xa2, 0x00,
    0x00, 0x00, 0x02, 0x7c, 0xff, 0xff, 0xff, 0xff,
    0xff, 0xff, 0xff, 0xff, 0xa3, 0x00, 0x00, 0x00,
    0x00, 0x00, 0x00, 0x03, 0x7a, 0xcd, 0xef, 0xfe,
    0xed, 0xa7, 0x40, 0x00, 0x00, 0x00, 0x00,

    /* U+0074 "t" */
    0x00, 0x00, 0x08, 0xff, 0xff, 0xff, 0xff, 0xd0,
    0x00, 0x00, 0x00, 0x00, 0x00, 0x00, 0x00, 0x08,
    0xff, 0xff, 0xff, 0xff, 0xd0, 0x00, 0x00, 0x00,
    0x00, 0x00, 0x00, 0x00, 0x08, 0xff, 0xff, 0xff,
    0xff, 0xd0, 0x00, 0x00, 0x00, 0x00, 0x00, 0x00,
    0x00, 0x08, 0xff, 0xff, 0xff, 0xff, 0xd0, 0x00,
    0x00, 0x00, 0x00, 0x00, 0x00, 0x00, 0x08, 0xff,
    0xff, 0xff, 0xff, 0xd0, 0x00, 0x00, 0x00, 0x00,
    0x00, 0x00, 0x00, 0x08, 0xff, 0xff, 0xff, 0xff,
    0xd0, 0x00, 0x00, 0x00, 0x00, 0x00, 0x00, 0x00,
    0x08, 0xff, 0xff, 0xff, 0xff, 0xd0, 0x00, 0x00,
    0x00, 0x00, 0x00, 0x8f, 0xff, 0xff, 0xff, 0xff,
    0xff, 0xff, 0xff, 0xff, 0xff, 0xff, 0xd0, 0x00,
    0x8f, 0xff, 0xff, 0xff, 0xff, 0xff, 0xff, 0xff,
    0xff, 0xff, 0xff, 0xd0, 0x00, 0x8f, 0xff, 0xff,
    0xff, 0xff, 0xff, 0xff, 0xff, 0xff, 0xff, 0xff,
    0xd0, 0x00, 0x8f, 0xff, 0xff, 0xff, 0xff, 0xff,
    0xff, 0xff, 0xff, 0xff, 0xff, 0xd0, 0x00, 0x8f,
    0xff, 0xff, 0xff, 0xff, 0xff, 0xff, 0xff, 0xff,
    0xff, 0xff, 0xd0, 0x00, 0x8f, 0xff, 0xff, 0xff,
    0xff, 0xff, 0xff, 0xff, 0xff, 0xff, 0xff, 0xd0,
    0x00, 0x8f, 0xff, 0xff, 0xff, 0xff, 0xff, 0xff,
    0xff, 0xff, 0xff, 0xff, 0xd0, 0x00, 0x24, 0x44,
    0x4a, 0xff, 0xff, 0xff, 0xff, 0xd4, 0x44, 0x44,
    0x44, 0x30, 0x00, 0x00, 0x00, 0x08, 0xff, 0xff,
    0xff, 0xff, 0xd0, 0x00, 0x00, 0x00, 0x00, 0x00,
    0x00, 0x00, 0x08, 0xff, 0xff, 0xff, 0xff, 0xd0,
    0x00, 0x00, 0x00, 0x00, 0x00, 0x00, 0x00, 0x08,
    0xff, 0xff, 0xff, 0xff, 0xd0, 0x00, 0x00, 0x00,
    0x00, 0x00, 0x00, 0x00, 0x08, 0xff, 0xff, 0xff,
    0xff, 0xd0, 0x00, 0x00, 0x00, 0x00, 0x00, 0x00,
    0x00, 0x08, 0xff, 0xff, 0xff, 0xff, 0xd0, 0x00,
    0x00, 0x00, 0x00, 0x00, 0x00, 0x00, 0x08, 0xff,
    0xff, 0xff, 0xff, 0xd0, 0x00, 0x00, 0x00, 0x00,
    0x00, 0x00, 0x00, 0x08, 0xff, 0xff, 0xff, 0xff,
    0xd0, 0x00, 0x00, 0x00, 0x00, 0x00, 0x00, 0x00,
    0x08, 0xff, 0xff, 0xff, 0xff, 0xd0, 0x00, 0x00,
    0x00, 0x00, 0x00, 0x00, 0x00, 0x08, 0xff, 0xff,
    0xff, 0xff, 0xd0, 0x00, 0x00, 0x00, 0x00, 0x00,
    0x00, 0x00, 0x08, 0xff, 0xff, 0xff, 0xff, 0xd0,
    0x00, 0x00, 0x00, 0x00, 0x00, 0x00, 0x00, 0x08,
    0xff, 0xff, 0xff, 0xff, 0xd0, 0x00, 0x00, 0x00,
    0x00, 0x00, 0x00, 0x00, 0x08, 0xff, 0xff, 0xff,
    0xff, 0xd0, 0x00, 0x00, 0x00, 0x00, 0x00, 0x00,
    0x00, 0x08, 0xff, 0xff, 0xff, 0xff, 0xd0, 0x00,
    0x00, 0x00, 0x00, 0x00, 0x00, 0x00, 0x08, 0xff,
    0xff, 0xff, 0xff, 0xd0, 0x00, 0x00, 0x00, 0x00,
    0x00, 0x00, 0x00, 0x07, 0xff, 0xff, 0xff, 0xff,
    0xf0, 0x00, 0x00, 0x00, 0x00, 0x00, 0x00, 0x00,
    0x06, 0xff, 0xff, 0xff, 0xff, 0xf4, 0x00, 0x00,
    0x00, 0x00, 0x00, 0x00, 0x00, 0x03, 0xff, 0xff,
    0xff, 0xff, 0xfe, 0x20, 0x00, 0x01, 0x60, 0x00,
    0x00, 0x00, 0x00, 0xff, 0xff, 0xff, 0xff, 0xff,
    0xfa, 0x88, 0xbf, 0xf1, 0x00, 0x00, 0x00, 0x00,
    0xbf, 0xff, 0xff, 0xff, 0xff, 0xff, 0xff, 0xff,
    0xf7, 0x00, 0x00, 0x00, 0x00, 0x3f, 0xff, 0xff,
    0xff, 0xff, 0xff, 0xff, 0xff, 0xfd, 0x00, 0x00,
    0x00, 0x00, 0x0a, 0xff, 0xff, 0xff, 0xff, 0xff,
    0xff, 0xff, 0xff, 0x30, 0x00, 0x00, 0x00, 0x00,
    0xdf, 0xff, 0xff, 0xff, 0xff, 0xff, 0xff, 0xff,
    0x90, 0x00, 0x00, 0x00, 0x00, 0x1b, 0xff, 0xff,
    0xff, 0xff, 0xff, 0xff, 0xff, 0xf0, 0x00, 0x00,
    0x00, 0x00, 0x00, 0x6d, 0xff, 0xff, 0xff, 0xff,
    0xff, 0xfd, 0x40, 0x00, 0x00, 0x00, 0x00, 0x00,
    0x00, 0x48, 0xbd, 0xef, 0xfd, 0xb8, 0x30, 0x00,

    /* U+0075 "u" */
    0xdf, 0xff, 0xff, 0xff, 0xf8, 0x00, 0x00, 0x00,
    0x00, 0x00, 0x00, 0x08, 0xff, 0xff, 0xff, 0xff,
    0xdd, 0xff, 0xff, 0xff, 0xff, 0x80, 0x00, 0x00,
    0x00, 0x00, 0x00, 0x00, 0x8f, 0xff, 0xff, 0xff,
    0xfd, 0xdf, 0xff, 0xff, 0xff, 0xf8, 0x00, 0x00,
    0x00, 0x00, 0x00, 0x00, 0x08, 0xff, 0xff, 0xff,
    0xff, 0xdd, 0xff, 0xff, 0xff, 0xff, 0x80, 0x00,
    0x00, 0x00, 0x00, 0x00, 0x00, 0x8f, 0xff, 0xff,
    0xff, 0xfd, 0xdf, 0xff, 0xff, 0xff, 0xf8, 0x00,
    0x00, 0x00, 0x00, 0x00, 0x00, 0x08, 0xff, 0xff,
    0xff, 0xff, 0xdd, 0xff, 0xff, 0xff, 0xff, 0x80,
    0x00, 0x00, 0x00, 0x00, 0x00, 0x00, 0x8f, 0xff,
    0xff, 0xff, 0xfd, 0xdf, 0xff, 0xff, 0xff, 0xf8,
    0x00, 0x00, 0x00, 0x00, 0x00, 0x00, 0x08, 0xff,
    0xff, 0xff, 0xff, 0xdd, 0xff, 0xff, 0xff, 0xff,
    0x80, 0x00, 0x00, 0x00, 0x00, 0x00, 0x00, 0x8f,
    0xff, 0xff, 0xff, 0xfd, 0xdf, 0xff, 0xff, 0xff,
    0xf8, 0x00, 0x00, 0x00, 0x00, 0x00, 0x00, 0x08,
    0xff, 0xff, 0xff, 0xff, 0xdd, 0xff, 0xff, 0xff,
    0xff, 0x80, 0x00, 0x00, 0x00, 0x00, 0x00, 0x00,
    0x8f, 0xff, 0xff, 0xff, 0xfd, 0xdf, 0xff, 0xff,
    0xff, 0xf8, 0x00, 0x00, 0x00, 0x00, 0x00, 0x00,
    0x08, 0xff, 0xff, 0xff, 0xff, 0xdd, 0xff, 0xff,
    0xff, 0xff, 0x80, 0x00, 0x00, 0x00, 0x00, 0x00,
    0x00, 0x8f, 0xff, 0xff, 0xff, 0xfd, 0xdf, 0xff,
    0xff, 0xff, 0xf8, 0x00, 0x00, 0x00, 0x00, 0x00,
    0x00, 0x08, 0xff, 0xff, 0xff, 0xff, 0xdd, 0xff,
    0xff, 0xff, 0xff, 0x80, 0x00, 0x00, 0x00, 0x00,
    0x00, 0x00, 0x8f, 0xff, 0xff, 0xff, 0xfd, 0xdf,
    0xff, 0xff, 0xff, 0xf8, 0x00, 0x00, 0x00, 0x00,
    0x00, 0x00, 0x08, 0xff, 0xff, 0xff, 0xff, 0xdd,
    0xff, 0xff, 0xff, 0xff, 0x80, 0x00, 0x00, 0x00,
    0x00, 0x00, 0x00, 0x8f, 0xff, 0xff, 0xff, 0xfd,
    0xdf, 0xff, 0xff, 0xff, 0xf8, 0x00, 0x00, 0x00,
    0x00, 0x00, 0x00, 0x08, 0xff, 0xff, 0xff, 0xff,
    0xdd, 0xff, 0xff, 0xff, 0xff, 0x80, 0x00, 0x00,
    0x00, 0x00, 0x00, 0x00, 0x9f, 0xff, 0xff, 0xff,
    0xfd, 0xdf, 0xff, 0xff, 0xff, 0xf9, 0x00, 0x00,
    0x00, 0x00, 0x00, 0x00, 0x0b, 0xff, 0xff, 0xff,
    0xff, 0xdc, 0xff, 0xff, 0xff, 0xff, 0xb0, 0x00,
    0x00, 0x00, 0x00, 0x00, 0x00, 0xef, 0xff, 0xff,
    0xff, 0xfd, 0xcf, 0xff, 0xff, 0xff, 0xfe, 0x00,
    0x00, 0x00, 0x00, 0x00, 0x00, 0x4f, 0xff, 0xff,
    0xff, 0xff, 0xda, 0xff, 0xff, 0xff, 0xff, 0xf4,
    0x00, 0x00, 0x00, 0x00, 0x00, 0x0b, 0xff, 0xff,
    0xff, 0xff, 0xfd, 0x7f, 0xff, 0xff, 0xff, 0xff,
    0xd0, 0x00, 0x00, 0x00, 0x00, 0x07, 0xff, 0xff,
    0xff, 0xff, 0xff, 0xd4, 0xff, 0xff, 0xff, 0xff,
    0xff, 0xb1, 0x00, 0x00, 0x00, 0x09, 0xff, 0xff,
    0xff, 0xff, 0xff, 0xfd, 0x0f, 0xff, 0xff, 0xff,
    0xff, 0xff, 0xf9, 0x43, 0x34, 0x8e, 0xff, 0xff,
    0xff, 0xff, 0xff, 0xff, 0xd0, 0x9f, 0xff, 0xff,
    0xff, 0xff, 0xff, 0xff, 0xff, 0xff, 0xff, 0xff,
    0xff, 0xff, 0xff, 0xff, 0xfd, 0x02, 0xff, 0xff,
    0xff, 0xff, 0xff, 0xff, 0xff, 0xff, 0xff, 0xff,
    0xff, 0xff, 0xff, 0xff, 0xff, 0xd0, 0x09, 0xff,
    0xff, 0xff, 0xff, 0xff, 0xff, 0xff, 0xff, 0xff,
    0xff, 0xff, 0xff, 0xff, 0xff, 0xfd, 0x00, 0x0c,
    0xff, 0xff, 0xff, 0xff, 0xff, 0xff, 0xff, 0xff,
    0xff, 0xff, 0xff, 0xff, 0xff, 0xff, 0xd0, 0x00,
    0x1d, 0xff, 0xff, 0xff, 0xff, 0xff, 0xff, 0xff,
    0xff, 0xff, 0x6f, 0xff, 0xff, 0xff, 0xfd, 0x00,
    0x00, 0x0a, 0xff, 0xff, 0xff, 0xff, 0xff, 0xff,
    0xff, 0xfe, 0x30, 0xff, 0xff, 0xff, 0xff, 0xd0,
    0x00, 0x00, 0x04, 0xbf, 0xff, 0xff, 0xff, 0xff,
    0xff, 0xe7, 0x00, 0x0f, 0xff, 0xff, 0xff, 0xfd,
    0x00, 0x00, 0x00, 0x00, 0x26, 0xad, 0xef, 0xfe,
    0xc9, 0x50, 0x00, 0x00, 0xff, 0xff, 0xff, 0xff,
    0xd0,

    /* U+0076 "v" */
    0x4f, 0xff, 0xff, 0xff, 0xff, 0x60, 0x00, 0x00,
    0x00, 0x00, 0x00, 0x00, 0x00, 0x00, 0xdf, 0xff,
    0xff, 0xff, 0xf2, 0x0d, 0xff, 0xff, 0xff, 0xff,
    0xc0, 0x00, 0x00, 0x00, 0x00, 0x00, 0x00, 0x00,
    0x04, 0xff, 0xff, 0xff, 0xff, 0xb0, 0x07, 0xff,
    0xff, 0xff, 0xff, 0xf2, 0x00, 0x00, 0x00, 0x00,
    0x00, 0x00, 0x00, 0x0a, 0xff, 0xff, 0xff, 0xff,
    0x50, 0x01, 0xff, 0xff, 0xff, 0xff, 0xf9, 0x00,
    0x00, 0x00, 0x00, 0x00, 0x00, 0x00, 0x1f, 0xff,
    0xff, 0xff, 0xfe, 0x00, 0x00, 0xaf, 0xff, 0xff,
    0xff, 0xff, 0x00, 0x00, 0x00, 0x00, 0x00, 0x00,
    0x00, 0x7f, 0xff, 0xff, 0xff, 0xf8, 0x00, 0x00,
    0x3f, 0xff, 0xff, 0xff, 0xff, 0x60, 0x00, 0x00,
    0x00, 0x00, 0x00, 0x00, 0xef, 0xff, 0xff, 0xff,
    0xf1, 0x00, 0x00, 0x0d, 0xff, 0xff, 0xff, 0xff,
    0xc0, 0x00, 0x00, 0x00, 0x00, 0x00, 0x05, 0xff,
    0xff, 0xff, 0xff, 0xa0, 0x00, 0x00, 0x06, 0xff,
    0xff, 0xff, 0xff, 0xf2, 0x00, 0x00, 0x00, 0x00,
    0x00, 0x0b, 0xff, 0xff, 0xff, 0xff, 0x40, 0x00,
    0x00, 0x00, 0xff, 0xff, 0xff, 0xff, 0xf9, 0x00,
    0x00, 0x00, 0x00, 0x00, 0x2f, 0xff, 0xff, 0xff,
    0xfd, 0x00, 0x00, 0x00, 0x00, 0x9f, 0xff, 0xff,
    0xff, 0xfe, 0x00, 0x00, 0x00, 0x00, 0x00, 0x8f,
    0xff, 0xff, 0xff, 0xf6, 0x00, 0x00, 0x00, 0x00,
    0x2f, 0xff, 0xff, 0xff, 0xff, 0x50, 0x00, 0x00,
    0x00, 0x00, 0xef, 0xff, 0xff, 0xff, 0xf1, 0x00,
    0x00, 0x00, 0x00, 0x0c, 0xff, 0xff, 0xff, 0xff,
    0xc0, 0x00, 0x00, 0x00, 0x05, 0xff, 0xff, 0xff,
    0xff, 0x90, 0x00, 0x00, 0x00, 0x00, 0x05, 0xff,
    0xff, 0xff, 0xff, 0xf2, 0x00, 0x00, 0x00, 0x0c,
    0xff, 0xff, 0xff, 0xff, 0x30, 0x00, 0x00, 0x00,
    0x00, 0x00, 0xef, 0xff, 0xff, 0xff, 0xf8, 0x00,
    0x00, 0x00, 0x3f, 0xff, 0xff, 0xff, 0xfc, 0x00,
    0x00, 0x00, 0x00, 0x00, 0x00, 0x8f, 0xff, 0xff,
    0xff, 0xfe, 0x00, 0x00, 0x00, 0x9f, 0xff, 0xff,
    0xff, 0xf5, 0x00, 0x00, 0x00, 0x00, 0x00, 0x00,
    0x2f, 0xff, 0xff, 0xff, 0xff, 0x50, 0x00, 0x00,
    0xff, 0xff, 0xff, 0xff, 0xe0, 0x00, 0x00, 0x00,
    0x00, 0x00, 0x00, 0x0b, 0xff, 0xff, 0xff, 0xff,
    0xc0, 0x00, 0x06, 0xff, 0xff, 0xff, 0xff, 0x80,
    0x00, 0x00, 0x00, 0x00, 0x00, 0x00, 0x04, 0xff,
    0xff, 0xff, 0xff, 0xf2, 0x00, 0x0d, 0xff, 0xff,
    0xff, 0xff, 0x20, 0x00, 0x00, 0x00, 0x00, 0x00,
    0x00, 0x00, 0xdf, 0xff, 0xff, 0xff, 0xf8, 0x00,
    0x4f, 0xff, 0xff, 0xff, 0xfb, 0x00, 0x00, 0x00,
    0x00, 0x00, 0x00, 0x00, 0x00, 0x7f, 0xff, 0xff,
    0xff, 0xfe, 0x00, 0xaf, 0xff, 0xff, 0xff, 0xf4,
    0x00, 0x00, 0x00, 0x00, 0x00, 0x00, 0x00, 0x00,
    0x1f, 0xff, 0xff, 0xff, 0xff, 0x51, 0xff, 0xff,
    0xff, 0xff, 0xe0, 0x00, 0x00, 0x00, 0x00, 0x00,
    0x00, 0x00, 0x00, 0x0a, 0xff, 0xff, 0xff, 0xff,
    0xb7, 0xff, 0xff, 0xff, 0xff, 0x70, 0x00, 0x00,
    0x00, 0x00, 0x00, 0x00, 0x00, 0x00, 0x03, 0xff,
    0xff, 0xff, 0xff, 0xfe, 0xff, 0xff, 0xff, 0xff,
    0x10, 0x00, 0x00, 0x00, 0x00, 0x00, 0x00, 0x00,
    0x00, 0x00, 0xdf, 0xff, 0xff, 0xff, 0xff, 0xff,
    0xff, 0xff, 0xfa, 0x00, 0x00, 0x00, 0x00, 0x00,
    0x00, 0x00, 0x00, 0x00, 0x00, 0x6f, 0xff, 0xff,
    0xff, 0xff, 0xff, 0xff, 0xff, 0xf3, 0x00, 0x00,
    0x00, 0x00, 0x00, 0x00, 0x00, 0x00, 0x00, 0x00,
    0x0f, 0xff, 0xff, 0xff, 0xff, 0xff, 0xff, 0xff,
    0xd0, 0x00, 0x00, 0x00, 0x00, 0x00, 0x00, 0x00,
    0x00, 0x00, 0x00, 0x09, 0xff, 0xff, 0xff, 0xff,
    0xff, 0xff, 0xff, 0x60, 0x00, 0x00, 0x00, 0x00,
    0x00, 0x00, 0x00, 0x00, 0x00, 0x00, 0x02, 0xff,
    0xff, 0xff, 0xff, 0xff, 0xff, 0xff, 0x00, 0x00,
    0x00, 0x00, 0x00, 0x00, 0x00, 0x00, 0x00, 0x00,
    0x00, 0x00, 0xcf, 0xff, 0xff, 0xff, 0xff, 0xff,
    0xf9, 0x00, 0x00, 0x00, 0x00, 0x00, 0x00, 0x00,
    0x00, 0x00, 0x00, 0x00, 0x00, 0x5f, 0xff, 0xff,
    0xff, 0xff, 0xff, 0xf2, 0x00, 0x00, 0x00, 0x00,
    0x00, 0x00, 0x00, 0x00, 0x00, 0x00, 0x00, 0x00,
    0x0e, 0xff, 0xff, 0xff, 0xff, 0xff, 0xc0, 0x00,
    0x00, 0x00, 0x00, 0x00, 0x00, 0x00, 0x00, 0x00,
    0x00, 0x00, 0x00, 0x08, 0xff, 0xff, 0xff, 0xff,
    0xff, 0x50, 0x00, 0x00, 0x00, 0x00, 0x00, 0x00,
    0x00, 0x00, 0x00, 0x00, 0x00, 0x00, 0x02, 0xff,
    0xff, 0xff, 0xff, 0xfe, 0x00, 0x00, 0x00, 0x00,
    0x00, 0x00, 0x00,

    /* U+0077 "w" */
    0xcf, 0xff, 0xff, 0xff, 0xf1, 0x00, 0x00, 0x00,
    0x00, 0x00, 0x00, 0x00, 0xcf, 0xff, 0xff, 0xff,
    0x80, 0x00, 0x00, 0x00, 0x00, 0x00, 0x00, 0x04,
    0xff, 0xff, 0xff, 0xff, 0x06, 0xff, 0xff, 0xff,
    0xff, 0x60, 0x00, 0x00, 0x00, 0x00, 0x00, 0x00,
    0x1f, 0xff, 0xff, 0xff, 0xfd, 0x00, 0x00, 0x00,
    0x00, 0x00, 0x00, 0x00, 0xaf, 0xff, 0xff, 0xff,
    0x90, 0x1f, 0xff, 0xff, 0xff, 0xfb, 0x00, 0x00,
    0x00, 0x00, 0x00, 0x00, 0x07, 0xff, 0xff, 0xff,
    0xff, 0xf3, 0x00, 0x00, 0x00, 0x00, 0x00, 0x00,
    0x0f, 0xff, 0xff, 0xff, 0xf4, 0x00, 0xbf, 0xff,
    0xff, 0xff, 0xf1, 0x00, 0x00, 0x00, 0x00, 0x00,
    0x00, 0xdf, 0xff, 0xff, 0xff, 0xff, 0x80, 0x00,
    0x00, 0x00, 0x00, 0x00, 0x05, 0xff, 0xff, 0xff,
    0xfe, 0x00, 0x05, 0xff, 0xff, 0xff, 0xff, 0x60,
    0x00, 0x00, 0x00, 0x00, 0x00, 0x2f, 0xff, 0xff,
    0xff, 0xff, 0xfe, 0x00, 0x00, 0x00, 0x00, 0x00,
    0x00, 0xbf, 0xff, 0xff, 0xff, 0x80, 0x00, 0x0f,
    0xff, 0xff, 0xff, 0xfc, 0x00, 0x00, 0x00, 0x00,
    0x00, 0x08, 0xff, 0xff, 0xff, 0xff, 0xff, 0xf3,
    0x00, 0x00, 0x00, 0x00, 0x00, 0x1f, 0xff, 0xff,
    0xff, 0xf3, 0x00, 0x00, 0xaf, 0xff, 0xff, 0xff,
    0xf1, 0x00, 0x00, 0x00, 0x00, 0x00, 0xef, 0xff,
    0xff, 0xff, 0xff, 0xff, 0x90, 0x00, 0x00, 0x00,
    0x00, 0x06, 0xff, 0xff, 0xff, 0xfd, 0x00, 0x00,
    0x04, 0xff, 0xff, 0xff, 0xff, 0x60, 0x00, 0x00,
    0x00, 0x00, 0x3f, 0xff, 0xff, 0xff, 0xff, 0xff,
    0xfe, 0x00, 0x00, 0x00, 0x00, 0x00, 0xcf, 0xff,
    0xff, 0xff, 0x70, 0x00, 0x00, 0x0e, 0xff, 0xff,
    0xff, 0xfc, 0x00, 0x00, 0x00, 0x00, 0x09, 0xff,
    0xff, 0xff, 0xff, 0xff, 0xff, 0xf4, 0x00, 0x00,
    0x00, 0x00, 0x1f, 0xff, 0xff, 0xff, 0xf2, 0x00,
    0x00, 0x00, 0x9f, 0xff, 0xff, 0xff, 0xf1, 0x00,
    0x00, 0x00, 0x00, 0xef, 0xff, 0xff, 0xff, 0xff,
    0xff, 0xff, 0x90, 0x00, 0x00, 0x00, 0x07, 0xff,
    0xff, 0xff, 0xfc, 0x00, 0x00, 0x00, 0x03, 0xff,
    0xff, 0xff, 0xff, 0x70, 0x00, 0x00, 0x00, 0x4f,
    0xff, 0xff, 0xff, 0xff, 0xff, 0xff, 0xfe, 0x00,
    0x00, 0x00, 0x00, 0xdf, 0xff, 0xff, 0xff, 0x60,
    0x00, 0x00, 0x00, 0x0e, 0xff, 0xff, 0xff, 0xfc,
    0x00, 0x00, 0x00, 0x0a, 0xff, 0xff, 0xff, 0xff,
    0xff, 0xff, 0xff, 0xf4, 0x00, 0x00, 0x00, 0x2f,
    0xff, 0xff, 0xff, 0xf1, 0x00, 0x00, 0x00, 0x00,
    0x8f, 0xff, 0xff, 0xff, 0xf2, 0x00, 0x00, 0x00,
    0xff, 0xff, 0xff, 0xff, 0xef, 0xff, 0xff, 0xff,
    0xa0, 0x00, 0x00, 0x08, 0xff, 0xff, 0xff, 0xfb,
    0x00, 0x00, 0x00, 0x00, 0x02, 0xff, 0xff, 0xff,
    0xff, 0x70, 0x00, 0x00, 0x5f, 0xff, 0xff, 0xff,
    0xd6, 0xff, 0xff, 0xff, 0xff, 0x00, 0x00, 0x00,
    0xdf, 0xff, 0xff, 0xff, 0x50, 0x00, 0x00, 0x00,
    0x00, 0x0d, 0xff, 0xff, 0xff, 0xfd, 0x00, 0x00,
    0x0b, 0xff, 0xff, 0xff, 0xf7, 0x1f, 0xff, 0xff,
    0xff, 0xf4, 0x00, 0x00, 0x3f, 0xff, 0xff, 0xff,
    0xf0, 0x00, 0x00, 0x00, 0x00, 0x00, 0x7f, 0xff,
    0xff, 0xff, 0xf2, 0x00, 0x01, 0xff, 0xff, 0xff,
    0xff, 0x10, 0xbf, 0xff, 0xff, 0xff, 0xa0, 0x00,
    0x09, 0xff, 0xff, 0xff, 0xfa, 0x00, 0x00, 0x00,
    0x00, 0x00, 0x01, 0xff, 0xff, 0xff, 0xff, 0x80,
    0x00, 0x6f, 0xff, 0xff, 0xff, 0xb0, 0x05, 0xff,
    0xff, 0xff, 0xff, 0x00, 0x00, 0xef, 0xff, 0xff,
    0xff, 0x40, 0x00, 0x00, 0x00, 0x00, 0x00, 0x0c,
    0xff, 0xff, 0xff, 0xfd, 0x00, 0x0c, 0xff, 0xff,
    0xff, 0xf5, 0x00, 0x0f, 0xff, 0xff, 0xff, 0xf5,
    0x00, 0x4f, 0xff, 0xff, 0xff, 0xe0, 0x00, 0x00,
    0x00, 0x00, 0x00, 0x00, 0x6f, 0xff, 0xff, 0xff,
    0xf3, 0x02, 0xff, 0xff, 0xff, 0xff, 0x00, 0x00,
    0xaf, 0xff, 0xff, 0xff, 0xa0, 0x09, 0xff, 0xff,
    0xff, 0xf9, 0x00, 0x00, 0x00, 0x00, 0x00, 0x00,
    0x01, 0xff, 0xff, 0xff, 0xff, 0x80, 0x7f, 0xff,
    0xff, 0xff, 0xa0, 0x00, 0x05, 0xff, 0xff, 0xff,
    0xff, 0x00, 0xff, 0xff, 0xff, 0xff, 0x30, 0x00,
    0x00, 0x00, 0x00, 0x00, 0x00, 0x0b, 0xff, 0xff,
    0xff, 0xfd, 0x0d, 0xff, 0xff, 0xff, 0xf4, 0x00,
    0x00, 0x0e, 0xff, 0xff, 0xff, 0xf5, 0x5f, 0xff,
    0xff, 0xff, 0xe0, 0x00, 0x00, 0x00, 0x00, 0x00,
    0x00, 0x00, 0x5f, 0xff, 0xff, 0xff, 0xf6, 0xff,
    0xff, 0xff, 0xfe, 0x00, 0x00, 0x00, 0x9f, 0xff,
    0xff, 0xff, 0xba, 0xff, 0xff, 0xff, 0xf8, 0x00,
    0x00, 0x00, 0x00, 0x00, 0x00, 0x00, 0x00, 0xff,
    0xff, 0xff, 0xff, 0xff, 0xff, 0xff, 0xff, 0x80,
    0x00, 0x00, 0x04, 0xff, 0xff, 0xff, 0xff, 0xff,
    0xff, 0xff, 0xff, 0x20, 0x00, 0x00, 0x00, 0x00,
    0x00, 0x00, 0x00, 0x0a, 0xff, 0xff, 0xff, 0xff,
    0xff, 0xff, 0xff, 0xf2, 0x00, 0x00, 0x00, 0x0e,
    0xff, 0xff, 0xff, 0xff, 0xff, 0xff, 0xff, 0xd0,
    0x00, 0x00, 0x00, 0x00, 0x00, 0x00, 0x00, 0x00,
    0x4f, 0xff, 0xff, 0xff, 0xff, 0xff, 0xff, 0xfc,
    0x00, 0x00, 0x00, 0x00, 0x8f, 0xff, 0xff, 0xff,
    0xff, 0xff, 0xff, 0xf7, 0x00, 0x00, 0x00, 0x00,
    0x00, 0x00, 0x00, 0x00, 0x00, 0xef, 0xff, 0xff,
    0xff, 0xff, 0xff, 0xff, 0x70, 0x00, 0x00, 0x00,
    0x03, 0xff, 0xff, 0xff, 0xff, 0xff, 0xff, 0xff,
    0x10, 0x00, 0x00, 0x00, 0x00, 0x00, 0x00, 0x00,
    0x00, 0x09, 0xff, 0xff, 0xff, 0xff, 0xff, 0xff,
    0xf1, 0x00, 0x00, 0x00, 0x00, 0x0d, 0xff, 0xff,
    0xff, 0xff, 0xff, 0xff, 0xc0, 0x00, 0x00, 0x00,
    0x00, 0x00, 0x00, 0x00, 0x00, 0x00, 0x3f, 0xff,
    0xff, 0xff, 0xff, 0xff, 0xfb, 0x00, 0x00, 0x00,
    0x00, 0x00, 0x7f, 0xff, 0xff, 0xff, 0xff, 0xff,
    0xf6, 0x00, 0x00, 0x00, 0x00, 0x00, 0x00, 0x00,
    0x00, 0x00, 0x00, 0xef, 0xff, 0xff, 0xff, 0xff,
    0xff, 0x50, 0x00, 0x00, 0x00, 0x00, 0x02, 0xff,
    0xff, 0xff, 0xff, 0xff, 0xff, 0x10, 0x00, 0x00,
    0x00, 0x00, 0x00, 0x00, 0x00, 0x00, 0x00, 0x08,
    0xff, 0xff, 0xff, 0xff, 0xff, 0xf0, 0x00, 0x00,
    0x00, 0x00, 0x00, 0x0c, 0xff, 0xff, 0xff, 0xff,
    0xff, 0xb0, 0x00, 0x00, 0x00, 0x00, 0x00, 0x00,
    0x00, 0x00, 0x00, 0x00, 0x2f, 0xff, 0xff, 0xff,
    0xff, 0xf9, 0x00, 0x00, 0x00, 0x00, 0x00, 0x00,
    0x6f, 0xff, 0xff, 0xff, 0xff, 0xf5, 0x00, 0x00,
    0x00, 0x00, 0x00, 0x00, 0x00, 0x00, 0x00, 0x00,
    0x00, 0xdf, 0xff, 0xff, 0xff, 0xff, 0x30, 0x00,
    0x00, 0x00, 0x00, 0x00, 0x01, 0xff, 0xff, 0xff,
    0xff, 0xff, 0x00, 0x00, 0x00, 0x00, 0x00, 0x00,
    0x00, 0x00, 0x00, 0x00, 0x00, 0x07, 0xff, 0xff,
    0xff, 0xff, 0xe0, 0x00, 0x00, 0x00, 0x00, 0x00,
    0x00, 0x0b, 0xff, 0xff, 0xff, 0xff, 0xa0, 0x00,
    0x00, 0x00, 0x00, 0x00, 0x00,

    /* U+0078 "x" */
    0x1e, 0xff, 0xff, 0xff, 0xff, 0xf8, 0x00, 0x00,
    0x00, 0x00, 0x00, 0x00, 0x5f, 0xff, 0xff, 0xff,
    0xff, 0x90, 0x04, 0xff, 0xff, 0xff, 0xff, 0xff,
    0x30, 0x00, 0x00, 0x00, 0x00, 0x02, 0xff, 0xff,
    0xff, 0xff, 0xfd, 0x00, 0x00, 0x8f, 0xff, 0xff,
    0xff, 0xff, 0xd0, 0x00, 0x00, 0x00, 0x00, 0x0c,
    0xff, 0xff, 0xff, 0xff, 0xf2, 0x00, 0x00, 0x0c,
    0xff, 0xff, 0xff, 0xff, 0xfa, 0x00, 0x00, 0x00,
    0x00, 0x8f, 0xff, 0xff, 0xff, 0xff, 0x60, 0x00,
    0x00, 0x01, 0xef, 0xff, 0xff, 0xff, 0xff, 0x50,
    0x00, 0x00, 0x04, 0xff, 0xff, 0xff, 0xff, 0xfa,
    0x00, 0x00, 0x00, 0x00, 0x5f, 0xff, 0xff, 0xff,
    0xff, 0xf2, 0x00, 0x00, 0x1e, 0xff, 0xff, 0xff,
    0xff, 0xd0, 0x00, 0x00, 0x00, 0x00, 0x09, 0xff,
    0xff, 0xff, 0xff, 0xfc, 0x00, 0x00, 0xbf, 0xff,
    0xff, 0xff, 0xff, 0x20, 0x00, 0x00, 0x00, 0x00,
    0x00, 0xdf, 0xff, 0xff, 0xff, 0xff, 0x70, 0x07,
    0xff, 0xff, 0xff, 0xff, 0xf6, 0x00, 0x00, 0x00,
    0x00, 0x00, 0x00, 0x2f, 0xff, 0xff, 0xff, 0xff,
    0xf3, 0x3f, 0xff, 0xff, 0xff, 0xff, 0xa0, 0x00,
    0x00, 0x00, 0x00, 0x00, 0x00, 0x06, 0xff, 0xff,
    0xff, 0xff, 0xfd, 0xdf, 0xff, 0xff, 0xff, 0xfd,
    0x00, 0x00, 0x00, 0x00, 0x00, 0x00, 0x00, 0x00,
    0xaf, 0xff, 0xff, 0xff, 0xff, 0xff, 0xff, 0xff,
    0xff, 0xf3, 0x00, 0x00, 0x00, 0x00, 0x00, 0x00,
    0x00, 0x00, 0x0d, 0xff, 0xff, 0xff, 0xff, 0xff,
    0xff, 0xff, 0xff, 0x60, 0x00, 0x00, 0x00, 0x00,
    0x00, 0x00, 0x00, 0x00, 0x03, 0xff, 0xff, 0xff,
    0xff, 0xff, 0xff, 0xff, 0xfa, 0x00, 0x00, 0x00,
    0x00, 0x00, 0x00, 0x00, 0x00, 0x00, 0x00, 0x7f,
    0xff, 0xff, 0xff, 0xff, 0xff, 0xff, 0xd1, 0x00,
    0x00, 0x00, 0x00, 0x00, 0x00, 0x00, 0x00, 0x00,
    0x00, 0x0b, 0xff, 0xff, 0xff, 0xff, 0xff, 0xff,
    0x30, 0x00, 0x00, 0x00, 0x00, 0x00, 0x00, 0x00,
    0x00, 0x00, 0x00, 0x01, 0xef, 0xff, 0xff, 0xff,
    0xff, 0xf7, 0x00, 0x00, 0x00, 0x00, 0x00, 0x00,
    0x00, 0x00, 0x00, 0x00, 0x00, 0x00, 0x8f, 0xff,
    0xff, 0xff, 0xff, 0xf4, 0x00, 0x00, 0x00, 0x00,
    0x00, 0x00, 0x00, 0x00, 0x00, 0x00, 0x00, 0x03,
    0xff, 0xff, 0xff, 0xff, 0xff, 0xfe, 0x10, 0x00,
    0x00, 0x00, 0x00, 0x00, 0x00, 0x00, 0x00, 0x00,
    0x00, 0x1d, 0xff, 0xff, 0xff, 0xff, 0xff, 0xff,
    0xb0, 0x00, 0x00, 0x00, 0x00, 0x00, 0x00, 0x00,
    0x00, 0x00, 0x00, 0xaf, 0xff, 0xff, 0xff, 0xff,
    0xff, 0xff, 0xf7, 0x00, 0x00, 0x00, 0x00, 0x00,
    0x00, 0x00, 0x00, 0x00, 0x06, 0xff, 0xff, 0xff,
    0xff, 0xff, 0xff, 0xff, 0xff, 0x30, 0x00, 0x00,
    0x00, 0x00, 0x00, 0x00, 0x00, 0x00, 0x3f, 0xff,
    0xff, 0xff, 0xff, 0xff, 0xff, 0xff, 0xff, 0xe1,
    0x00, 0x00, 0x00, 0x00, 0x00, 0x00, 0x00, 0x00,
    0xdf, 0xff, 0xff, 0xff, 0xff, 0xff, 0xff, 0xff,
    0xff, 0xfb, 0x00, 0x00, 0x00, 0x00, 0x00, 0x00,
    0x00, 0x0a, 0xff, 0xff, 0xff, 0xff, 0xf6, 0xdf,
    0xff, 0xff, 0xff, 0xff, 0x60, 0x00, 0x00, 0x00,
    0x00, 0x00, 0x00, 0x6f, 0xff, 0xff, 0xff, 0xff,
    0xa0, 0x2f, 0xff, 0xff, 0xff, 0xff, 0xf3, 0x00,
    0x00, 0x00, 0x00, 0x00, 0x03, 0xff, 0xff, 0xff,
    0xff, 0xfd, 0x00, 0x06, 0xff, 0xff, 0xff, 0xff,
    0xfd, 0x00, 0x00, 0x00, 0x00, 0x00, 0x0d, 0xff,
    0xff, 0xff, 0xff, 0xf3, 0x00, 0x00, 0xbf, 0xff,
    0xff, 0xff, 0xff, 0xa0, 0x00, 0x00, 0x00, 0x00,
    0xaf, 0xff, 0xff, 0xff, 0xff, 0x70, 0x00, 0x00,
    0x1e, 0xff, 0xff, 0xff, 0xff, 0xf6, 0x00, 0x00,
    0x00, 0x06, 0xff, 0xff, 0xff, 0xff, 0xfb, 0x00,
    0x00, 0x00, 0x05, 0xff, 0xff, 0xff, 0xff, 0xff,
    0x20, 0x00, 0x00, 0x2f, 0xff, 0xff, 0xff, 0xff,
    0xe1, 0x00, 0x00, 0x00, 0x00, 0x9f, 0xff, 0xff,
    0xff, 0xff, 0xd0, 0x00, 0x00, 0xdf, 0xff, 0xff,
    0xff, 0xff, 0x40, 0x00, 0x00, 0x00, 0x00, 0x0d,
    0xff, 0xff, 0xff, 0xff, 0xf9, 0x00, 0x0a, 0xff,
    0xff, 0xff, 0xff, 0xf8, 0x00, 0x00, 0x00, 0x00,
    0x00, 0x03, 0xff, 0xff, 0xff, 0xff, 0xff, 0x50,
    0x6f, 0xff, 0xff, 0xff, 0xff, 0xc0, 0x00, 0x00,
    0x00, 0x00, 0x00, 0x00, 0x8f, 0xff, 0xff, 0xff,
    0xff, 0xf2,

    /* U+0079 "y" */
    0x4f, 0xff, 0xff, 0xff, 0xff, 0x60, 0x00, 0x00,
    0x00, 0x00, 0x00, 0x00, 0x00, 0x00, 0xdf, 0xff,
    0xff, 0xff, 0xf2, 0x0d, 0xff, 0xff, 0xff, 0xff,
    0xc0, 0x00, 0x00, 0x00, 0x00, 0x00, 0x00, 0x00,
    0x04, 0xff, 0xff, 0xff, 0xff, 0xb0, 0x06, 0xff,
    0xff, 0xff, 0xff, 0xf3, 0x00, 0x00, 0x00, 0x00,
    0x00, 0x00, 0x00, 0x0a, 0xff, 0xff, 0xff, 0xff,
    0x40, 0x00, 0xff, 0xff, 0xff, 0xff, 0xf9, 0x00,
    0x00, 0x00, 0x00, 0x00, 0x00, 0x00, 0x1f, 0xff,
    0xff, 0xff, 0xfe, 0x00, 0x00, 0x9f, 0xff, 0xff,
    0xff, 0xff, 0x00, 0x00, 0x00, 0x00, 0x00, 0x00,
    0x00, 0x7f, 0xff, 0xff, 0xff, 0xf7, 0x00, 0x00,
    0x2f, 0xff, 0xff, 0xff, 0xff, 0x60, 0x00, 0x00,
    0x00, 0x00, 0x00, 0x00, 0xef, 0xff, 0xff, 0xff,
    0xf1, 0x00, 0x00, 0x0b, 0xff, 0xff, 0xff, 0xff,
    0xd0, 0x00, 0x00, 0x00, 0x00, 0x00, 0x04, 0xff,
    0xff, 0xff, 0xff, 0xa0, 0x00, 0x00, 0x04, 0xff,
    0xff, 0xff, 0xff, 0xf3, 0x00, 0x00, 0x00, 0x00,
    0x00, 0x0b, 0xff, 0xff, 0xff, 0xff, 0x30, 0x00,
    0x00, 0x00, 0xdf, 0xff, 0xff, 0xff, 0xfa, 0x00,
    0x00, 0x00, 0x00, 0x00, 0x2f, 0xff, 0xff, 0xff,
    0xfc, 0x00, 0x00, 0x00, 0x00, 0x7f, 0xff, 0xff,
    0xff, 0xff, 0x10, 0x00, 0x00, 0x00, 0x00, 0x8f,
    0xff, 0xff, 0xff, 0xf5, 0x00, 0x00, 0x00, 0x00,
    0x1f, 0xff, 0xff, 0xff, 0xff, 0x70, 0x00, 0x00,
    0x00, 0x00, 0xef, 0xff, 0xff, 0xff, 0xe0, 0x00,
    0x00, 0x00, 0x00, 0x09, 0xff, 0xff, 0xff, 0xff,
    0xd0, 0x00, 0x00, 0x00, 0x05, 0xff, 0xff, 0xff,
    0xff, 0x80, 0x00, 0x00, 0x00, 0x00, 0x03, 0xff,
    0xff, 0xff, 0xff, 0xf4, 0x00, 0x00, 0x00, 0x0c,
    0xff, 0xff, 0xff, 0xff, 0x10, 0x00, 0x00, 0x00,
    0x00, 0x00, 0xcf, 0xff, 0xff, 0xff, 0xfa, 0x00,
    0x00, 0x00, 0x2f, 0xff, 0xff, 0xff, 0xfb, 0x00,
    0x00, 0x00, 0x00, 0x00, 0x00, 0x5f, 0xff, 0xff,
    0xff, 0xff, 0x10, 0x00, 0x00, 0x9f, 0xff, 0xff,
    0xff, 0xf4, 0x00, 0x00, 0x00, 0x00, 0x00, 0x00,
    0x0e, 0xff, 0xff, 0xff, 0xff, 0x70, 0x00, 0x00,
    0xff, 0xff, 0xff, 0xff, 0xd0, 0x00, 0x00, 0x00,
    0x00, 0x00, 0x00, 0x07, 0xff, 0xff, 0xff, 0xff,
    0xe0, 0x00, 0x06, 0xff, 0xff, 0xff, 0xff, 0x60,
    0x00, 0x00, 0x00, 0x00, 0x00, 0x00, 0x01, 0xff,
    0xff, 0xff, 0xff, 0xf4, 0x00, 0x0c, 0xff, 0xff,
    0xff, 0xff, 0x00, 0x00, 0x00, 0x00, 0x00, 0x00,
    0x00, 0x00, 0xaf, 0xff, 0xff, 0xff, 0xfb, 0x00,
    0x3f, 0xff, 0xff, 0xff, 0xf9, 0x00, 0x00, 0x00,
    0x00, 0x00, 0x00, 0x00, 0x00, 0x3f, 0xff, 0xff,
    0xff, 0xff, 0x10, 0xaf, 0xff, 0xff, 0xff, 0xf2,
    0x00, 0x00, 0x00, 0x00, 0x00, 0x00, 0x00, 0x00,
    0x0c, 0xff, 0xff, 0xff, 0xff, 0x81, 0xff, 0xff,
    0xff, 0xff, 0xc0, 0x00, 0x00, 0x00, 0x00, 0x00,
    0x00, 0x00, 0x00, 0x06, 0xff, 0xff, 0xff, 0xff,
    0xe7, 0xff, 0xff, 0xff, 0xff, 0x50, 0x00, 0x00,
    0x00, 0x00, 0x00, 0x00, 0x00, 0x00, 0x00, 0xef,
    0xff, 0xff, 0xff, 0xff, 0xff, 0xff, 0xff, 0xfe,
    0x00, 0x00, 0x00, 0x00, 0x00, 0x00, 0x00, 0x00,
    0x00, 0x00, 0x8f, 0xff, 0xff, 0xff, 0xff, 0xff,
    0xff, 0xff, 0xf7, 0x00, 0x00, 0x00, 0x00, 0x00,
    0x00, 0x00, 0x00, 0x00, 0x00, 0x1f, 0xff, 0xff,
    0xff, 0xff, 0xff, 0xff, 0xff, 0xf1, 0x00, 0x00,
    0x00, 0x00, 0x00, 0x00, 0x00, 0x00, 0x00, 0x00,
    0x0a, 0xff, 0xff, 0xff, 0xff, 0xff, 0xff, 0xff,
    0xa0, 0x00, 0x00, 0x00, 0x00, 0x00, 0x00, 0x00,
    0x00, 0x00, 0x00, 0x04, 0xff, 0xff, 0xff, 0xff,
    0xff, 0xff, 0xff, 0x30, 0x00, 0x00, 0x00, 0x00,
    0x00, 0x00, 0x00, 0x00, 0x00, 0x00, 0x00, 0xdf,
    0xff, 0xff, 0xff, 0xff, 0xff, 0xfd, 0x00, 0x00,
    0x00, 0x00, 0x00, 0x00, 0x00, 0x00, 0x00, 0x00,
    0x00, 0x00, 0x6f, 0xff, 0xff, 0xff, 0xff, 0xff,
    0xf6, 0x00, 0x00, 0x00, 0x00, 0x00, 0x00, 0x00,
    0x00, 0x00, 0x00, 0x00, 0x00, 0x0f, 0xff, 0xff,
    0xff, 0xff, 0xff, 0xe0, 0x00, 0x00, 0x00, 0x00,
    0x00, 0x00, 0x00, 0x00, 0x00, 0x00, 0x00, 0x00,
    0x08, 0xff, 0xff, 0xff, 0xff, 0xff, 0x80, 0x00,
    0x00, 0x00, 0x00, 0x00, 0x00, 0x00, 0x00, 0x00,
    0x00, 0x00, 0x00, 0x02, 0xff, 0xff, 0xff, 0xff,
    0xff, 0x20, 0x00, 0x00, 0x00, 0x00, 0x00, 0x00,
    0x00, 0x00, 0x00, 0x00, 0x00, 0x00, 0x00, 0xbf,
    0xff, 0xff, 0xff, 0xfb, 0x00, 0x00, 0x00, 0x00,
    0x00, 0x00, 0x00, 0x00, 0x00, 0x00, 0x00, 0x00,
    0x00, 0x00, 0xbf, 0xff, 0xff, 0xff, 0xf4, 0x00,
    0x00, 0x00, 0x00, 0x00, 0x00, 0x00, 0x00, 0x00,
    0x00, 0x00, 0x00, 0x00, 0x03, 0xff, 0xff, 0xff,
    0xff, 0xd0, 0x00, 0x00, 0x00, 0x00, 0x00, 0x00,
    0x00, 0x00, 0x03, 0x30, 0x00, 0x00, 0x00, 0x0d,
    0xff, 0xff, 0xff, 0xff, 0x60, 0x00, 0x00, 0x00,
    0x00, 0x00, 0x00, 0x00, 0x00, 0x0c, 0xf8, 0x10,
    0x00, 0x02, 0xcf, 0xff, 0xff, 0xff, 0xfe, 0x00,
    0x00, 0x00, 0x00, 0x00, 0x00, 0x00, 0x00, 0x00,
    0x4f, 0xff, 0xfc, 0xaa, 0xcf, 0xff, 0xff, 0xff,
    0xff, 0xf8, 0x00, 0x00, 0x00, 0x00, 0x00, 0x00,
    0x00, 0x00, 0x00, 0xcf, 0xff, 0xff, 0xff, 0xff,
    0xff, 0xff, 0xff, 0xff, 0xe0, 0x00, 0x00, 0x00,
    0x00, 0x00, 0x00, 0x00, 0x00, 0x04, 0xff, 0xff,
    0xff, 0xff, 0xff, 0xff, 0xff, 0xff, 0xff, 0x50,
    0x00, 0x00, 0x00, 0x00, 0x00, 0x00, 0x00, 0x00,
    0x0c, 0xff, 0xff, 0xff, 0xff, 0xff, 0xff, 0xff,
    0xff, 0xf8, 0x00, 0x00, 0x00, 0x00, 0x00, 0x00,
    0x00, 0x00, 0x00, 0x5f, 0xff, 0xff, 0xff, 0xff,
    0xff, 0xff, 0xff, 0xff, 0xa0, 0x00, 0x00, 0x00,
    0x00, 0x00, 0x00, 0x00, 0x00, 0x00, 0x2c, 0xff,
    0xff, 0xff, 0xff, 0xff, 0xff, 0xff, 0xf8, 0x00,
    0x00, 0x00, 0x00, 0x00, 0x00, 0x00, 0x00, 0x00,
    0x00, 0x00, 0x6d, 0xff, 0xff, 0xff, 0xff, 0xff,
    0xfb, 0x20, 0x00, 0x00, 0x00, 0x00, 0x00, 0x00,
    0x00, 0x00, 0x00, 0x00, 0x00, 0x00, 0x37, 0xbd,
    0xef, 0xed, 0xa7, 0x10, 0x00, 0x00, 0x00, 0x00,
    0x00, 0x00, 0x00, 0x00, 0x00, 0x00, 0x00,

    /* U+007A "z" */
    0x7f, 0xff, 0xff, 0xff, 0xff, 0xff, 0xff, 0xff,
    0xff, 0xff, 0xff, 0xff, 0xff, 0xff, 0x57, 0xff,
    0xff, 0xff, 0xff, 0xff, 0xff, 0xff, 0xff, 0xff,
    0xff, 0xff, 0xff, 0xff, 0xf5, 0x7f, 0xff, 0xff,
    0xff, 0xff, 0xff, 0xff, 0xff, 0xff, 0xff, 0xff,
    0xff, 0xff, 0xff, 0x57, 0xff, 0xff, 0xff, 0xff,
    0xff, 0xff, 0xff, 0xff, 0xff, 0xff, 0xff, 0xff,
    0xff, 0xf5, 0x7f, 0xff, 0xff, 0xff, 0xff, 0xff,
    0xff, 0xff, 0xff, 0xff, 0xff, 0xff, 0xff, 0xff,
    0x57, 0xff, 0xff, 0xff, 0xff, 0xff, 0xff, 0xff,
    0xff, 0xff, 0xff, 0xff, 0xff, 0xff, 0xf5, 0x7f,
    0xff, 0xff, 0xff, 0xff, 0xff, 0xff, 0xff, 0xff,
    0xff, 0xff, 0xff, 0xff, 0xfa, 0x01, 0x44, 0x44,
    0x44, 0x44, 0x44, 0x44, 0x44, 0x4d, 0xff, 0xff,
    0xff, 0xff, 0xfd, 0x00, 0x00, 0x00, 0x00, 0x00,
    0x00, 0x00, 0x00, 0x07, 0xff, 0xff, 0xff, 0xff,
    0xfe, 0x20, 0x00, 0x00, 0x00, 0x00, 0x00, 0x00,
    0x00, 0x04, 0xff, 0xff, 0xff, 0xff, 0xff, 0x30,
    0x00, 0x00, 0x00, 0x00, 0x00, 0x00, 0x00, 0x02,
    0xff, 0xff, 0xff, 0xff, 0xff, 0x60, 0x00, 0x00,
    0x00, 0x00, 0x00, 0x00, 0x00, 0x01, 0xdf, 0xff,
    0xff, 0xff, 0xff, 0x90, 0x00, 0x00, 0x00, 0x00,
    0x00, 0x00, 0x00, 0x00, 0xbf, 0xff, 0xff, 0xff,
    0xff, 0xb0, 0x00, 0x00, 0x00, 0x00, 0x00, 0x00,
    0x00, 0x00, 0x9f, 0xff, 0xff, 0xff, 0xff, 0xd1,
    0x00, 0x00, 0x00, 0x00, 0x00, 0x00, 0x00, 0x00,
    0x6f, 0xff, 0xff, 0xff, 0xff, 0xf2, 0x00, 0x00,
    0x00, 0x00, 0x00, 0x00, 0x00, 0x00, 0x3f, 0xff,
    0xff, 0xff, 0xff, 0xf5, 0x00, 0x00, 0x00, 0x00,
    0x00, 0x00, 0x00, 0x00, 0x1e, 0xff, 0xff, 0xff,
    0xff, 0xf7, 0x00, 0x00, 0x00, 0x00, 0x00, 0x00,
    0x00, 0x00, 0x0c, 0xff, 0xff, 0xff, 0xff, 0xfa,
    0x00, 0x00, 0x00, 0x00, 0x00, 0x00, 0x00, 0x00,
    0x0a, 0xff, 0xff, 0xff, 0xff, 0xfd, 0x00, 0x00,
    0x00, 0x00, 0x00, 0x00, 0x00, 0x00, 0x07, 0xff,
    0xff, 0xff, 0xff, 0xfe, 0x10, 0x00, 0x00, 0x00,
    0x00, 0x00, 0x00, 0x00, 0x05, 0xff, 0xff, 0xff,
    0xff, 0xff, 0x30, 0x00, 0x00, 0x00, 0x00, 0x00,
    0x00, 0x00, 0x02, 0xff, 0xff, 0xff, 0xff, 0xff,
    0x60, 0x00, 0x00, 0x00, 0x00, 0x00, 0x00, 0x00,
    0x01, 0xdf, 0xff, 0xff, 0xff, 0xff, 0x90, 0x00,
    0x00, 0x00, 0x00, 0x00, 0x00, 0x00, 0x00, 0xcf,
    0xff, 0xff, 0xff, 0xff, 0xb0, 0x00, 0x00, 0x00,
    0x00, 0x00, 0x00, 0x00, 0x00, 0x9f, 0xff, 0xff,
    0xff, 0xff, 0xd1, 0x00, 0x00, 0x00, 0x00, 0x00,
    0x00, 0x00, 0x00, 0x6f, 0xff, 0xff, 0xff, 0xff,
    0xf6, 0x44, 0x44, 0x44, 0x44, 0x44, 0x44, 0x44,
    0x43, 0x3f, 0xff, 0xff, 0xff, 0xff, 0xff, 0xff,
    0xff, 0xff, 0xff, 0xff, 0xff, 0xff, 0xff, 0xed,
    0xff, 0xff, 0xff, 0xff, 0xff, 0xff, 0xff, 0xff,
    0xff, 0xff, 0xff, 0xff, 0xff, 0xfe, 0xef, 0xff,
    0xff, 0xff, 0xff, 0xff, 0xff, 0xff, 0xff, 0xff,
    0xff, 0xff, 0xff, 0xff, 0xee, 0xff, 0xff, 0xff,
    0xff, 0xff, 0xff, 0xff, 0xff, 0xff, 0xff, 0xff,
    0xff, 0xff, 0xfe, 0xef, 0xff, 0xff, 0xff, 0xff,
    0xff, 0xff, 0xff, 0xff, 0xff, 0xff, 0xff, 0xff,
    0xff, 0xee, 0xff, 0xff, 0xff, 0xff, 0xff, 0xff,
    0xff, 0xff, 0xff, 0xff, 0xff, 0xff, 0xff, 0xfe,
    0xef, 0xff, 0xff, 0xff, 0xff, 0xff, 0xff, 0xff,
    0xff, 0xff, 0xff, 0xff, 0xff, 0xff, 0xe0,

    /* U+007B "{" */
    0x00, 0x00, 0x00, 0x00, 0x00, 0x00, 0x03, 0x45,
    0x56, 0x63, 0x00, 0x00, 0x00, 0x00, 0x00, 0x6c,
    0xff, 0xff, 0xff, 0xf9, 0x00, 0x00, 0x00, 0x00,
    0x4e, 0xff, 0xff, 0xff, 0xff, 0xf9, 0x00, 0x00,
    0x00, 0x07, 0xff, 0xff, 0xff, 0xff, 0xff, 0xf9,
    0x00, 0x00, 0x00, 0x5f, 0xff, 0xff, 0xff, 0xff,
    0xff, 0xf9, 0x00, 0x00, 0x00, 0xef, 0xff, 0xff,
    0xff, 0xff, 0xff, 0xf9, 0x00, 0x00, 0x06, 0xff,
    0xff, 0xff, 0xff, 0xff, 0xff, 0xf9, 0x00, 0x00,
    0x0b, 0xff, 0xff, 0xff, 0xff, 0xff, 0xff, 0xf9,
    0x00, 0x00, 0x0f, 0xff, 0xff, 0xff, 0xff, 0xfd,
    0x51, 0x00, 0x00, 0x00, 0x2f, 0xff, 0xff, 0xff,
    0xff, 0xd0, 0x00, 0x00, 0x00, 0x00, 0x3f, 0xff,
    0xff, 0xff, 0xff, 0x60, 0x00, 0x00, 0x00, 0x00,
    0x4f, 0xff, 0xff, 0xff, 0xff, 0x20, 0x00, 0x00,
    0x00, 0x00, 0x4f, 0xff, 0xff, 0xff, 0xff, 0x10,
    0x00, 0x00, 0x00, 0x00, 0x4f, 0xff, 0xff, 0xff,
    0xff, 0x10, 0x00, 0x00, 0x00, 0x00, 0x4f, 0xff,
    0xff, 0xff, 0xff, 0x10, 0x00, 0x00, 0x00, 0x00,
    0x4f, 0xff, 0xff, 0xff, 0xff, 0x10, 0x00, 0x00,
    0x00, 0x00, 0x4f, 0xff, 0xff, 0xff, 0xff, 0x10,
    0x00, 0x00, 0x00, 0x00, 0x4f, 0xff, 0xff, 0xff,
    0xff, 0x10, 0x00, 0x00, 0x00, 0x00, 0x4f, 0xff,
    0xff, 0xff, 0xff, 0x10, 0x00, 0x00, 0x00, 0x00,
    0x4f, 0xff, 0xff, 0xff, 0xff, 0x10, 0x00, 0x00,
    0x00, 0x00, 0x4f, 0xff, 0xff, 0xff, 0xff, 0x10,
    0x00, 0x00, 0x00, 0x00, 0x4f, 0xff, 0xff, 0xff,
    0xff, 0x10, 0x00, 0x00, 0x00, 0x00, 0x4f, 0xff,
    0xff, 0xff, 0xff, 0x10, 0x00, 0x00, 0x00, 0x00,
    0x8f, 0xff, 0xff, 0xff, 0xff, 0x00, 0x00, 0x00,
    0x00, 0x16, 0xff, 0xff, 0xff, 0xff, 0xfd, 0x00,
    0x00, 0x00, 0xef, 0xff, 0xff, 0xff, 0xff, 0xff,
    0xf9, 0x00, 0x00, 0x00, 0xef, 0xff, 0xff, 0xff,
    0xff, 0xff, 0xf2, 0x00, 0x00, 0x00, 0xef, 0xff,
    0xff, 0xff, 0xff, 0xff, 0x40, 0x00, 0x00, 0x00,
    0xef, 0xff, 0xff, 0xff, 0xff, 0xa1, 0x00, 0x00,
    0x00, 0x00, 0xef, 0xff, 0xff, 0xff, 0xff, 0xfa,
    0x10, 0x00, 0x00, 0x00, 0xef, 0xff, 0xff, 0xff,
    0xff, 0xff, 0xc0, 0x00, 0x00, 0x00, 0xef, 0xff,
    0xff, 0xff, 0xff, 0xff, 0xf6, 0x00, 0x00, 0x00,
    0x56, 0x7c, 0xff, 0xff, 0xff, 0xff, 0xfc, 0x00,
    0x00, 0x00, 0x00, 0x00, 0xbf, 0xff, 0xff, 0xff,
    0xff, 0x00, 0x00, 0x00, 0x00, 0x00, 0x5f, 0xff,
    0xff, 0xff, 0xff, 0x00, 0x00, 0x00, 0x00, 0x00,
    0x4f, 0xff, 0xff, 0xff, 0xff, 0x10, 0x00, 0x00,
    0x00, 0x00, 0x4f, 0xff, 0xff, 0xff, 0xff, 0x10,
    0x00, 0x00, 0x00, 0x00, 0x4f, 0xff, 0xff, 0xff,
    0xff, 0x10, 0x00, 0x00, 0x00, 0x00, 0x4f, 0xff,
    0xff, 0xff, 0xff, 0x10, 0x00, 0x00, 0x00, 0x00,
    0x4f, 0xff, 0xff, 0xff, 0xff, 0x10, 0x00, 0x00,
    0x00, 0x00, 0x4f, 0xff, 0xff, 0xff, 0xff, 0x10,
    0x00, 0x00, 0x00, 0x00, 0x4f, 0xff, 0xff, 0xff,
    0xff, 0x10, 0x00, 0x00, 0x00, 0x00, 0x4f, 0xff,
    0xff, 0xff, 0xff, 0x10, 0x00, 0x00, 0x00, 0x00,
    0x4f, 0xff, 0xff, 0xff, 0xff, 0x10, 0x00, 0x00,
    0x00, 0x00, 0x4f, 0xff, 0xff, 0xff, 0xff, 0x10,
    0x00, 0x00, 0x00, 0x00, 0x4f, 0xff, 0xff, 0xff,
    0xff, 0x10, 0x00, 0x00, 0x00, 0x00, 0x3f, 0xff,
    0xff, 0xff, 0xff, 0x30, 0x00, 0x00, 0x00, 0x00,
    0x2f, 0xff, 0xff, 0xff, 0xff, 0x80, 0x00, 0x00,
    0x00, 0x00, 0x1f, 0xff, 0xff, 0xff, 0xff, 0xf4,
    0x00, 0x00, 0x00, 0x00, 0x0e, 0xff, 0xff, 0xff,
    0xff, 0xff, 0xb7, 0x63, 0x00, 0x00, 0x0a, 0xff,
    0xff, 0xff, 0xff, 0xff, 0xff, 0xf9, 0x00, 0x00,
    0x03, 0xff, 0xff, 0xff, 0xff, 0xff, 0xff, 0xf9,
    0x00, 0x00, 0x00, 0xbf, 0xff, 0xff, 0xff, 0xff,
    0xff, 0xf9, 0x00, 0x00, 0x00, 0x1e, 0xff, 0xff,
    0xff, 0xff, 0xff, 0xf9, 0x00, 0x00, 0x00, 0x02,
    0xdf, 0xff, 0xff, 0xff, 0xff, 0xf9, 0x00, 0x00,
    0x00, 0x00, 0x09, 0xff, 0xff, 0xff, 0xff, 0xf9,
    0x00, 0x00, 0x00, 0x00, 0x00, 0x16, 0x9d, 0xef,
    0xff, 0xf9,

    /* U+007C "|" */
    0x09, 0x99, 0x99, 0x99, 0x95, 0x0f, 0xff, 0xff,
    0xff, 0xf9, 0x0f, 0xff, 0xff, 0xff, 0xf9, 0x0f,
    0xff, 0xff, 0xff, 0xf9, 0x0f, 0xff, 0xff, 0xff,
    0xf9, 0x0f, 0xff, 0xff, 0xff, 0xf9, 0x0f, 0xff,
    0xff, 0xff, 0xf9, 0x0f, 0xff, 0xff, 0xff, 0xf9,
    0x0f, 0xff, 0xff, 0xff, 0xf9, 0x0f, 0xff, 0xff,
    0xff, 0xf9, 0x0f, 0xff, 0xff, 0xff, 0xf9, 0x0f,
    0xff, 0xff, 0xff, 0xf9, 0x0f, 0xff, 0xff, 0xff,
    0xf9, 0x0f, 0xff, 0xff, 0xff, 0xf9, 0x0f, 0xff,
    0xff, 0xff, 0xf9, 0x0f, 0xff, 0xff, 0xff, 0xf9,
    0x0f, 0xff, 0xff, 0xff, 0xf9, 0x0f, 0xff, 0xff,
    0xff, 0xf9, 0x0f, 0xff, 0xff, 0xff, 0xf9, 0x0f,
    0xff, 0xff, 0xff, 0xf9, 0x0f, 0xff, 0xff, 0xff,
    0xf9, 0x0f, 0xff, 0xff, 0xff, 0xf9, 0x0f, 0xff,
    0xff, 0xff, 0xf9, 0x0f, 0xff, 0xff, 0xff, 0xf9,
    0x0f, 0xff, 0xff, 0xff, 0xf9, 0x0f, 0xff, 0xff,
    0xff, 0xf9, 0x0f, 0xff, 0xff, 0xff, 0xf9, 0x0f,
    0xff, 0xff, 0xff, 0xf9, 0x0f, 0xff, 0xff, 0xff,
    0xf9, 0x0f, 0xff, 0xff, 0xff, 0xf9, 0x0f, 0xff,
    0xff, 0xff, 0xf9, 0x0f, 0xff, 0xff, 0xff, 0xf9,
    0x0f, 0xff, 0xff, 0xff, 0xf9, 0x0f, 0xff, 0xff,
    0xff, 0xf9, 0x0f, 0xff, 0xff, 0xff, 0xf9, 0x0f,
    0xff, 0xff, 0xff, 0xf9, 0x0f, 0xff, 0xff, 0xff,
    0xf9, 0x0f, 0xff, 0xff, 0xff, 0xf9, 0x0f, 0xff,
    0xff, 0xff, 0xf9, 0x0f, 0xff, 0xff, 0xff, 0xf9,
    0x0f, 0xff, 0xff, 0xff, 0xf9, 0x0f, 0xff, 0xff,
    0xff, 0xf9, 0x0f, 0xff, 0xff, 0xff, 0xf9, 0x0f,
    0xff, 0xff, 0xff, 0xf9, 0x0f, 0xff, 0xff, 0xff,
    0xf9, 0x0f, 0xff, 0xff, 0xff, 0xf9, 0x0f, 0xff,
    0xff, 0xff, 0xf9, 0x0f, 0xff, 0xff, 0xff, 0xf9,
    0x0f, 0xff, 0xff, 0xff, 0xf9, 0x0f, 0xff, 0xff,
    0xff, 0xf9, 0x0f, 0xff, 0xff, 0xff, 0xf9, 0x0f,
    0xff, 0xff, 0xff, 0xf9, 0x0f, 0xff, 0xff, 0xff,
    0xf9, 0x0f, 0xff, 0xff, 0xff, 0xf9, 0x0f, 0xff,
    0xff, 0xff, 0xf9, 0x0f, 0xff, 0xff, 0xff, 0xf9,
    0x0f, 0xff, 0xff, 0xff, 0xf9,

    /* U+007D "}" */
    0x06, 0x66, 0x54, 0x31, 0x00, 0x00, 0x00, 0x00,
    0x00, 0x00, 0x01, 0xff, 0xff, 0xff, 0xfd, 0x92,
    0x00, 0x00, 0x00, 0x00, 0x00, 0x1f, 0xff, 0xff,
    0xff, 0xff, 0xfa, 0x00, 0x00, 0x00, 0x00, 0x01,
    0xff, 0xff, 0xff, 0xff, 0xff, 0xfd, 0x10, 0x00,
    0x00, 0x00, 0x1f, 0xff, 0xff, 0xff, 0xff, 0xff,
    0xfb, 0x00, 0x00, 0x00, 0x01, 0xff, 0xff, 0xff,
    0xff, 0xff, 0xff, 0xf6, 0x00, 0x00, 0x00, 0x1f,
    0xff, 0xff, 0xff, 0xff, 0xff, 0xff, 0xd0, 0x00,
    0x00, 0x01, 0xff, 0xff, 0xff, 0xff, 0xff, 0xff,
    0xff, 0x30, 0x00, 0x00, 0x00, 0x02, 0x9f, 0xff,
    0xff, 0xff, 0xff, 0xf6, 0x00, 0x00, 0x00, 0x00,
    0x00, 0x7f, 0xff, 0xff, 0xff, 0xff, 0x90, 0x00,
    0x00, 0x00, 0x00, 0x00, 0xef, 0xff, 0xff, 0xff,
    0xfa, 0x00, 0x00, 0x00, 0x00, 0x00, 0x0b, 0xff,
    0xff, 0xff, 0xff, 0xb0, 0x00, 0x00, 0x00, 0x00,
    0x00, 0xaf, 0xff, 0xff, 0xff, 0xfb, 0x00, 0x00,
    0x00, 0x00, 0x00, 0x0a, 0xff, 0xff, 0xff, 0xff,
    0xb0, 0x00, 0x00, 0x00, 0x00, 0x00, 0xaf, 0xff,
    0xff, 0xff, 0xfb, 0x00, 0x00, 0x00, 0x00, 0x00,
    0x0a, 0xff, 0xff, 0xff, 0xff, 0xb0, 0x00, 0x00,
    0x00, 0x00, 0x00, 0xaf, 0xff, 0xff, 0xff, 0xfb,
    0x00, 0x00, 0x00, 0x00, 0x00, 0x0a, 0xff, 0xff,
    0xff, 0xff, 0xb0, 0x00, 0x00, 0x00, 0x00, 0x00,
    0xaf, 0xff, 0xff, 0xff, 0xfb, 0x00, 0x00, 0x00,
    0x00, 0x00, 0x0a, 0xff, 0xff, 0xff, 0xff, 0xb0,
    0x00, 0x00, 0x00, 0x00, 0x00, 0xaf, 0xff, 0xff,
    0xff, 0xfb, 0x00, 0x00, 0x00, 0x00, 0x00, 0x0a,
    0xff, 0xff, 0xff, 0xff, 0xb0, 0x00, 0x00, 0x00,
    0x00, 0x00, 0x9f, 0xff, 0xff, 0xff, 0xfc, 0x00,
    0x00, 0x00, 0x00, 0x00, 0x08, 0xff, 0xff, 0xff,
    0xff, 0xe0, 0x00, 0x00, 0x00, 0x00, 0x00, 0x6f,
    0xff, 0xff, 0xff, 0xff, 0xb2, 0x00, 0x00, 0x00,
    0x00, 0x02, 0xff, 0xff, 0xff, 0xff, 0xff, 0xff,
    0xf5, 0x00, 0x00, 0x00, 0x0a, 0xff, 0xff, 0xff,
    0xff, 0xff, 0xff, 0x50, 0x00, 0x00, 0x00, 0x0b,
    0xff, 0xff, 0xff, 0xff, 0xff, 0xf5, 0x00, 0x00,
    0x00, 0x00, 0x05, 0xff, 0xff, 0xff, 0xff, 0xff,
    0x50, 0x00, 0x00, 0x00, 0x05, 0xef, 0xff, 0xff,
    0xff, 0xff, 0xf5, 0x00, 0x00, 0x00, 0x06, 0xff,
    0xff, 0xff, 0xff, 0xff, 0xff, 0x50, 0x00, 0x00,
    0x00, 0xef, 0xff, 0xff, 0xff, 0xff, 0xff, 0xf5,
    0x00, 0x00, 0x00, 0x5f, 0xff, 0xff, 0xff, 0xff,
    0xf8, 0x66, 0x20, 0x00, 0x00, 0x08, 0xff, 0xff,
    0xff, 0xff, 0xf3, 0x00, 0x00, 0x00, 0x00, 0x00,
    0x9f, 0xff, 0xff, 0xff, 0xfd, 0x00, 0x00, 0x00,
    0x00, 0x00, 0x0a, 0xff, 0xff, 0xff, 0xff, 0xb0,
    0x00, 0x00, 0x00, 0x00, 0x00, 0xaf, 0xff, 0xff,
    0xff, 0xfb, 0x00, 0x00, 0x00, 0x00, 0x00, 0x0a,
    0xff, 0xff, 0xff, 0xff, 0xb0, 0x00, 0x00, 0x00,
    0x00, 0x00, 0xaf, 0xff, 0xff, 0xff, 0xfb, 0x00,
    0x00, 0x00, 0x00, 0x00, 0x0a, 0xff, 0xff, 0xff,
    0xff, 0xb0, 0x00, 0x00, 0x00, 0x00, 0x00, 0xaf,
    0xff, 0xff, 0xff, 0xfb, 0x00, 0x00, 0x00, 0x00,
    0x00, 0x0a, 0xff, 0xff, 0xff, 0xff, 0xb0, 0x00,
    0x00, 0x00, 0x00, 0x00, 0xaf, 0xff, 0xff, 0xff,
    0xfb, 0x00, 0x00, 0x00, 0x00, 0x00, 0x0a, 0xff,
    0xff, 0xff, 0xff, 0xb0, 0x00, 0x00, 0x00, 0x00,
    0x00, 0xaf, 0xff, 0xff, 0xff, 0xfb, 0x00, 0x00,
    0x00, 0x00, 0x00, 0x0a, 0xff, 0xff, 0xff, 0xff,
    0xb0, 0x00, 0x00, 0x00, 0x00, 0x00, 0xcf, 0xff,
    0xff, 0xff, 0xfb, 0x00, 0x00, 0x00, 0x00, 0x00,
    0x1f, 0xff, 0xff, 0xff, 0xff, 0x90, 0x00, 0x00,
    0x00, 0x00, 0x0b, 0xff, 0xff, 0xff, 0xff, 0xf8,
    0x00, 0x00, 0x00, 0x66, 0x8e, 0xff, 0xff, 0xff,
    0xff, 0xff, 0x50, 0x00, 0x00, 0x1f, 0xff, 0xff,
    0xff, 0xff, 0xff, 0xff, 0xf1, 0x00, 0x00, 0x01,
    0xff, 0xff, 0xff, 0xff, 0xff, 0xff, 0xfa, 0x00,
    0x00, 0x00, 0x1f, 0xff, 0xff, 0xff, 0xff, 0xff,
    0xff, 0x30, 0x00, 0x00, 0x01, 0xff, 0xff, 0xff,
    0xff, 0xff, 0xff, 0x70, 0x00, 0x00, 0x00, 0x1f,
    0xff, 0xff, 0xff, 0xff, 0xff, 0x70, 0x00, 0x00,
    0x00, 0x01, 0xff, 0xff, 0xff, 0xff, 0xfc, 0x40,
    0x00, 0x00, 0x00, 0x00, 0x1f, 0xff, 0xfe, 0xdb,
    0x73, 0x00, 0x00, 0x00, 0x00, 0x00, 0x00,

    /* U+007E "~" */
    0x00, 0x00, 0x04, 0x9d, 0xff, 0xda, 0x40, 0x00,
    0x00, 0x00, 0x00, 0x00, 0x67, 0x77, 0x77, 0x00,
    0x01, 0xbf, 0xff, 0xff, 0xff, 0xfc, 0x30, 0x00,
    0x00, 0x00, 0x00, 0xff, 0xff, 0xfe, 0x00, 0x1d,
    0xff, 0xff, 0xff, 0xff, 0xff, 0xf7, 0x00, 0x00,
    0x00, 0x03, 0xff, 0xff, 0xfd, 0x00, 0xcf, 0xff,
    0xff, 0xff, 0xff, 0xff, 0xff, 0xc1, 0x00, 0x00,
    0x0b, 0xff, 0xff, 0xfb, 0x07, 0xff, 0xff, 0xff,
    0xff, 0xff, 0xff, 0xff, 0xfe, 0x60, 0x00, 0x8f,
    0xff, 0xff, 0xf8, 0x0e, 0xff, 0xff, 0xff, 0xff,
    0xff, 0xff, 0xff, 0xff, 0xff, 0xdf, 0xff, 0xff,
    0xff, 0xf4, 0x4f, 0xff, 0xff, 0xff, 0xfd, 0xff,
    0xff, 0xff, 0xff, 0xff, 0xff, 0xff, 0xff, 0xff,
    0xe0, 0x8f, 0xff, 0xff, 0xf8, 0x00, 0x06, 0xff,
    0xff, 0xff, 0xff, 0xff, 0xff, 0xff, 0xff, 0x70,
    0xbf, 0xff, 0xff, 0xb0, 0x00, 0x00, 0x2c, 0xff,
    0xff, 0xff, 0xff, 0xff, 0xff, 0xfc, 0x00, 0xdf,
    0xff, 0xff, 0x30, 0x00, 0x00, 0x00, 0x8f, 0xff,
    0xff, 0xff, 0xff, 0xff, 0xd2, 0x00, 0xef, 0xff,
    0xff, 0x00, 0x00, 0x00, 0x00, 0x03, 0xcf, 0xff,
    0xff, 0xff, 0xfb, 0x10, 0x00, 0x77, 0x77, 0x76,
    0x00, 0x00, 0x00, 0x00, 0x00, 0x04, 0xad, 0xff,
    0xd9, 0x40, 0x00, 0x00,

    /* U+00B0 "°" */
    0x00, 0x00, 0x00, 0x00, 0x48, 0xab, 0xa8, 0x40,
    0x00, 0x00, 0x00, 0x00, 0x00, 0x00, 0x07, 0xef,
    0xff, 0xff, 0xff, 0xe7, 0x00, 0x00, 0x00, 0x00,
    0x00, 0x1c, 0xff, 0xff, 0xff, 0xff, 0xff, 0xfc,
    0x10, 0x00, 0x00, 0x00, 0x2e, 0xff, 0xff, 0xff,
    0xff, 0xff, 0xff, 0xfe, 0x20, 0x00, 0x00, 0x0d,
    0xff, 0xff, 0xff, 0xff, 0xff, 0xff, 0xff, 0xfd,
    0x00, 0x00, 0x0a, 0xff, 0xff, 0xfd, 0x51, 0x01,
    0x5d, 0xff, 0xff, 0xfa, 0x00, 0x02, 0xff, 0xff,
    0xfa, 0x00, 0x00, 0x00, 0x0a, 0xff, 0xff, 0xf2,
    0x00, 0x8f, 0xff, 0xfd, 0x00, 0x00, 0x00, 0x00,
    0x0c, 0xff, 0xff, 0x80, 0x0c, 0xff, 0xff, 0x50,
    0x00, 0x00, 0x00, 0x00, 0x4f, 0xff, 0xfc, 0x00,
    0xff, 0xff, 0xf1, 0x00, 0x00, 0x00, 0x00, 0x00,
    0xff, 0xff, 0xf0, 0x0f, 0xff, 0xff, 0x00, 0x00,
    0x00, 0x00, 0x00, 0x0e, 0xff, 0xff, 0x00, 0xff,
    0xff, 0xf0, 0x00, 0x00, 0x00, 0x00, 0x00, 0xff,
    0xff, 0xf0, 0x0d, 0xff, 0xff, 0x30, 0x00, 0x00,
    0x00, 0x00, 0x2f, 0xff, 0xfd, 0x00, 0x9f, 0xff,
    0xfa, 0x00, 0x00, 0x00, 0x00, 0x09, 0xff, 0xff,
    0xa0, 0x04, 0xff, 0xff, 0xf6, 0x00, 0x00, 0x00,
    0x05, 0xff, 0xff, 0xf4, 0x00, 0x0c, 0xff, 0xff,
    0xf8, 0x00, 0x00, 0x08, 0xff, 0xff, 0xfd, 0x00,
    0x00, 0x2f, 0xff, 0xff, 0xff, 0xca, 0xcf, 0xff,
    0xff, 0xff, 0x20, 0x00, 0x00, 0x5f, 0xff, 0xff,
    0xff, 0xff, 0xff, 0xff, 0xff, 0x50, 0x00, 0x00,
    0x00, 0x5f, 0xff, 0xff, 0xff, 0xff, 0xff, 0xff,
    0x50, 0x00, 0x00, 0x00, 0x00, 0x2c, 0xff, 0xff,
    0xff, 0xff, 0xfc, 0x20, 0x00, 0x00, 0x00, 0x00,
    0x00, 0x03, 0x9c, 0xff, 0xfc, 0x93, 0x00, 0x00,
    0x00, 0x00,

    /* U+2014 "—" */
    0xdd, 0xdd, 0xdd, 0xdd, 0xdd, 0xdd, 0xdd, 0xdd,
    0xdd, 0xdd, 0xdd, 0xdd, 0xdd, 0xdd, 0xdd, 0xdd,
    0xdd, 0xdd, 0xdd, 0xdd, 0xdd, 0xdd, 0xdd, 0xdd,
    0xdd, 0xdd, 0xdd, 0xdd, 0xdd, 0xdd, 0xff, 0xff,
    0xff, 0xff, 0xff, 0xff, 0xff, 0xff, 0xff, 0xff,
    0xff, 0xff, 0xff, 0xff, 0xff, 0xff, 0xff, 0xff,
    0xff, 0xff, 0xff, 0xff, 0xff, 0xff, 0xff, 0xff,
    0xff, 0xff, 0xff, 0xff, 0xff, 0xff, 0xff, 0xff,
    0xff, 0xff, 0xff, 0xff, 0xff, 0xff, 0xff, 0xff,
    0xff, 0xff, 0xff, 0xff, 0xff, 0xff, 0xff, 0xff,
    0xff, 0xff, 0xff, 0xff, 0xff, 0xff, 0xff, 0xff,
    0xff, 0xff, 0xff, 0xff, 0xff, 0xff, 0xff, 0xff,
    0xff, 0xff, 0xff, 0xff, 0xff, 0xff, 0xff, 0xff,
    0xff, 0xff, 0xff, 0xff, 0xff, 0xff, 0xff, 0xff,
    0xff, 0xff, 0xff, 0xff, 0xff, 0xff, 0xff, 0xff,
    0xff, 0xff, 0xff, 0xff, 0xff, 0xff, 0xff, 0xff,
    0xff, 0xff, 0xff, 0xff, 0xff, 0xff, 0xff, 0xff,
    0xff, 0xff, 0xff, 0xff, 0xff, 0xff, 0xff, 0xff,
    0xff, 0xff, 0xff, 0xff, 0xff, 0xff, 0xff, 0xff,
    0xff, 0xff, 0xff, 0xff, 0xff, 0xff, 0xff, 0xff,
    0xff, 0xff, 0xff, 0xff, 0xff, 0xff, 0xff, 0xff,
    0xff, 0xff, 0xff, 0xff, 0xff, 0xff, 0xff, 0xff,
    0xff, 0xff, 0xff, 0xff,

    /* U+2022 "•" */
    0x00, 0x00, 0x00, 0x23, 0x20, 0x00, 0x00, 0x00,
    0x00, 0x01, 0x8e, 0xff, 0xff, 0xb3, 0x00, 0x00,
    0x00, 0x3d, 0xff, 0xff, 0xff, 0xff, 0x80, 0x00,
    0x01, 0xef, 0xff, 0xff, 0xff, 0xff, 0xf8, 0x00,
    0x0c, 0xff, 0xff, 0xff, 0xff, 0xff, 0xff, 0x30,
    0x4f, 0xff, 0xff, 0xff, 0xff, 0xff, 0xff, 0xb0,
    0x8f, 0xff, 0xff, 0xff, 0xff, 0xff, 0xff, 0xf0,
    0xbf, 0xff, 0xff, 0xff, 0xff, 0xff, 0xff, 0xf2,
    0xbf, 0xff, 0xff, 0xff, 0xff, 0xff, 0xff, 0xf3,
    0xaf, 0xff, 0xff, 0xff, 0xff, 0xff, 0xff, 0xf2,
    0x7f, 0xff, 0xff, 0xff, 0xff, 0xff, 0xff, 0xe0,
    0x2f, 0xff, 0xff, 0xff, 0xff, 0xff, 0xff, 0x90,
    0x09, 0xff, 0xff, 0xff, 0xff, 0xff, 0xfe, 0x10,
    0x00, 0xcf, 0xff, 0xff, 0xff, 0xff, 0xf4, 0x00,
    0x00, 0x0a, 0xff, 0xff, 0xff, 0xfe, 0x30, 0x00,
    0x00, 0x00, 0x3a, 0xdf, 0xec, 0x60, 0x00, 0x00
};

/*---------------------
 *  GLYPH DESCRIPTION
 *--------------------*/

static const lv_font_fmt_txt_glyph_dsc_t glyph_dsc[] = {
    {.bitmap_index = 0, .adv_w = 0, .box_w = 0, .box_h = 0, .ofs_x = 0, .ofs_y = 0} /* id = 0 reserved */,
    {.bitmap_index = 0, .adv_w = 272, .box_w = 0, .box_h = 0, .ofs_x = 0, .ofs_y = 0},
    {.bitmap_index = 0, .adv_w = 277, .box_w = 13, .box_h = 42, .ofs_x = 2, .ofs_y = 0},
    {.bitmap_index = 273, .adv_w = 420, .box_w = 22, .box_h = 18, .ofs_x = 2, .ofs_y = 24},
    {.bitmap_index = 471, .adv_w = 691, .box_w = 41, .box_h = 42, .ofs_x = 1, .ofs_y = 0},
    {.bitmap_index = 1332, .adv_w = 612, .box_w = 36, .box_h = 57, .ofs_x = 1, .ofs_y = -7},
    {.bitmap_index = 2358, .adv_w = 842, .box_w = 50, .box_h = 43, .ofs_x = 1, .ofs_y = 0},
    {.bitmap_index = 3433, .adv_w = 699, .box_w = 41, .box_h = 44, .ofs_x = 2, .ofs_y = -1},
    {.bitmap_index = 4335, .adv_w = 221, .box_w = 9, .box_h = 18, .ofs_x = 2, .ofs_y = 24},
    {.bitmap_index = 4416, .adv_w = 343, .box_w = 17, .box_h = 57, .ofs_x = 4, .ofs_y = -12},
    {.bitmap_index = 4901, .adv_w = 344, .box_w = 18, .box_h = 57, .ofs_x = 0, .ofs_y = -12},
    {.bitmap_index = 5414, .adv_w = 417, .box_w = 26, .box_h = 24, .ofs_x = 0, .ofs_y = 21},
    {.bitmap_index = 5726, .adv_w = 575, .box_w = 30, .box_h = 28, .ofs_x = 3, .ofs_y = 7},
    {.bitmap_index = 6146, .adv_w = 252, .box_w = 12, .box_h = 21, .ofs_x = 2, .ofs_y = -9},
    {.bitmap_index = 6272, .adv_w = 371, .box_w = 18, .box_h = 8, .ofs_x = 3, .ofs_y = 13},
    {.bitmap_index = 6344, .adv_w = 252, .box_w = 12, .box_h = 12, .ofs_x = 2, .ofs_y = 0},
    {.bitmap_index = 6416, .adv_w = 376, .box_w = 29, .box_h = 57, .ofs_x = -2, .ofs_y = -6},
    {.bitmap_index = 7243, .adv_w = 652, .box_w = 37, .box_h = 44, .ofs_x = 2, .ofs_y = -1},
    {.bitmap_index = 8057, .adv_w = 376, .box_w = 19, .box_h = 42, .ofs_x = 0, .ofs_y = 0},
    {.bitmap_index = 8456, .adv_w = 566, .box_w = 34, .box_h = 43, .ofs_x = 0, .ofs_y = 0},
    {.bitmap_index = 9187, .adv_w = 568, .box_w = 35, .box_h = 43, .ofs_x = -1, .ofs_y = -1},
    {.bitmap_index = 9940, .adv_w = 661, .box_w = 40, .box_h = 42, .ofs_x = 1, .ofs_y = 0},
    {.bitmap_index = 10780, .adv_w = 571, .box_w = 35, .box_h = 43, .ofs_x = 0, .ofs_y = -1},
    {.bitmap_index = 11533, .adv_w = 612, .box_w = 36, .box_h = 44, .ofs_x = 2, .ofs_y = -1},
    {.bitmap_index = 12325, .adv_w = 595, .box_w = 35, .box_h = 42, .ofs_x = 1, .ofs_y = 0},
    {.bitmap_index = 13060, .adv_w = 634, .box_w = 36, .box_h = 44, .ofs_x = 2, .ofs_y = -1},
    {.bitmap_index = 13852, .adv_w = 612, .box_w = 35, .box_h = 44, .ofs_x = 1, .ofs_y = -1},
    {.bitmap_index = 14622, .adv_w = 252, .box_w = 12, .box_h = 33, .ofs_x = 2, .ofs_y = 0},
    {.bitmap_index = 14820, .adv_w = 252, .box_w = 12, .box_h = 42, .ofs_x = 2, .ofs_y = -9},
    {.bitmap_index = 15072, .adv_w = 575, .box_w = 30, .box_h = 31, .ofs_x = 3, .ofs_y = 6},
    {.bitmap_index = 15537, .adv_w = 575, .box_w = 30, .box_h = 23, .ofs_x = 3, .ofs_y = 10},
    {.bitmap_index = 15882, .adv_w = 575, .box_w = 30, .box_h = 31, .ofs_x = 3, .ofs_y = 6},
    {.bitmap_index = 16347, .adv_w = 565, .box_w = 34, .box_h = 43, .ofs_x = -1, .ofs_y = 0},
    {.bitmap_index = 17078, .adv_w = 994, .box_w = 58, .box_h = 55, .ofs_x = 2, .ofs_y = -12},
    {.bitmap_index = 18673, .adv_w = 735, .box_w = 48, .box_h = 42, .ofs_x = -1, .ofs_y = 0},
    {.bitmap_index = 19681, .adv_w = 734, .box_w = 40, .box_h = 42, .ofs_x = 4, .ofs_y = 0},
    {.bitmap_index = 20521, .adv_w = 695, .box_w = 41, .box_h = 44, .ofs_x = 2, .ofs_y = -1},
    {.bitmap_index = 21423, .adv_w = 793, .box_w = 44, .box_h = 42, .ofs_x = 4, .ofs_y = 0},
    {.bitmap_index = 22347, .adv_w = 644, .box_w = 34, .box_h = 42, .ofs_x = 4, .ofs_y = 0},
    {.bitmap_index = 23061, .adv_w = 613, .box_w = 33, .box_h = 42, .ofs_x = 4, .ofs_y = 0},
    {.bitmap_index = 23754, .adv_w = 740, .box_w = 42, .box_h = 44, .ofs_x = 2, .ofs_y = -1},
    {.bitmap_index = 24678, .adv_w = 776, .box_w = 40, .box_h = 42, .ofs_x = 4, .ofs_y = 0},
    {.bitmap_index = 25518, .adv_w = 315, .box_w = 11, .box_h = 42, .ofs_x = 4, .ofs_y = 0},
    {.bitmap_index = 25749, .adv_w = 519, .box_w = 29, .box_h = 43, .ofs_x = -1, .ofs_y = -1},
    {.bitmap_index = 26373, .adv_w = 710, .box_w = 42, .box_h = 42, .ofs_x = 4, .ofs_y = 0},
    {.bitmap_index = 27255, .adv_w = 580, .box_w = 32, .box_h = 42, .ofs_x = 4, .ofs_y = 0},
    {.bitmap_index = 27927, .adv_w = 917, .box_w = 49, .box_h = 42, .ofs_x = 4, .ofs_y = 0},
    {.bitmap_index = 28956, .adv_w = 776, .box_w = 40, .box_h = 42, .ofs_x = 4, .ofs_y = 0},
    {.bitmap_index = 29796, .adv_w = 810, .box_w = 47, .box_h = 44, .ofs_x = 2, .ofs_y = -1},
    {.bitmap_index = 30830, .adv_w = 703, .box_w = 38, .box_h = 42, .ofs_x = 4, .ofs_y = 0},
    {.bitmap_index = 31628, .adv_w = 810, .box_w = 49, .box_h = 54, .ofs_x = 2, .ofs_y = -11},
    {.bitmap_index = 32951, .adv_w = 706, .box_w = 39, .box_h = 42, .ofs_x = 4, .ofs_y = 0},
    {.bitmap_index = 33770, .adv_w = 612, .box_w = 36, .box_h = 44, .ofs_x = 1, .ofs_y = -1},
    {.bitmap_index = 34562, .adv_w = 593, .box_w = 37, .box_h = 42, .ofs_x = 0, .ofs_y = 0},
    {.bitmap_index = 35339, .adv_w = 756, .box_w = 39, .box_h = 43, .ofs_x = 4, .ofs_y = -1},
    {.bitmap_index = 36178, .adv_w = 716, .box_w = 47, .box_h = 42, .ofs_x = -1, .ofs_y = 0},
    {.bitmap_index = 37165, .adv_w = 1116, .box_w = 68, .box_h = 42, .ofs_x = 1, .ofs_y = 0},
    {.bitmap_index = 38593, .adv_w = 685, .box_w = 43, .box_h = 42, .ofs_x = 0, .ofs_y = 0},
    {.bitmap_index = 39496, .adv_w = 649, .box_w = 43, .box_h = 42, .ofs_x = -1, .ofs_y = 0},
    {.bitmap_index = 40399, .adv_w = 644, .box_w = 37, .box_h = 42, .ofs_x = 2, .ofs_y = 0},
    {.bitmap_index = 41176, .adv_w = 353, .box_w = 18, .box_h = 57, .ofs_x = 4, .ofs_y = -12},
    {.bitmap_index = 41689, .adv_w = 376, .box_w = 29, .box_h = 57, .ofs_x = -3, .ofs_y = -6},
    {.bitmap_index = 42516, .adv_w = 353, .box_w = 18, .box_h = 57, .ofs_x = 0, .ofs_y = -12},
    {.bitmap_index = 43029, .adv_w = 576, .box_w = 30, .box_h = 26, .ofs_x = 3, .ofs_y = 9},
    {.bitmap_index = 43419, .adv_w = 480, .box_w = 30, .box_h = 6, .ofs_x = 0, .ofs_y = -5},
    {.bitmap_index = 43509, .adv_w = 576, .box_w = 19, .box_h = 9, .ofs_x = 5, .ofs_y = 37},
    {.bitmap_index = 43595, .adv_w = 592, .box_w = 31, .box_h = 33, .ofs_x = 2, .ofs_y = 0},
    {.bitmap_index = 44107, .adv_w = 662, .box_w = 36, .box_h = 45, .ofs_x = 4, .ofs_y = 0},
    {.bitmap_index = 44917, .adv_w = 567, .box_w = 34, .box_h = 33, .ofs_x = 1, .ofs_y = 0},
    {.bitmap_index = 45478, .adv_w = 664, .box_w = 36, .box_h = 45, .ofs_x = 2, .ofs_y = 0},
    {.bitmap_index = 46288, .adv_w = 606, .box_w = 35, .box_h = 33, .ofs_x = 1, .ofs_y = 0},
    {.bitmap_index = 46866, .adv_w = 372, .box_w = 26, .box_h = 46, .ofs_x = 0, .ofs_y = 0},
    {.bitmap_index = 47464, .adv_w = 672, .box_w = 37, .box_h = 45, .ofs_x = 1, .ofs_y = -12},
    {.bitmap_index = 48297, .adv_w = 663, .box_w = 34, .box_h = 45, .ofs_x = 4, .ofs_y = 0},
    {.bitmap_index = 49062, .adv_w = 289, .box_w = 12, .box_h = 48, .ofs_x = 3, .ofs_y = 0},
    {.bitmap_index = 49350, .adv_w = 295, .box_w = 22, .box_h = 60, .ofs_x = -6, .ofs_y = -12},
    {.bitmap_index = 50010, .adv_w = 629, .box_w = 36, .box_h = 45, .ofs_x = 4, .ofs_y = 0},
    {.bitmap_index = 50820, .adv_w = 289, .box_w = 10, .box_h = 45, .ofs_x = 4, .ofs_y = 0},
    {.bitmap_index = 51045, .adv_w = 1007, .box_w = 55, .box_h = 33, .ofs_x = 4, .ofs_y = 0},
    {.bitmap_index = 51953, .adv_w = 663, .box_w = 34, .box_h = 33, .ofs_x = 4, .ofs_y = 0},
    {.bitmap_index = 52514, .adv_w = 629, .box_w = 37, .box_h = 33, .ofs_x = 1, .ofs_y = 0},
    {.bitmap_index = 53125, .adv_w = 662, .box_w = 36, .box_h = 45, .ofs_x = 4, .ofs_y = -12},
    {.bitmap_index = 53935, .adv_w = 662, .box_w = 37, .box_h = 45, .ofs_x = 1, .ofs_y = -12},
    {.bitmap_index = 54768, .adv_w = 414, .box_w = 21, .box_h = 33, .ofs_x = 4, .ofs_y = 0},
    {.bitmap_index = 55115, .adv_w = 510, .box_w = 30, .box_h = 33, .ofs_x = 1, .ofs_y = 0},
    {.bitmap_index = 55610, .adv_w = 418, .box_w = 26, .box_h = 40, .ofs_x = 0, .ofs_y = 0},
    {.bitmap_index = 56130, .adv_w = 660, .box_w = 33, .box_h = 33, .ofs_x = 4, .ofs_y = 0},
    {.bitmap_index = 56675, .adv_w = 574, .box_w = 38, .box_h = 33, .ofs_x = -1, .ofs_y = 0},
    {.bitmap_index = 57302, .adv_w = 900, .box_w = 57, .box_h = 33, .ofs_x = 0, .ofs_y = 0},
    {.bitmap_index = 58243, .adv_w = 571, .box_w = 36, .box_h = 33, .ofs_x = 0, .ofs_y = 0},
    {.bitmap_index = 58837, .adv_w = 574, .box_w = 38, .box_h = 45, .ofs_x = -1, .ofs_y = -12},
    {.bitmap_index = 59692, .adv_w = 521, .box_w = 29, .box_h = 33, .ofs_x = 2, .ofs_y = 0},
    {.bitmap_index = 60171, .adv_w = 375, .box_w = 20, .box_h = 57, .ofs_x = 3, .ofs_y = -12},
    {.bitmap_index = 60741, .adv_w = 297, .box_w = 10, .box_h = 57, .ofs_x = 4, .ofs_y = -12},
    {.bitmap_index = 61026, .adv_w = 375, .box_w = 21, .box_h = 57, .ofs_x = 0, .ofs_y = -12},
    {.bitmap_index = 61625, .adv_w = 575, .box_w = 30, .box_h = 12, .ofs_x = 3, .ofs_y = 15},
    {.bitmap_index = 61805, .adv_w = 401, .box_w = 23, .box_h = 21, .ofs_x = 1, .ofs_y = 22},
    {.bitmap_index = 62047, .adv_w = 960, .box_w = 60, .box_h = 6, .ofs_x = 0, .ofs_y = 14},
    {.bitmap_index = 62227, .adv_w = 344, .box_w = 16, .box_h = 16, .ofs_x = 3, .ofs_y = 9}
};

/*---------------------
 *  CHARACTER MAPPING
 *--------------------*/

static const uint16_t unicode_list_1[] = {
    0x00, 0x1f64, 0x1f72
};

/*Collect the unicode lists and glyph_id offsets*/
static const lv_font_fmt_txt_cmap_t cmaps[] =
{
    {
        .range_start = 32, .range_length = 95, .glyph_id_start = 1,
        .unicode_list = NULL, .glyph_id_ofs_list = NULL, .list_length = 0, .type = LV_FONT_FMT_TXT_CMAP_FORMAT0_TINY
    },
    {
        .range_start = 176, .range_length = 8051, .glyph_id_start = 96,
        .unicode_list = unicode_list_1, .glyph_id_ofs_list = NULL, .list_length = 3, .type = LV_FONT_FMT_TXT_CMAP_SPARSE_TINY
    }
};

/*-----------------
 *    KERNING
 *----------------*/

/*Map glyph_ids to kern left classes*/
static const uint8_t kern_left_class_mapping[] =
{
    0, 0, 1, 2, 0, 3, 4, 5,
    2, 6, 0, 7, 8, 9, 8, 9,
    10, 11, 0, 12, 13, 14, 15, 16,
    17, 18, 11, 19, 19, 0, 0, 0,
    20, 21, 0, 0, 0, 0, 0, 0,
    0, 0, 0, 0, 0, 0, 0, 0,
    0, 0, 0, 0, 0, 0, 0, 0,
    0, 0, 0, 0, 22, 23, 0, 0,
    24, 0, 0, 0, 0, 0, 0, 0,
    0, 0, 0, 0, 0, 0, 0, 0,
    0, 0, 0, 0, 0, 0, 0, 0,
    0, 0, 0, 0, 22, 0, 0, 8,
    25, 0, 8
};

/*Map glyph_ids to kern right classes*/
static const uint8_t kern_right_class_mapping[] =
{
    0, 0, 1, 2, 0, 3, 4, 5,
    2, 0, 6, 7, 8, 9, 8, 9,
    10, 11, 12, 13, 14, 15, 16, 11,
    17, 18, 19, 20, 20, 0, 0, 0,
    21, 22, 0, 0, 0, 0, 0, 0,
    0, 0, 0, 0, 0, 0, 0, 0,
    0, 0, 0, 0, 0, 0, 0, 0,
    0, 0, 0, 0, 23, 24, 25, 0,
    26, 0, 0, 0, 0, 0, 0, 0,
    0, 0, 0, 0, 0, 0, 0, 0,
    0, 0, 0, 0, 0, 0, 0, 0,
    0, 0, 0, 0, 0, 0, 25, 8,
    27, 0, 8
};

/*Kern values between classes*/
static const int8_t kern_class_values[] =
{
    0, 3, 0, 0, 0, 0, 7, 0,
    3, 0, 0, 9, 0, 0, 0, 0,
    3, 0, 0, 0, 0, 0, 0, 0,
    3, 0, 0, 3, 38, 0, 20, -15,
    0, 17, 0, -47, -51, 3, 38, 15,
    12, -34, 3, 34, 0, 32, 9, 23,
    -13, 0, 51, 11, -3, 17, 0, -26,
    0, 0, 0, 0, -17, 12, 17, 0,
    0, -9, 0, -3, 9, 0, -9, 0,
    -9, -4, -17, 0, 0, -9, 0, -17,
    -13, 0, -20, 0, -107, 0, -17, -43,
    17, 26, 0, 0, -17, 9, 9, 27,
    17, -12, 17, 0, 0, -46, 0, 0,
    -29, 0, 0, -20, -11, -34, 0, -34,
    -3, 0, -26, 0, -3, 26, 0, -26,
    -11, -3, 3, 0, -12, 0, 0, -7,
    -55, 0, 0, -68, -11, 18, -43, 0,
    0, 0, 0, 0, 0, 0, 0, 0,
    31, 0, 9, 0, 0, -17, 0, 0,
    0, 0, 0, 0, 0, 0, 37, 11,
    3, 0, 7, 17, 9, 26, -9, 0,
    17, -9, -31, -113, 3, 20, 17, -2,
    -10, 0, 20, 0, 23, 0, 23, 0,
    0, 0, 3, -9, 26, 0, 0, -12,
    -29, 0, 0, -9, 3, -7, 0, 3,
    -18, -14, -17, 3, 0, -9, 0, 0,
    0, -34, 3, 0, -55, 0, 0, 0,
    3, -47, 9, -56, 0, 0, -31, -7,
    0, 77, -11, -14, 9, 9, 0, 0,
    -14, 9, 0, 0, -48, -17, 0, -80,
    0, 9, -56, 0, 51, -17, 0, -29,
    31, 0, -61, -80, -62, -17, 26, 0,
    0, -55, 0, 6, -22, 0, -13, 0,
    -17, 0, 12, 26, -100, 38, 0, 3,
    0, 0, 0, 0, 3, 3, -11, -17,
    0, -3, -3, -9, 0, 0, -3, 0,
    0, 0, -17, 0, 0, -17, 0, -17,
    0, 0, 0, 0, 9, -3, 0, 0,
    -3, 9, 9, 0, 0, 0, 0, -9,
    0, 0, 0, 0, 0, 0, 0, 0,
    -3, 0, 26, 0, 0, -9, 0, -9,
    0, 0, 0, 0, 0, 0, 0, 0,
    -4, -4, 0, -9, -8, 0, 0, 0,
    0, 0, 0, 0, 0, 0, -13, 0,
    -26, -3, -26, 17, 0, -17, 9, 17,
    20, 0, -21, 0, -6, 0, 0, -36,
    9, -3, 7, -48, 9, 0, -43, 0,
    17, -26, 0, 0, 0, -9, 0, 0,
    -9, 0, 0, 0, 0, 0, -4, -4,
    0, -4, -10, 0, 0, 0, 0, 0,
    0, -9, 0, 0, -6, 0, -3, 0,
    -17, 9, 0, -6, 4, 9, 9, 0,
    0, 0, 0, 0, 0, -3, 0, 0,
    0, 0, 0, 0, 0, 0, 0, -13,
    0, 26, -3, 3, -23, 0, 20, -43,
    -42, -33, -17, 9, 0, -6, -55, -15,
    0, -15, 0, -17, 13, -15, 0, 9,
    7, -26, 9, 0, 0, 0, -9, 0,
    0, 3, 0, 9, 0, 0, 0, 0,
    0, 0, 0, 0, 0, 0, 0, -9,
    0, 0, -26, 0, 0, 0, 0, 9,
    0, 0, 0, 0, 0, 0, 0, 45,
    0, 0, 0, 0, 0, 0, 3, 0,
    0, 0, -9, 0, 0, -18, 0, 9,
    0, -3, 0, 0, 0, -9, 0, 6,
    0, -43, -26, 0, 0, 0, -13, -43,
    0, 0, -9, 9, 0, -25, -3, -7,
    0, 0, -13, 9, 0, -13, 0, 0,
    0, 6, 0, 3, -17, -17, 0, -9,
    -9, -11, 0, 0, 0, 0, 0, 0,
    -26, 0, 0, -17, 11, -26, 9, 3,
    11, 0, 0, 0, 11, 3, -3, 0,
    37, 0, 20, 3, 3, -14, 0, 17,
    0, 0, 0, 11, 0, 0, 26, 0,
    28, 0, 0, -51, 0, -9, 12, 26,
    -113, 0, 77, 6, -17, -17, 9, 9,
    -3, 3, -43, 0, 0, 45, -51, -17,
    0, -62, 37, 119, -51, 0, -3, 17,
    -20, 0, 3, -9, 0, 9, 102, -17,
    -6, 23, 20, -20, 9, 0, 0, 9,
    9, -15, -26, 0, -111, 28, 0, 0,
    0, 17, 17, 22, 0, 0, 26, 0,
    -56, -46, 0, 39, 26, 15, -34, 3,
    32, 0, 29, 0, 17, 9, 0, 48,
    0, 0, 0
};

/*Collect the kern class' data in one place*/
static const lv_font_fmt_txt_kern_classes_t kern_classes =
{
    .class_pair_values   = kern_class_values,
    .left_class_mapping  = kern_left_class_mapping,
    .right_class_mapping = kern_right_class_mapping,
    .left_class_cnt      = 25,
    .right_class_cnt     = 27,
};

/*--------------------
 *  ALL CUSTOM DATA
 *--------------------*/

#if LVGL_VERSION_MAJOR == 8
/*Store all the custom data of the font*/
static  lv_font_fmt_txt_glyph_cache_t cache;
#endif

#if LVGL_VERSION_MAJOR >= 8
static const lv_font_fmt_txt_dsc_t font_dsc = {
#else
static lv_font_fmt_txt_dsc_t font_dsc = {
#endif
    .glyph_bitmap = glyph_bitmap,
    .glyph_dsc = glyph_dsc,
    .cmaps = cmaps,
    .kern_dsc = &kern_classes,
    .kern_scale = 18,
    .cmap_num = 2,
    .bpp = 4,
    .kern_classes = 1,
    .bitmap_format = 0,
#if LVGL_VERSION_MAJOR == 8
    .cache = &cache
#endif

};



/*-----------------
 *  PUBLIC FONT
 *----------------*/

/*Initialize a public general font descriptor*/
#if LVGL_VERSION_MAJOR >= 8
const lv_font_t font_h1_data = {
#else
lv_font_t font_h1_data = {
#endif
    .get_glyph_dsc = lv_font_get_glyph_dsc_fmt_txt,    /*Function pointer to get glyph's data*/
    .get_glyph_bitmap = lv_font_get_bitmap_fmt_txt,    /*Function pointer to get glyph's bitmap*/
    .line_height = 63,          /*The maximum line height required by the font*/
    .base_line = 12,             /*Baseline measured from the bottom of the line*/
#if LV_VERSION_CHECK(9, 6, 0) || LVGL_VERSION_MAJOR >= 10
    .cap_height = 42,           /*Cap height of the font*/
    .x_height = 32,               /*x-height of the font*/
#endif
#if !(LVGL_VERSION_MAJOR == 6 && LVGL_VERSION_MINOR == 0)
    .subpx = LV_FONT_SUBPX_NONE,
#endif
#if LV_VERSION_CHECK(7, 4, 0) || LVGL_VERSION_MAJOR >= 8
    .underline_position = -6,
    .underline_thickness = 3,
#endif

#if LV_VERSION_CHECK(9, 3, 0)
    .static_bitmap = 1,    /*Bitmaps are stored as const so they are always static if not compressed */
#endif

    .dsc = &font_dsc,          /*The custom font data. Will be accessed by `get_glyph_bitmap/dsc` */
#if LV_VERSION_CHECK(8, 2, 0) || LVGL_VERSION_MAJOR >= 9
    .fallback = NULL,
#endif
    .user_data = NULL,
};



#endif /*#if FONT_H1_DATA*/
