/*******************************************************************************
 * Size: 28 px
 * Bpp: 4
 * Opts: --font /fonts/Montserrat-SemiBold.ttf -o /fonts/font_h3_data.c --size 28 --bpp 4 --format lvgl --no-compress --symbols °—• --range 0x20-0x7F
 ******************************************************************************/

#ifdef __has_include
    #if __has_include("lvgl.h")
        #ifndef LV_LVGL_H_INCLUDE_SIMPLE
            #define LV_LVGL_H_INCLUDE_SIMPLE
        #endif
    #endif
#endif

#ifdef LV_LVGL_H_INCLUDE_SIMPLE
    #include "lvgl.h"
#else
    #include "lvgl/lvgl.h"
#endif



#ifndef FONT_H3_DATA
#define FONT_H3_DATA 1
#endif

#if FONT_H3_DATA

/*-----------------
 *    BITMAPS
 *----------------*/

/*Store the image of the glyphs*/
static LV_ATTRIBUTE_LARGE_CONST const uint8_t glyph_bitmap[] = {
    /* U+0020 " " */

    /* U+0021 "!" */
    0x2f, 0xff, 0xf0, 0x1f, 0xff, 0xe0, 0x0f, 0xff,
    0xd0, 0x0f, 0xff, 0xc0, 0x0e, 0xff, 0xb0, 0x0d,
    0xff, 0xb0, 0x0d, 0xff, 0xa0, 0x0c, 0xff, 0x90,
    0x0b, 0xff, 0x80, 0x0a, 0xff, 0x70, 0x09, 0xff,
    0x60, 0x09, 0xff, 0x60, 0x08, 0xff, 0x50, 0x00,
    0x00, 0x00, 0x00, 0x32, 0x00, 0x0c, 0xff, 0x90,
    0x4f, 0xff, 0xf0, 0x3f, 0xff, 0xf0, 0x07, 0xee,
    0x50,

    /* U+0022 "\"" */
    0x6f, 0xf9, 0x00, 0xff, 0xf6, 0xff, 0x80, 0x0f,
    0xff, 0x5f, 0xf8, 0x00, 0xff, 0xe5, 0xff, 0x70,
    0x0e, 0xfe, 0x4f, 0xf7, 0x00, 0xef, 0xd4, 0xff,
    0x60, 0x0d, 0xfd, 0x3f, 0xf6, 0x00, 0xdf, 0xc2,
    0xbb, 0x30, 0x08, 0xb8,

    /* U+0023 "#" */
    0x00, 0x00, 0x00, 0xcf, 0xb0, 0x00, 0x08, 0xff,
    0x00, 0x00, 0x00, 0x00, 0x00, 0xff, 0x90, 0x00,
    0x0b, 0xfd, 0x00, 0x00, 0x00, 0x00, 0x01, 0xff,
    0x70, 0x00, 0x0d, 0xfb, 0x00, 0x00, 0x00, 0x00,
    0x03, 0xff, 0x40, 0x00, 0x0f, 0xf8, 0x00, 0x00,
    0x06, 0xff, 0xff, 0xff, 0xff, 0xff, 0xff, 0xff,
    0xff, 0xf3, 0x06, 0xff, 0xff, 0xff, 0xff, 0xff,
    0xff, 0xff, 0xff, 0xf4, 0x03, 0x88, 0x8d, 0xff,
    0x88, 0x88, 0xbf, 0xf9, 0x88, 0x82, 0x00, 0x00,
    0x0b, 0xfd, 0x00, 0x00, 0x7f, 0xf1, 0x00, 0x00,
    0x00, 0x00, 0x0d, 0xfb, 0x00, 0x00, 0x9f, 0xf0,
    0x00, 0x00, 0x00, 0x00, 0x0f, 0xf9, 0x00, 0x00,
    0xbf, 0xd0, 0x00, 0x00, 0x00, 0x00, 0x1f, 0xf7,
    0x00, 0x00, 0xdf, 0xb0, 0x00, 0x00, 0x00, 0x00,
    0x3f, 0xf5, 0x00, 0x00, 0xef, 0x90, 0x00, 0x00,
    0x5f, 0xff, 0xff, 0xff, 0xff, 0xff, 0xff, 0xff,
    0xff, 0x50, 0x5f, 0xff, 0xff, 0xff, 0xff, 0xff,
    0xff, 0xff, 0xff, 0x50, 0x38, 0x88, 0xdf, 0xf8,
    0x88, 0x8a, 0xff, 0xa8, 0x88, 0x20, 0x00, 0x00,
    0xbf, 0xd0, 0x00, 0x06, 0xff, 0x10, 0x00, 0x00,
    0x00, 0x00, 0xdf, 0xb0, 0x00, 0x08, 0xff, 0x00,
    0x00, 0x00, 0x00, 0x00, 0xff, 0x90, 0x00, 0x0b,
    0xfd, 0x00, 0x00, 0x00, 0x00, 0x01, 0xff, 0x70,
    0x00, 0x0d, 0xfb, 0x00, 0x00, 0x00,

    /* U+0024 "$" */
    0x00, 0x00, 0x00, 0x02, 0xff, 0x10, 0x00, 0x00,
    0x00, 0x00, 0x00, 0x00, 0x2f, 0xf1, 0x00, 0x00,
    0x00, 0x00, 0x00, 0x00, 0x02, 0xff, 0x10, 0x00,
    0x00, 0x00, 0x00, 0x00, 0x00, 0x2f, 0xf1, 0x00,
    0x00, 0x00, 0x00, 0x00, 0x18, 0xcf, 0xff, 0xfe,
    0xb7, 0x10, 0x00, 0x00, 0x7f, 0xff, 0xff, 0xff,
    0xff, 0xff, 0x70, 0x00, 0x8f, 0xff, 0xff, 0xff,
    0xef, 0xff, 0xf6, 0x00, 0x2f, 0xff, 0xe4, 0x2f,
    0xf1, 0x15, 0xbe, 0x00, 0x07, 0xff, 0xf4, 0x02,
    0xff, 0x10, 0x00, 0x10, 0x00, 0x9f, 0xff, 0x10,
    0x2f, 0xf1, 0x00, 0x00, 0x00, 0x07, 0xff, 0xf8,
    0x02, 0xff, 0x10, 0x00, 0x00, 0x00, 0x2f, 0xff,
    0xfd, 0x9f, 0xf1, 0x00, 0x00, 0x00, 0x00, 0x7f,
    0xff, 0xff, 0xff, 0xb6, 0x20, 0x00, 0x00, 0x00,
    0x4c, 0xff, 0xff, 0xff, 0xff, 0xb3, 0x00, 0x00,
    0x00, 0x03, 0x8c, 0xff, 0xff, 0xff, 0xf7, 0x00,
    0x00, 0x00, 0x00, 0x2f, 0xf9, 0xef, 0xff, 0xf2,
    0x00, 0x00, 0x00, 0x02, 0xff, 0x10, 0x9f, 0xff,
    0x70, 0x00, 0x00, 0x00, 0x2f, 0xf1, 0x00, 0xff,
    0xf9, 0x00, 0x91, 0x00, 0x02, 0xff, 0x10, 0x2f,
    0xff, 0x70, 0x6f, 0xf9, 0x40, 0x2f, 0xf2, 0x4d,
    0xff, 0xf2, 0x0d, 0xff, 0xff, 0xfe, 0xff, 0xff,
    0xff, 0xf9, 0x00, 0x3c, 0xff, 0xff, 0xff, 0xff,
    0xff, 0xf8, 0x00, 0x00, 0x03, 0x8c, 0xef, 0xff,
    0xfc, 0x82, 0x00, 0x00, 0x00, 0x00, 0x00, 0x2f,
    0xf1, 0x00, 0x00, 0x00, 0x00, 0x00, 0x00, 0x02,
    0xff, 0x10, 0x00, 0x00, 0x00, 0x00, 0x00, 0x00,
    0x2f, 0xf1, 0x00, 0x00, 0x00, 0x00, 0x00, 0x00,
    0x00, 0x11, 0x00, 0x00, 0x00, 0x00,

    /* U+0025 "%" */
    0x00, 0x08, 0xdf, 0xea, 0x20, 0x00, 0x00, 0x00,
    0x1e, 0xfb, 0x00, 0x00, 0x00, 0xdf, 0xff, 0xff,
    0xe2, 0x00, 0x00, 0x00, 0xbf, 0xe1, 0x00, 0x00,
    0x08, 0xfe, 0x40, 0x2d, 0xfc, 0x00, 0x00, 0x06,
    0xff, 0x50, 0x00, 0x00, 0x0e, 0xf7, 0x00, 0x04,
    0xff, 0x10, 0x00, 0x2f, 0xfa, 0x00, 0x00, 0x00,
    0x0f, 0xf3, 0x00, 0x00, 0xff, 0x40, 0x00, 0xcf,
    0xe0, 0x00, 0x00, 0x00, 0x0f, 0xf4, 0x00, 0x00,
    0xff, 0x40, 0x08, 0xff, 0x30, 0x00, 0x00, 0x00,
    0x0e, 0xf7, 0x00, 0x04, 0xff, 0x10, 0x3f, 0xf8,
    0x00, 0x00, 0x00, 0x00, 0x08, 0xff, 0x50, 0x3d,
    0xfb, 0x00, 0xdf, 0xc0, 0x00, 0x00, 0x00, 0x00,
    0x00, 0xcf, 0xff, 0xff, 0xe2, 0x0a, 0xff, 0x20,
    0x7d, 0xec, 0x70, 0x00, 0x00, 0x07, 0xde, 0xd9,
    0x10, 0x5f, 0xf6, 0x0c, 0xff, 0xff, 0xfb, 0x00,
    0x00, 0x00, 0x00, 0x00, 0x01, 0xef, 0xb0, 0x8f,
    0xe4, 0x05, 0xff, 0x70, 0x00, 0x00, 0x00, 0x00,
    0x0b, 0xfe, 0x10, 0xef, 0x60, 0x00, 0x8f, 0xd0,
    0x00, 0x00, 0x00, 0x00, 0x7f, 0xf4, 0x02, 0xff,
    0x20, 0x00, 0x4f, 0xf1, 0x00, 0x00, 0x00, 0x02,
    0xff, 0x90, 0x03, 0xff, 0x10, 0x00, 0x2f, 0xf2,
    0x00, 0x00, 0x00, 0x0d, 0xfd, 0x00, 0x02, 0xff,
    0x20, 0x00, 0x3f, 0xf1, 0x00, 0x00, 0x00, 0x9f,
    0xf3, 0x00, 0x00, 0xff, 0x60, 0x00, 0x8f, 0xe0,
    0x00, 0x00, 0x04, 0xff, 0x70, 0x00, 0x00, 0x9f,
    0xe3, 0x04, 0xff, 0x70, 0x00, 0x00, 0x1e, 0xfc,
    0x00, 0x00, 0x00, 0x1d, 0xff, 0xff, 0xfc, 0x00,
    0x00, 0x00, 0xaf, 0xf2, 0x00, 0x00, 0x00, 0x01,
    0x9e, 0xfd, 0x80, 0x00,

    /* U+0026 "&" */
    0x00, 0x00, 0x28, 0xdf, 0xfe, 0xa3, 0x00, 0x00,
    0x00, 0x00, 0x00, 0x4f, 0xff, 0xff, 0xff, 0xf6,
    0x00, 0x00, 0x00, 0x00, 0x1f, 0xff, 0xe9, 0x8c,
    0xff, 0xf1, 0x00, 0x00, 0x00, 0x06, 0xff, 0xe1,
    0x00, 0x0c, 0xff, 0x50, 0x00, 0x00, 0x00, 0x7f,
    0xfb, 0x00, 0x00, 0x9f, 0xf5, 0x00, 0x00, 0x00,
    0x05, 0xff, 0xe0, 0x00, 0x1e, 0xff, 0x10, 0x00,
    0x00, 0x00, 0x0d, 0xff, 0x90, 0x3d, 0xff, 0x80,
    0x00, 0x00, 0x00, 0x00, 0x3f, 0xff, 0xcf, 0xff,
    0x80, 0x00, 0x00, 0x00, 0x00, 0x00, 0xaf, 0xff,
    0xfd, 0x30, 0x00, 0x00, 0x00, 0x00, 0x03, 0xdf,
    0xff, 0xff, 0xe3, 0x00, 0x02, 0x30, 0x00, 0x04,
    0xff, 0xfc, 0x5e, 0xff, 0xf4, 0x00, 0x8f, 0xe5,
    0x02, 0xff, 0xf9, 0x00, 0x1c, 0xff, 0xf6, 0x0d,
    0xff, 0x30, 0x9f, 0xfd, 0x00, 0x00, 0x0b, 0xff,
    0xfb, 0xff, 0xd0, 0x0d, 0xff, 0x90, 0x00, 0x00,
    0x0a, 0xff, 0xff, 0xf5, 0x00, 0xcf, 0xfc, 0x00,
    0x00, 0x00, 0x09, 0xff, 0xff, 0x00, 0x08, 0xff,
    0xfa, 0x30, 0x00, 0x17, 0xef, 0xff, 0xfc, 0x10,
    0x1e, 0xff, 0xff, 0xfd, 0xef, 0xff, 0xfe, 0xff,
    0xfd, 0x10, 0x1c, 0xff, 0xff, 0xff, 0xff, 0xf9,
    0x04, 0xff, 0xa0, 0x00, 0x04, 0x9d, 0xff, 0xec,
    0x82, 0x00, 0x04, 0xb0, 0x00, 0x00, 0x00, 0x00,
    0x00, 0x00, 0x00, 0x00, 0x00, 0x00,

    /* U+0027 "'" */
    0x6f, 0xf9, 0x6f, 0xf8, 0x5f, 0xf8, 0x5f, 0xf7,
    0x4f, 0xf7, 0x4f, 0xf6, 0x3f, 0xf6, 0x2b, 0xb3,

    /* U+0028 "(" */
    0x00, 0x08, 0xff, 0xd0, 0x00, 0x1f, 0xff, 0x50,
    0x00, 0x9f, 0xfd, 0x00, 0x00, 0xff, 0xf7, 0x00,
    0x05, 0xff, 0xf2, 0x00, 0x0a, 0xff, 0xd0, 0x00,
    0x0e, 0xff, 0x80, 0x00, 0x1f, 0xff, 0x50, 0x00,
    0x4f, 0xff, 0x20, 0x00, 0x6f, 0xff, 0x00, 0x00,
    0x7f, 0xfe, 0x00, 0x00, 0x8f, 0xfe, 0x00, 0x00,
    0x9f, 0xfd, 0x00, 0x00, 0x9f, 0xfd, 0x00, 0x00,
    0x8f, 0xfe, 0x00, 0x00, 0x7f, 0xfe, 0x00, 0x00,
    0x6f, 0xff, 0x00, 0x00, 0x4f, 0xff, 0x20, 0x00,
    0x1f, 0xff, 0x50, 0x00, 0x0e, 0xff, 0x80, 0x00,
    0x0a, 0xff, 0xd0, 0x00, 0x04, 0xff, 0xf2, 0x00,
    0x00, 0xef, 0xf7, 0x00, 0x00, 0x9f, 0xfd, 0x00,
    0x00, 0x1f, 0xff, 0x50, 0x00, 0x08, 0xff, 0xd0,

    /* U+0029 ")" */
    0x2f, 0xff, 0x30, 0x00, 0x0a, 0xff, 0xc0, 0x00,
    0x02, 0xff, 0xf4, 0x00, 0x00, 0xbf, 0xfa, 0x00,
    0x00, 0x6f, 0xff, 0x00, 0x00, 0x1f, 0xff, 0x50,
    0x00, 0x0c, 0xff, 0x90, 0x00, 0x09, 0xff, 0xc0,
    0x00, 0x06, 0xff, 0xf0, 0x00, 0x04, 0xff, 0xf2,
    0x00, 0x03, 0xff, 0xf3, 0x00, 0x02, 0xff, 0xf4,
    0x00, 0x01, 0xff, 0xf5, 0x00, 0x01, 0xff, 0xf5,
    0x00, 0x02, 0xff, 0xf4, 0x00, 0x03, 0xff, 0xf3,
    0x00, 0x04, 0xff, 0xf2, 0x00, 0x06, 0xff, 0xf0,
    0x00, 0x09, 0xff, 0xc0, 0x00, 0x0c, 0xff, 0x90,
    0x00, 0x1f, 0xff, 0x50, 0x00, 0x6f, 0xff, 0x00,
    0x00, 0xbf, 0xfa, 0x00, 0x02, 0xff, 0xf4, 0x00,
    0x0a, 0xff, 0xc0, 0x00, 0x2f, 0xff, 0x30, 0x00,

    /* U+002A "*" */
    0x00, 0x00, 0x2a, 0x90, 0x00, 0x00, 0x00, 0x00,
    0x3f, 0xe0, 0x00, 0x00, 0x0a, 0x70, 0x3f, 0xd0,
    0x1a, 0x60, 0x4f, 0xfd, 0x7f, 0xe7, 0xff, 0xe0,
    0x07, 0xff, 0xff, 0xff, 0xfd, 0x40, 0x00, 0x1c,
    0xff, 0xff, 0x80, 0x00, 0x02, 0xbf, 0xff, 0xff,
    0xf8, 0x00, 0x4f, 0xff, 0xbf, 0xec, 0xff, 0xe0,
    0x0e, 0xc3, 0x3f, 0xd0, 0x6e, 0x90, 0x01, 0x00,
    0x3f, 0xe0, 0x00, 0x00, 0x00, 0x00, 0x3f, 0xe0,
    0x00, 0x00,

    /* U+002B "+" */
    0x00, 0x00, 0x01, 0x88, 0x60, 0x00, 0x00, 0x00,
    0x00, 0x03, 0xff, 0xc0, 0x00, 0x00, 0x00, 0x00,
    0x03, 0xff, 0xc0, 0x00, 0x00, 0x00, 0x00, 0x03,
    0xff, 0xc0, 0x00, 0x00, 0x00, 0x00, 0x03, 0xff,
    0xc0, 0x00, 0x00, 0x2c, 0xcc, 0xcd, 0xff, 0xfc,
    0xcc, 0xc9, 0x3f, 0xff, 0xff, 0xff, 0xff, 0xff,
    0xfb, 0x3f, 0xff, 0xff, 0xff, 0xff, 0xff, 0xfb,
    0x00, 0x00, 0x03, 0xff, 0xc0, 0x00, 0x00, 0x00,
    0x00, 0x03, 0xff, 0xc0, 0x00, 0x00, 0x00, 0x00,
    0x03, 0xff, 0xc0, 0x00, 0x00, 0x00, 0x00, 0x03,
    0xff, 0xc0, 0x00, 0x00, 0x00, 0x00, 0x03, 0xff,
    0xc0, 0x00, 0x00,

    /* U+002C "," */
    0x05, 0x95, 0x07, 0xff, 0xf5, 0xcf, 0xff, 0xaa,
    0xff, 0xf9, 0x1d, 0xff, 0x40, 0xbf, 0xe0, 0x0f,
    0xf8, 0x03, 0xff, 0x20, 0x7f, 0xd0, 0x00,

    /* U+002D "-" */
    0x6e, 0xee, 0xee, 0xee, 0x37, 0xff, 0xff, 0xff,
    0xf3, 0x7f, 0xff, 0xff, 0xff, 0x30,

    /* U+002E "." */
    0x05, 0x84, 0x08, 0xff, 0xf5, 0xdf, 0xff, 0xab,
    0xff, 0xf8, 0x2c, 0xfb, 0x00,

    /* U+002F "/" */
    0x00, 0x00, 0x00, 0x00, 0x0c, 0xff, 0x50, 0x00,
    0x00, 0x00, 0x02, 0xff, 0xf0, 0x00, 0x00, 0x00,
    0x00, 0x7f, 0xfa, 0x00, 0x00, 0x00, 0x00, 0x0d,
    0xff, 0x40, 0x00, 0x00, 0x00, 0x03, 0xff, 0xe0,
    0x00, 0x00, 0x00, 0x00, 0x8f, 0xf9, 0x00, 0x00,
    0x00, 0x00, 0x0e, 0xff, 0x30, 0x00, 0x00, 0x00,
    0x04, 0xff, 0xd0, 0x00, 0x00, 0x00, 0x00, 0x9f,
    0xf8, 0x00, 0x00, 0x00, 0x00, 0x0f, 0xff, 0x20,
    0x00, 0x00, 0x00, 0x05, 0xff, 0xc0, 0x00, 0x00,
    0x00, 0x00, 0xaf, 0xf7, 0x00, 0x00, 0x00, 0x00,
    0x1f, 0xff, 0x10, 0x00, 0x00, 0x00, 0x06, 0xff,
    0xb0, 0x00, 0x00, 0x00, 0x00, 0xcf, 0xf6, 0x00,
    0x00, 0x00, 0x00, 0x1f, 0xff, 0x00, 0x00, 0x00,
    0x00, 0x07, 0xff, 0xa0, 0x00, 0x00, 0x00, 0x00,
    0xdf, 0xf5, 0x00, 0x00, 0x00, 0x00, 0x2f, 0xfe,
    0x00, 0x00, 0x00, 0x00, 0x08, 0xff, 0x90, 0x00,
    0x00, 0x00, 0x00, 0xef, 0xf3, 0x00, 0x00, 0x00,
    0x00, 0x3f, 0xfe, 0x00, 0x00, 0x00, 0x00, 0x09,
    0xff, 0x80, 0x00, 0x00, 0x00, 0x00, 0xef, 0xf2,
    0x00, 0x00, 0x00, 0x00, 0x4f, 0xfd, 0x00, 0x00,
    0x00, 0x00, 0x0a, 0xff, 0x70, 0x00, 0x00, 0x00,
    0x00,

    /* U+0030 "0" */
    0x00, 0x00, 0x17, 0xcf, 0xfe, 0xb6, 0x00, 0x00,
    0x00, 0x00, 0x5f, 0xff, 0xff, 0xff, 0xfe, 0x30,
    0x00, 0x00, 0x6f, 0xff, 0xff, 0xff, 0xff, 0xff,
    0x40, 0x00, 0x3f, 0xff, 0xf9, 0x42, 0x4b, 0xff,
    0xfe, 0x10, 0x0b, 0xff, 0xf5, 0x00, 0x00, 0x08,
    0xff, 0xf9, 0x02, 0xff, 0xfa, 0x00, 0x00, 0x00,
    0x0d, 0xff, 0xf0, 0x7f, 0xff, 0x40, 0x00, 0x00,
    0x00, 0x7f, 0xff, 0x49, 0xff, 0xf1, 0x00, 0x00,
    0x00, 0x03, 0xff, 0xf7, 0xbf, 0xff, 0x00, 0x00,
    0x00, 0x00, 0x1f, 0xff, 0x8c, 0xff, 0xe0, 0x00,
    0x00, 0x00, 0x01, 0xff, 0xf9, 0xbf, 0xff, 0x00,
    0x00, 0x00, 0x00, 0x1f, 0xff, 0x89, 0xff, 0xf1,
    0x00, 0x00, 0x00, 0x03, 0xff, 0xf7, 0x7f, 0xff,
    0x40, 0x00, 0x00, 0x00, 0x7f, 0xff, 0x42, 0xff,
    0xfa, 0x00, 0x00, 0x00, 0x0d, 0xff, 0xf0, 0x0b,
    0xff, 0xf5, 0x00, 0x00, 0x08, 0xff, 0xf9, 0x00,
    0x3f, 0xff, 0xf9, 0x42, 0x4b, 0xff, 0xfe, 0x10,
    0x00, 0x6f, 0xff, 0xff, 0xff, 0xff, 0xff, 0x40,
    0x00, 0x00, 0x5f, 0xff, 0xff, 0xff, 0xfe, 0x40,
    0x00, 0x00, 0x00, 0x17, 0xcf, 0xfe, 0xb6, 0x00,
    0x00, 0x00,

    /* U+0031 "1" */
    0xcf, 0xff, 0xff, 0xff, 0x0c, 0xff, 0xff, 0xff,
    0xf0, 0xcf, 0xff, 0xff, 0xff, 0x00, 0x00, 0x0a,
    0xff, 0xf0, 0x00, 0x00, 0xaf, 0xff, 0x00, 0x00,
    0x0a, 0xff, 0xf0, 0x00, 0x00, 0xaf, 0xff, 0x00,
    0x00, 0x0a, 0xff, 0xf0, 0x00, 0x00, 0xaf, 0xff,
    0x00, 0x00, 0x0a, 0xff, 0xf0, 0x00, 0x00, 0xaf,
    0xff, 0x00, 0x00, 0x0a, 0xff, 0xf0, 0x00, 0x00,
    0xaf, 0xff, 0x00, 0x00, 0x0a, 0xff, 0xf0, 0x00,
    0x00, 0xaf, 0xff, 0x00, 0x00, 0x0a, 0xff, 0xf0,
    0x00, 0x00, 0xaf, 0xff, 0x00, 0x00, 0x0a, 0xff,
    0xf0, 0x00, 0x00, 0xaf, 0xff, 0x00,

    /* U+0032 "2" */
    0x00, 0x02, 0x8c, 0xef, 0xed, 0x93, 0x00, 0x00,
    0x01, 0xaf, 0xff, 0xff, 0xff, 0xff, 0xb0, 0x00,
    0x2e, 0xff, 0xff, 0xff, 0xff, 0xff, 0xfb, 0x00,
    0x5f, 0xff, 0xc6, 0x32, 0x49, 0xff, 0xff, 0x40,
    0x02, 0xd6, 0x00, 0x00, 0x00, 0x6f, 0xff, 0x80,
    0x00, 0x00, 0x00, 0x00, 0x00, 0x1f, 0xff, 0xa0,
    0x00, 0x00, 0x00, 0x00, 0x00, 0x1f, 0xff, 0x80,
    0x00, 0x00, 0x00, 0x00, 0x00, 0x7f, 0xff, 0x40,
    0x00, 0x00, 0x00, 0x00, 0x02, 0xff, 0xfc, 0x00,
    0x00, 0x00, 0x00, 0x00, 0x3e, 0xff, 0xe2, 0x00,
    0x00, 0x00, 0x00, 0x04, 0xff, 0xff, 0x30, 0x00,
    0x00, 0x00, 0x00, 0x5f, 0xff, 0xe3, 0x00, 0x00,
    0x00, 0x00, 0x07, 0xff, 0xfd, 0x20, 0x00, 0x00,
    0x00, 0x00, 0x8f, 0xff, 0xc1, 0x00, 0x00, 0x00,
    0x00, 0x0a, 0xff, 0xfb, 0x00, 0x00, 0x00, 0x00,
    0x00, 0xbf, 0xff, 0xa1, 0x00, 0x00, 0x00, 0x00,
    0x0c, 0xff, 0xff, 0xff, 0xff, 0xff, 0xff, 0xf6,
    0x0f, 0xff, 0xff, 0xff, 0xff, 0xff, 0xff, 0xf6,
    0x0f, 0xff, 0xff, 0xff, 0xff, 0xff, 0xff, 0xf6,

    /* U+0033 "3" */
    0x0f, 0xff, 0xff, 0xff, 0xff, 0xff, 0xff, 0x50,
    0x0f, 0xff, 0xff, 0xff, 0xff, 0xff, 0xff, 0x50,
    0x0f, 0xff, 0xff, 0xff, 0xff, 0xff, 0xff, 0x30,
    0x00, 0x00, 0x00, 0x00, 0x09, 0xff, 0xf6, 0x00,
    0x00, 0x00, 0x00, 0x00, 0x7f, 0xff, 0x70, 0x00,
    0x00, 0x00, 0x00, 0x05, 0xff, 0xf9, 0x00, 0x00,
    0x00, 0x00, 0x00, 0x4f, 0xff, 0xb0, 0x00, 0x00,
    0x00, 0x00, 0x02, 0xff, 0xfe, 0x10, 0x00, 0x00,
    0x00, 0x00, 0x09, 0xff, 0xff, 0xfc, 0x50, 0x00,
    0x00, 0x00, 0x09, 0xff, 0xff, 0xff, 0xf9, 0x00,
    0x00, 0x00, 0x03, 0x55, 0x6a, 0xff, 0xff, 0x60,
    0x00, 0x00, 0x00, 0x00, 0x00, 0x2f, 0xff, 0xd0,
    0x00, 0x00, 0x00, 0x00, 0x00, 0x09, 0xff, 0xf1,
    0x00, 0x00, 0x00, 0x00, 0x00, 0x09, 0xff, 0xf1,
    0x09, 0x60, 0x00, 0x00, 0x00, 0x1e, 0xff, 0xe0,
    0x3f, 0xfe, 0x85, 0x32, 0x48, 0xef, 0xff, 0x80,
    0xcf, 0xff, 0xff, 0xff, 0xff, 0xff, 0xfd, 0x00,
    0x1a, 0xff, 0xff, 0xff, 0xff, 0xff, 0xb1, 0x00,
    0x00, 0x17, 0xad, 0xff, 0xed, 0x94, 0x00, 0x00,

    /* U+0034 "4" */
    0x00, 0x00, 0x00, 0x00, 0x00, 0xcf, 0xff, 0x20,
    0x00, 0x00, 0x00, 0x00, 0x00, 0x00, 0x8f, 0xff,
    0x50, 0x00, 0x00, 0x00, 0x00, 0x00, 0x00, 0x5f,
    0xff, 0x90, 0x00, 0x00, 0x00, 0x00, 0x00, 0x00,
    0x2f, 0xff, 0xc0, 0x00, 0x00, 0x00, 0x00, 0x00,
    0x00, 0x0d, 0xff, 0xf2, 0x00, 0x00, 0x00, 0x00,
    0x00, 0x00, 0x0a, 0xff, 0xf5, 0x00, 0x00, 0x00,
    0x00, 0x00, 0x00, 0x06, 0xff, 0xf8, 0x00, 0x00,
    0x00, 0x00, 0x00, 0x00, 0x03, 0xff, 0xfc, 0x00,
    0x00, 0x00, 0x00, 0x00, 0x00, 0x01, 0xef, 0xfe,
    0x10, 0x02, 0xff, 0xf3, 0x00, 0x00, 0x00, 0xbf,
    0xff, 0x40, 0x00, 0x3f, 0xff, 0x30, 0x00, 0x00,
    0x8f, 0xff, 0x80, 0x00, 0x03, 0xff, 0xf3, 0x00,
    0x00, 0x4f, 0xff, 0xc0, 0x00, 0x00, 0x3f, 0xff,
    0x40, 0x00, 0x0e, 0xff, 0xff, 0xff, 0xff, 0xff,
    0xff, 0xff, 0xff, 0xb0, 0xff, 0xff, 0xff, 0xff,
    0xff, 0xff, 0xff, 0xff, 0xfb, 0x0f, 0xff, 0xff,
    0xff, 0xff, 0xff, 0xff, 0xff, 0xff, 0xb0, 0x00,
    0x00, 0x00, 0x00, 0x00, 0x4f, 0xff, 0x30, 0x00,
    0x00, 0x00, 0x00, 0x00, 0x00, 0x04, 0xff, 0xf3,
    0x00, 0x00, 0x00, 0x00, 0x00, 0x00, 0x00, 0x4f,
    0xff, 0x30, 0x00, 0x00, 0x00, 0x00, 0x00, 0x00,
    0x04, 0xff, 0xf3, 0x00, 0x00,

    /* U+0035 "5" */
    0x00, 0x3f, 0xff, 0xff, 0xff, 0xff, 0xff, 0x50,
    0x00, 0x5f, 0xff, 0xff, 0xff, 0xff, 0xff, 0x50,
    0x00, 0x6f, 0xff, 0xff, 0xff, 0xff, 0xff, 0x50,
    0x00, 0x8f, 0xfd, 0x00, 0x00, 0x00, 0x00, 0x00,
    0x00, 0xaf, 0xfb, 0x00, 0x00, 0x00, 0x00, 0x00,
    0x00, 0xbf, 0xfa, 0x00, 0x00, 0x00, 0x00, 0x00,
    0x00, 0xdf, 0xf8, 0x00, 0x00, 0x00, 0x00, 0x00,
    0x00, 0xff, 0xff, 0xff, 0xfe, 0xb7, 0x10, 0x00,
    0x00, 0xff, 0xff, 0xff, 0xff, 0xff, 0xf6, 0x00,
    0x02, 0xff, 0xff, 0xff, 0xff, 0xff, 0xff, 0x60,
    0x00, 0x00, 0x00, 0x00, 0x25, 0xbf, 0xff, 0xe0,
    0x00, 0x00, 0x00, 0x00, 0x00, 0x0a, 0xff, 0xf4,
    0x00, 0x00, 0x00, 0x00, 0x00, 0x04, 0xff, 0xf6,
    0x00, 0x00, 0x00, 0x00, 0x00, 0x04, 0xff, 0xf6,
    0x06, 0xa1, 0x00, 0x00, 0x00, 0x0b, 0xff, 0xf3,
    0x0e, 0xff, 0xa6, 0x32, 0x36, 0xdf, 0xff, 0xc0,
    0x6f, 0xff, 0xff, 0xff, 0xff, 0xff, 0xff, 0x30,
    0x07, 0xef, 0xff, 0xff, 0xff, 0xff, 0xd3, 0x00,
    0x00, 0x05, 0x9c, 0xef, 0xed, 0xa5, 0x00, 0x00,

    /* U+0036 "6" */
    0x00, 0x00, 0x02, 0x8c, 0xef, 0xfe, 0xb6, 0x10,
    0x00, 0x01, 0xaf, 0xff, 0xff, 0xff, 0xff, 0xc0,
    0x00, 0x2d, 0xff, 0xff, 0xff, 0xff, 0xff, 0x50,
    0x00, 0xdf, 0xff, 0xd6, 0x20, 0x12, 0x69, 0x00,
    0x08, 0xff, 0xf9, 0x00, 0x00, 0x00, 0x00, 0x00,
    0x0f, 0xff, 0xc0, 0x00, 0x00, 0x00, 0x00, 0x00,
    0x5f, 0xff, 0x40, 0x00, 0x00, 0x00, 0x00, 0x00,
    0x9f, 0xff, 0x02, 0x9d, 0xff, 0xda, 0x40, 0x00,
    0xbf, 0xff, 0x7f, 0xff, 0xff, 0xff, 0xfb, 0x00,
    0xbf, 0xff, 0xff, 0xff, 0xef, 0xff, 0xff, 0xb0,
    0xbf, 0xff, 0xfc, 0x40, 0x00, 0x4d, 0xff, 0xf5,
    0xaf, 0xff, 0xd0, 0x00, 0x00, 0x01, 0xff, 0xfb,
    0x7f, 0xff, 0x80, 0x00, 0x00, 0x00, 0xbf, 0xfd,
    0x4f, 0xff, 0x80, 0x00, 0x00, 0x00, 0xbf, 0xfc,
    0x0d, 0xff, 0xd0, 0x00, 0x00, 0x01, 0xff, 0xfa,
    0x05, 0xff, 0xfc, 0x30, 0x00, 0x4d, 0xff, 0xf3,
    0x00, 0x9f, 0xff, 0xff, 0xef, 0xff, 0xff, 0x80,
    0x00, 0x07, 0xff, 0xff, 0xff, 0xff, 0xf7, 0x00,
    0x00, 0x00, 0x17, 0xce, 0xfe, 0xc8, 0x20, 0x00,

    /* U+0037 "7" */
    0x3f, 0xff, 0xff, 0xff, 0xff, 0xff, 0xff, 0xff,
    0x03, 0xff, 0xff, 0xff, 0xff, 0xff, 0xff, 0xff,
    0xf0, 0x3f, 0xff, 0xff, 0xff, 0xff, 0xff, 0xff,
    0xfe, 0x03, 0xff, 0xf3, 0x00, 0x00, 0x00, 0x5f,
    0xff, 0x80, 0x3f, 0xff, 0x20, 0x00, 0x00, 0x0c,
    0xff, 0xf1, 0x03, 0xff, 0xf2, 0x00, 0x00, 0x03,
    0xff, 0xf9, 0x00, 0x04, 0x44, 0x00, 0x00, 0x00,
    0xbf, 0xff, 0x20, 0x00, 0x00, 0x00, 0x00, 0x00,
    0x2f, 0xff, 0xa0, 0x00, 0x00, 0x00, 0x00, 0x00,
    0x09, 0xff, 0xf3, 0x00, 0x00, 0x00, 0x00, 0x00,
    0x01, 0xff, 0xfc, 0x00, 0x00, 0x00, 0x00, 0x00,
    0x00, 0x8f, 0xff, 0x40, 0x00, 0x00, 0x00, 0x00,
    0x00, 0x1f, 0xff, 0xd0, 0x00, 0x00, 0x00, 0x00,
    0x00, 0x07, 0xff, 0xf6, 0x00, 0x00, 0x00, 0x00,
    0x00, 0x00, 0xef, 0xfe, 0x00, 0x00, 0x00, 0x00,
    0x00, 0x00, 0x6f, 0xff, 0x70, 0x00, 0x00, 0x00,
    0x00, 0x00, 0x0d, 0xff, 0xf1, 0x00, 0x00, 0x00,
    0x00, 0x00, 0x05, 0xff, 0xf8, 0x00, 0x00, 0x00,
    0x00, 0x00, 0x00, 0xcf, 0xff, 0x10, 0x00, 0x00,
    0x00, 0x00, 0x00, 0x4f, 0xff, 0xa0, 0x00, 0x00,
    0x00, 0x00,

    /* U+0038 "8" */
    0x00, 0x01, 0x6b, 0xef, 0xfe, 0xc8, 0x20, 0x00,
    0x00, 0x06, 0xff, 0xff, 0xff, 0xff, 0xff, 0x80,
    0x00, 0x05, 0xff, 0xff, 0xfe, 0xdf, 0xff, 0xff,
    0x90, 0x00, 0xef, 0xff, 0x70, 0x00, 0x05, 0xef,
    0xff, 0x20, 0x1f, 0xff, 0x90, 0x00, 0x00, 0x04,
    0xff, 0xf5, 0x01, 0xff, 0xf8, 0x00, 0x00, 0x00,
    0x3f, 0xff, 0x50, 0x0d, 0xff, 0xe3, 0x00, 0x00,
    0x1c, 0xff, 0xf1, 0x00, 0x3f, 0xff, 0xfd, 0xaa,
    0xcf, 0xff, 0xf6, 0x00, 0x00, 0x3f, 0xff, 0xff,
    0xff, 0xff, 0xf6, 0x00, 0x00, 0x3e, 0xff, 0xff,
    0xff, 0xff, 0xff, 0xf6, 0x00, 0x1e, 0xff, 0xf9,
    0x31, 0x02, 0x7e, 0xff, 0xf4, 0x08, 0xff, 0xf4,
    0x00, 0x00, 0x00, 0x2e, 0xff, 0xd0, 0xcf, 0xfd,
    0x00, 0x00, 0x00, 0x00, 0x9f, 0xff, 0x0d, 0xff,
    0xd0, 0x00, 0x00, 0x00, 0x09, 0xff, 0xf1, 0xaf,
    0xff, 0x20, 0x00, 0x00, 0x00, 0xef, 0xff, 0x04,
    0xff, 0xfe, 0x60, 0x00, 0x04, 0xdf, 0xff, 0x80,
    0x0a, 0xff, 0xff, 0xfe, 0xef, 0xff, 0xff, 0xd1,
    0x00, 0x08, 0xff, 0xff, 0xff, 0xff, 0xff, 0xa1,
    0x00, 0x00, 0x02, 0x7b, 0xef, 0xfe, 0xc8, 0x30,
    0x00, 0x00,

    /* U+0039 "9" */
    0x00, 0x00, 0x5a, 0xdf, 0xfd, 0xa5, 0x00, 0x00,
    0x00, 0x03, 0xdf, 0xff, 0xff, 0xff, 0xfd, 0x20,
    0x00, 0x03, 0xff, 0xff, 0xfe, 0xef, 0xff, 0xff,
    0x30, 0x00, 0xcf, 0xff, 0x70, 0x00, 0x05, 0xef,
    0xfd, 0x00, 0x2f, 0xff, 0x70, 0x00, 0x00, 0x03,
    0xff, 0xf6, 0x04, 0xff, 0xf3, 0x00, 0x00, 0x00,
    0x0f, 0xff, 0xd0, 0x3f, 0xff, 0x70, 0x00, 0x00,
    0x03, 0xff, 0xff, 0x00, 0xef, 0xff, 0x71, 0x00,
    0x06, 0xef, 0xff, 0xf3, 0x06, 0xff, 0xff, 0xfe,
    0xef, 0xff, 0xff, 0xff, 0x40, 0x06, 0xff, 0xff,
    0xff, 0xff, 0xe8, 0xff, 0xf4, 0x00, 0x01, 0x8c,
    0xef, 0xeb, 0x60, 0x7f, 0xff, 0x40, 0x00, 0x00,
    0x00, 0x00, 0x00, 0x0a, 0xff, 0xf1, 0x00, 0x00,
    0x00, 0x00, 0x00, 0x00, 0xef, 0xfe, 0x00, 0x00,
    0x00, 0x00, 0x00, 0x00, 0x7f, 0xff, 0x90, 0x00,
    0x00, 0x00, 0x00, 0x00, 0x5f, 0xff, 0xf2, 0x00,
    0x05, 0xb4, 0x20, 0x14, 0xaf, 0xff, 0xf7, 0x00,
    0x00, 0xdf, 0xff, 0xff, 0xff, 0xff, 0xf9, 0x00,
    0x00, 0x3f, 0xff, 0xff, 0xff, 0xff, 0xe6, 0x00,
    0x00, 0x00, 0x39, 0xce, 0xff, 0xda, 0x60, 0x00,
    0x00, 0x00,

    /* U+003A ":" */
    0x2c, 0xfb, 0x0b, 0xff, 0xf8, 0xdf, 0xff, 0xa8,
    0xff, 0xf5, 0x06, 0x94, 0x00, 0x00, 0x00, 0x00,
    0x00, 0x00, 0x00, 0x00, 0x00, 0x00, 0x00, 0x00,
    0x00, 0x05, 0x84, 0x08, 0xff, 0xf5, 0xdf, 0xff,
    0xab, 0xff, 0xf8, 0x2c, 0xfb, 0x00,

    /* U+003B ";" */
    0x2c, 0xfb, 0x0b, 0xff, 0xf8, 0xdf, 0xff, 0xa8,
    0xff, 0xf5, 0x06, 0x94, 0x00, 0x00, 0x00, 0x00,
    0x00, 0x00, 0x00, 0x00, 0x00, 0x00, 0x00, 0x00,
    0x00, 0x05, 0x95, 0x07, 0xff, 0xf5, 0xcf, 0xff,
    0xaa, 0xff, 0xf9, 0x1d, 0xff, 0x40, 0xbf, 0xe0,
    0x0f, 0xf8, 0x03, 0xff, 0x20, 0x7f, 0xd0, 0x00,

    /* U+003C "<" */
    0x00, 0x00, 0x00, 0x00, 0x00, 0x00, 0x00, 0x00,
    0x00, 0x00, 0x00, 0x00, 0x05, 0xbb, 0x00, 0x00,
    0x00, 0x00, 0x28, 0xef, 0xfb, 0x00, 0x00, 0x00,
    0x6c, 0xff, 0xff, 0xf9, 0x00, 0x04, 0xaf, 0xff,
    0xff, 0xe8, 0x20, 0x07, 0xdf, 0xff, 0xff, 0xa4,
    0x00, 0x00, 0x3f, 0xff, 0xfc, 0x60, 0x00, 0x00,
    0x00, 0x3f, 0xff, 0xa2, 0x00, 0x00, 0x00, 0x00,
    0x2f, 0xff, 0xff, 0xd7, 0x10, 0x00, 0x00, 0x01,
    0x6d, 0xff, 0xff, 0xfb, 0x50, 0x00, 0x00, 0x00,
    0x39, 0xef, 0xff, 0xfe, 0x93, 0x00, 0x00, 0x00,
    0x05, 0xbf, 0xff, 0xfb, 0x00, 0x00, 0x00, 0x00,
    0x02, 0x8e, 0xfb, 0x00, 0x00, 0x00, 0x00, 0x00,
    0x00, 0x47,

    /* U+003D "=" */
    0x3f, 0xff, 0xff, 0xff, 0xff, 0xff, 0xfb, 0x3f,
    0xff, 0xff, 0xff, 0xff, 0xff, 0xfb, 0x2c, 0xcc,
    0xcc, 0xcc, 0xcc, 0xcc, 0xc9, 0x00, 0x00, 0x00,
    0x00, 0x00, 0x00, 0x00, 0x00, 0x00, 0x00, 0x00,
    0x00, 0x00, 0x00, 0x00, 0x00, 0x00, 0x00, 0x00,
    0x00, 0x00, 0x00, 0x00, 0x00, 0x00, 0x00, 0x00,
    0x00, 0x3f, 0xff, 0xff, 0xff, 0xff, 0xff, 0xfb,
    0x3f, 0xff, 0xff, 0xff, 0xff, 0xff, 0xfb, 0x2c,
    0xcc, 0xcc, 0xcc, 0xcc, 0xcc, 0xc9,

    /* U+003E ">" */
    0x00, 0x00, 0x00, 0x00, 0x00, 0x00, 0x00, 0x3e,
    0x82, 0x00, 0x00, 0x00, 0x00, 0x00, 0x3f, 0xff,
    0xc6, 0x00, 0x00, 0x00, 0x00, 0x2e, 0xff, 0xff,
    0xf9, 0x30, 0x00, 0x00, 0x00, 0x5b, 0xff, 0xff,
    0xfd, 0x71, 0x00, 0x00, 0x00, 0x17, 0xcf, 0xff,
    0xff, 0xb4, 0x00, 0x00, 0x00, 0x02, 0x8e, 0xff,
    0xfb, 0x00, 0x00, 0x00, 0x00, 0x05, 0xef, 0xfb,
    0x00, 0x00, 0x00, 0x39, 0xff, 0xff, 0xfa, 0x00,
    0x02, 0x8d, 0xff, 0xff, 0xfa, 0x40, 0x06, 0xcf,
    0xff, 0xff, 0xc6, 0x00, 0x00, 0x3f, 0xff, 0xfe,
    0x92, 0x00, 0x00, 0x00, 0x3f, 0xfb, 0x50, 0x00,
    0x00, 0x00, 0x00, 0x27, 0x10, 0x00, 0x00, 0x00,
    0x00, 0x00,

    /* U+003F "?" */
    0x00, 0x03, 0x8c, 0xef, 0xfd, 0xa5, 0x00, 0x00,
    0x1a, 0xff, 0xff, 0xff, 0xff, 0xfc, 0x10, 0x2e,
    0xff, 0xff, 0xff, 0xff, 0xff, 0xfd, 0x07, 0xff,
    0xfa, 0x41, 0x02, 0x7f, 0xff, 0xf5, 0x03, 0xc5,
    0x00, 0x00, 0x00, 0x6f, 0xff, 0x80, 0x00, 0x00,
    0x00, 0x00, 0x02, 0xff, 0xf7, 0x00, 0x00, 0x00,
    0x00, 0x00, 0x7f, 0xff, 0x30, 0x00, 0x00, 0x00,
    0x00, 0x5f, 0xff, 0xa0, 0x00, 0x00, 0x00, 0x00,
    0x6f, 0xff, 0xc0, 0x00, 0x00, 0x00, 0x00, 0x6f,
    0xff, 0xa0, 0x00, 0x00, 0x00, 0x00, 0x3f, 0xff,
    0xa0, 0x00, 0x00, 0x00, 0x00, 0x0a, 0xff, 0xf0,
    0x00, 0x00, 0x00, 0x00, 0x00, 0x68, 0x87, 0x00,
    0x00, 0x00, 0x00, 0x00, 0x00, 0x00, 0x00, 0x00,
    0x00, 0x00, 0x00, 0x00, 0x03, 0x30, 0x00, 0x00,
    0x00, 0x00, 0x00, 0x0a, 0xff, 0xa0, 0x00, 0x00,
    0x00, 0x00, 0x02, 0xff, 0xff, 0x20, 0x00, 0x00,
    0x00, 0x00, 0x1f, 0xff, 0xf1, 0x00, 0x00, 0x00,
    0x00, 0x00, 0x6e, 0xe6, 0x00, 0x00, 0x00,

    /* U+0040 "@" */
    0x00, 0x00, 0x00, 0x00, 0x27, 0xbd, 0xef, 0xed,
    0xb8, 0x30, 0x00, 0x00, 0x00, 0x00, 0x00, 0x00,
    0x05, 0xcf, 0xff, 0xff, 0xff, 0xff, 0xff, 0xd6,
    0x00, 0x00, 0x00, 0x00, 0x00, 0x1b, 0xff, 0xfe,
    0xa7, 0x54, 0x56, 0x9d, 0xff, 0xfd, 0x20, 0x00,
    0x00, 0x00, 0x3e, 0xff, 0xc4, 0x00, 0x00, 0x00,
    0x00, 0x02, 0x9f, 0xff, 0x40, 0x00, 0x00, 0x2e,
    0xff, 0x70, 0x00, 0x48, 0xa9, 0x72, 0x06, 0xbb,
    0x9e, 0xff, 0x30, 0x00, 0x0d, 0xff, 0x50, 0x02,
    0xcf, 0xff, 0xff, 0xf8, 0x8f, 0xf9, 0x1e, 0xfe,
    0x00, 0x06, 0xff, 0x70, 0x02, 0xef, 0xff, 0xff,
    0xff, 0xff, 0xff, 0x90, 0x3f, 0xf8, 0x00, 0xef,
    0xd0, 0x00, 0xcf, 0xff, 0x61, 0x02, 0x9f, 0xff,
    0xf9, 0x00, 0x9f, 0xe0, 0x3f, 0xf6, 0x00, 0x5f,
    0xff, 0x30, 0x00, 0x00, 0x7f, 0xff, 0x90, 0x02,
    0xff, 0x48, 0xff, 0x10, 0x0a, 0xff, 0x90, 0x00,
    0x00, 0x00, 0xef, 0xf9, 0x00, 0x0d, 0xf8, 0xaf,
    0xe0, 0x00, 0xdf, 0xf5, 0x00, 0x00, 0x00, 0x09,
    0xff, 0x90, 0x00, 0xbf, 0xab, 0xfd, 0x00, 0x0e,
    0xff, 0x30, 0x00, 0x00, 0x00, 0x8f, 0xf9, 0x00,
    0x0a, 0xfb, 0xbf, 0xd0, 0x00, 0xdf, 0xf4, 0x00,
    0x00, 0x00, 0x08, 0xff, 0x90, 0x00, 0xaf, 0xb9,
    0xfe, 0x00, 0x0b, 0xff, 0x70, 0x00, 0x00, 0x00,
    0xcf, 0xf9, 0x00, 0x0c, 0xf9, 0x7f, 0xf1, 0x00,
    0x6f, 0xfe, 0x00, 0x00, 0x00, 0x3f, 0xff, 0x90,
    0x00, 0xff, 0x63, 0xff, 0x60, 0x01, 0xef, 0xfb,
    0x10, 0x00, 0x3e, 0xff, 0xfc, 0x00, 0x7f, 0xf1,
    0x0e, 0xfd, 0x00, 0x05, 0xff, 0xff, 0xba, 0xcf,
    0xfe, 0xff, 0xfc, 0xbf, 0xfa, 0x00, 0x6f, 0xf7,
    0x00, 0x06, 0xff, 0xff, 0xff, 0xfd, 0x1b, 0xff,
    0xff, 0xfd, 0x10, 0x00, 0xdf, 0xf4, 0x00, 0x02,
    0x9d, 0xfe, 0xc7, 0x00, 0x08, 0xef, 0xd8, 0x00,
    0x00, 0x02, 0xef, 0xf6, 0x00, 0x00, 0x00, 0x00,
    0x00, 0x00, 0x00, 0x00, 0x00, 0x00, 0x00, 0x03,
    0xef, 0xfc, 0x40, 0x00, 0x00, 0x00, 0x00, 0x20,
    0x00, 0x00, 0x00, 0x00, 0x00, 0x01, 0xcf, 0xff,
    0xea, 0x75, 0x56, 0x79, 0xdf, 0x30, 0x00, 0x00,
    0x00, 0x00, 0x00, 0x00, 0x5d, 0xff, 0xff, 0xff,
    0xff, 0xff, 0xf7, 0x00, 0x00, 0x00, 0x00, 0x00,
    0x00, 0x00, 0x03, 0x7b, 0xde, 0xff, 0xdb, 0x72,
    0x00, 0x00, 0x00, 0x00,

    /* U+0041 "A" */
    0x00, 0x00, 0x00, 0x00, 0x08, 0xff, 0xf7, 0x00,
    0x00, 0x00, 0x00, 0x00, 0x00, 0x00, 0x00, 0x01,
    0xff, 0xff, 0xe0, 0x00, 0x00, 0x00, 0x00, 0x00,
    0x00, 0x00, 0x00, 0x7f, 0xff, 0xff, 0x60, 0x00,
    0x00, 0x00, 0x00, 0x00, 0x00, 0x00, 0x0e, 0xff,
    0xef, 0xfe, 0x00, 0x00, 0x00, 0x00, 0x00, 0x00,
    0x00, 0x06, 0xff, 0xf3, 0xff, 0xf5, 0x00, 0x00,
    0x00, 0x00, 0x00, 0x00, 0x00, 0xdf, 0xf9, 0x0b,
    0xff, 0xd0, 0x00, 0x00, 0x00, 0x00, 0x00, 0x00,
    0x5f, 0xff, 0x20, 0x4f, 0xff, 0x40, 0x00, 0x00,
    0x00, 0x00, 0x00, 0x0c, 0xff, 0xb0, 0x00, 0xdf,
    0xfc, 0x00, 0x00, 0x00, 0x00, 0x00, 0x04, 0xff,
    0xf4, 0x00, 0x06, 0xff, 0xf3, 0x00, 0x00, 0x00,
    0x00, 0x00, 0xbf, 0xfd, 0x00, 0x00, 0x0e, 0xff,
    0xa0, 0x00, 0x00, 0x00, 0x00, 0x3f, 0xff, 0x60,
    0x00, 0x00, 0x8f, 0xff, 0x20, 0x00, 0x00, 0x00,
    0x0a, 0xff, 0xf0, 0x00, 0x00, 0x01, 0xff, 0xf9,
    0x00, 0x00, 0x00, 0x02, 0xff, 0xff, 0xff, 0xff,
    0xff, 0xff, 0xff, 0xf1, 0x00, 0x00, 0x00, 0x9f,
    0xff, 0xff, 0xff, 0xff, 0xff, 0xff, 0xff, 0x80,
    0x00, 0x00, 0x1f, 0xff, 0xed, 0xdd, 0xdd, 0xdd,
    0xdd, 0xef, 0xff, 0x10, 0x00, 0x08, 0xff, 0xf3,
    0x00, 0x00, 0x00, 0x00, 0x05, 0xff, 0xf7, 0x00,
    0x00, 0xef, 0xfc, 0x00, 0x00, 0x00, 0x00, 0x00,
    0x0d, 0xff, 0xe0, 0x00, 0x7f, 0xff, 0x40, 0x00,
    0x00, 0x00, 0x00, 0x00, 0x6f, 0xff, 0x60, 0x0e,
    0xff, 0xd0, 0x00, 0x00, 0x00, 0x00, 0x00, 0x00,
    0xef, 0xfd, 0x00,

    /* U+0042 "B" */
    0x6f, 0xff, 0xff, 0xff, 0xff, 0xfe, 0xb7, 0x10,
    0x00, 0x06, 0xff, 0xff, 0xff, 0xff, 0xff, 0xff,
    0xff, 0x50, 0x00, 0x6f, 0xff, 0xdd, 0xdd, 0xdd,
    0xef, 0xff, 0xff, 0x40, 0x06, 0xff, 0xf4, 0x00,
    0x00, 0x00, 0x2a, 0xff, 0xfc, 0x00, 0x6f, 0xff,
    0x40, 0x00, 0x00, 0x00, 0x0d, 0xff, 0xf0, 0x06,
    0xff, 0xf4, 0x00, 0x00, 0x00, 0x00, 0xaf, 0xff,
    0x00, 0x6f, 0xff, 0x40, 0x00, 0x00, 0x00, 0x0d,
    0xff, 0xc0, 0x06, 0xff, 0xf4, 0x00, 0x00, 0x01,
    0x5c, 0xff, 0xf4, 0x00, 0x6f, 0xff, 0xff, 0xff,
    0xff, 0xff, 0xff, 0xf6, 0x00, 0x06, 0xff, 0xff,
    0xff, 0xff, 0xff, 0xff, 0xfe, 0x60, 0x00, 0x6f,
    0xff, 0xdd, 0xdd, 0xdd, 0xde, 0xff, 0xff, 0xa0,
    0x06, 0xff, 0xf4, 0x00, 0x00, 0x00, 0x02, 0xaf,
    0xff, 0x70, 0x6f, 0xff, 0x40, 0x00, 0x00, 0x00,
    0x00, 0xdf, 0xfd, 0x06, 0xff, 0xf4, 0x00, 0x00,
    0x00, 0x00, 0x0a, 0xff, 0xf0, 0x6f, 0xff, 0x40,
    0x00, 0x00, 0x00, 0x00, 0xdf, 0xff, 0x06, 0xff,
    0xf4, 0x00, 0x00, 0x00, 0x02, 0xaf, 0xff, 0xb0,
    0x6f, 0xff, 0xdd, 0xdd, 0xdd, 0xdf, 0xff, 0xff,
    0xf3, 0x06, 0xff, 0xff, 0xff, 0xff, 0xff, 0xff,
    0xff, 0xe4, 0x00, 0x6f, 0xff, 0xff, 0xff, 0xff,
    0xff, 0xda, 0x60, 0x00, 0x00,

    /* U+0043 "C" */
    0x00, 0x00, 0x00, 0x48, 0xce, 0xfe, 0xda, 0x50,
    0x00, 0x00, 0x00, 0x04, 0xcf, 0xff, 0xff, 0xff,
    0xff, 0xe6, 0x00, 0x00, 0x08, 0xff, 0xff, 0xff,
    0xff, 0xff, 0xff, 0xfa, 0x00, 0x08, 0xff, 0xff,
    0xe8, 0x53, 0x35, 0xaf, 0xff, 0xe3, 0x04, 0xff,
    0xff, 0x80, 0x00, 0x00, 0x00, 0x1b, 0xe2, 0x00,
    0xdf, 0xff, 0x60, 0x00, 0x00, 0x00, 0x00, 0x01,
    0x00, 0x3f, 0xff, 0xa0, 0x00, 0x00, 0x00, 0x00,
    0x00, 0x00, 0x08, 0xff, 0xf3, 0x00, 0x00, 0x00,
    0x00, 0x00, 0x00, 0x00, 0xaf, 0xff, 0x00, 0x00,
    0x00, 0x00, 0x00, 0x00, 0x00, 0x0b, 0xff, 0xf0,
    0x00, 0x00, 0x00, 0x00, 0x00, 0x00, 0x00, 0xaf,
    0xff, 0x00, 0x00, 0x00, 0x00, 0x00, 0x00, 0x00,
    0x08, 0xff, 0xf3, 0x00, 0x00, 0x00, 0x00, 0x00,
    0x00, 0x00, 0x3f, 0xff, 0xa0, 0x00, 0x00, 0x00,
    0x00, 0x00, 0x00, 0x00, 0xdf, 0xff, 0x60, 0x00,
    0x00, 0x00, 0x00, 0x01, 0x00, 0x04, 0xff, 0xff,
    0x80, 0x00, 0x00, 0x00, 0x1c, 0xe2, 0x00, 0x08,
    0xff, 0xff, 0xe8, 0x53, 0x35, 0xaf, 0xff, 0xf3,
    0x00, 0x08, 0xff, 0xff, 0xff, 0xff, 0xff, 0xff,
    0xfa, 0x00, 0x00, 0x04, 0xdf, 0xff, 0xff, 0xff,
    0xff, 0xe6, 0x00, 0x00, 0x00, 0x00, 0x48, 0xce,
    0xfe, 0xda, 0x50, 0x00, 0x00,

    /* U+0044 "D" */
    0x6f, 0xff, 0xff, 0xff, 0xff, 0xec, 0x95, 0x00,
    0x00, 0x00, 0x6f, 0xff, 0xff, 0xff, 0xff, 0xff,
    0xff, 0xe6, 0x00, 0x00, 0x6f, 0xff, 0xff, 0xff,
    0xff, 0xff, 0xff, 0xff, 0xb0, 0x00, 0x6f, 0xff,
    0x40, 0x00, 0x01, 0x36, 0xbf, 0xff, 0xfc, 0x00,
    0x6f, 0xff, 0x40, 0x00, 0x00, 0x00, 0x04, 0xef,
    0xff, 0x80, 0x6f, 0xff, 0x40, 0x00, 0x00, 0x00,
    0x00, 0x3f, 0xff, 0xf1, 0x6f, 0xff, 0x40, 0x00,
    0x00, 0x00, 0x00, 0x07, 0xff, 0xf6, 0x6f, 0xff,
    0x40, 0x00, 0x00, 0x00, 0x00, 0x01, 0xff, 0xfa,
    0x6f, 0xff, 0x40, 0x00, 0x00, 0x00, 0x00, 0x00,
    0xef, 0xfd, 0x6f, 0xff, 0x40, 0x00, 0x00, 0x00,
    0x00, 0x00, 0xcf, 0xfe, 0x6f, 0xff, 0x40, 0x00,
    0x00, 0x00, 0x00, 0x00, 0xef, 0xfd, 0x6f, 0xff,
    0x40, 0x00, 0x00, 0x00, 0x00, 0x01, 0xff, 0xfa,
    0x6f, 0xff, 0x40, 0x00, 0x00, 0x00, 0x00, 0x07,
    0xff, 0xf7, 0x6f, 0xff, 0x40, 0x00, 0x00, 0x00,
    0x00, 0x2f, 0xff, 0xf1, 0x6f, 0xff, 0x40, 0x00,
    0x00, 0x00, 0x04, 0xef, 0xff, 0x80, 0x6f, 0xff,
    0x40, 0x00, 0x01, 0x36, 0xbf, 0xff, 0xfc, 0x00,
    0x6f, 0xff, 0xff, 0xff, 0xff, 0xff, 0xff, 0xff,
    0xb0, 0x00, 0x6f, 0xff, 0xff, 0xff, 0xff, 0xff,
    0xff, 0xe6, 0x00, 0x00, 0x6f, 0xff, 0xff, 0xff,
    0xff, 0xed, 0x95, 0x00, 0x00, 0x00,

    /* U+0045 "E" */
    0x6f, 0xff, 0xff, 0xff, 0xff, 0xff, 0xff, 0xf0,
    0x6f, 0xff, 0xff, 0xff, 0xff, 0xff, 0xff, 0xf0,
    0x6f, 0xff, 0xff, 0xff, 0xff, 0xff, 0xff, 0xf0,
    0x6f, 0xff, 0x40, 0x00, 0x00, 0x00, 0x00, 0x00,
    0x6f, 0xff, 0x40, 0x00, 0x00, 0x00, 0x00, 0x00,
    0x6f, 0xff, 0x40, 0x00, 0x00, 0x00, 0x00, 0x00,
    0x6f, 0xff, 0x40, 0x00, 0x00, 0x00, 0x00, 0x00,
    0x6f, 0xff, 0x40, 0x00, 0x00, 0x00, 0x00, 0x00,
    0x6f, 0xff, 0xff, 0xff, 0xff, 0xff, 0xfb, 0x00,
    0x6f, 0xff, 0xff, 0xff, 0xff, 0xff, 0xfb, 0x00,
    0x6f, 0xff, 0xff, 0xff, 0xff, 0xff, 0xfb, 0x00,
    0x6f, 0xff, 0x40, 0x00, 0x00, 0x00, 0x00, 0x00,
    0x6f, 0xff, 0x40, 0x00, 0x00, 0x00, 0x00, 0x00,
    0x6f, 0xff, 0x40, 0x00, 0x00, 0x00, 0x00, 0x00,
    0x6f, 0xff, 0x40, 0x00, 0x00, 0x00, 0x00, 0x00,
    0x6f, 0xff, 0x40, 0x00, 0x00, 0x00, 0x00, 0x00,
    0x6f, 0xff, 0xff, 0xff, 0xff, 0xff, 0xff, 0xf5,
    0x6f, 0xff, 0xff, 0xff, 0xff, 0xff, 0xff, 0xf5,
    0x6f, 0xff, 0xff, 0xff, 0xff, 0xff, 0xff, 0xf5,

    /* U+0046 "F" */
    0x6f, 0xff, 0xff, 0xff, 0xff, 0xff, 0xff, 0xf6,
    0xff, 0xff, 0xff, 0xff, 0xff, 0xff, 0xff, 0x6f,
    0xff, 0xff, 0xff, 0xff, 0xff, 0xff, 0xf6, 0xff,
    0xf4, 0x00, 0x00, 0x00, 0x00, 0x00, 0x6f, 0xff,
    0x40, 0x00, 0x00, 0x00, 0x00, 0x06, 0xff, 0xf4,
    0x00, 0x00, 0x00, 0x00, 0x00, 0x6f, 0xff, 0x40,
    0x00, 0x00, 0x00, 0x00, 0x06, 0xff, 0xf4, 0x00,
    0x00, 0x00, 0x00, 0x00, 0x6f, 0xff, 0x41, 0x11,
    0x11, 0x11, 0x10, 0x06, 0xff, 0xff, 0xff, 0xff,
    0xff, 0xff, 0xb0, 0x6f, 0xff, 0xff, 0xff, 0xff,
    0xff, 0xfb, 0x06, 0xff, 0xff, 0xff, 0xff, 0xff,
    0xff, 0xb0, 0x6f, 0xff, 0x40, 0x00, 0x00, 0x00,
    0x00, 0x06, 0xff, 0xf4, 0x00, 0x00, 0x00, 0x00,
    0x00, 0x6f, 0xff, 0x40, 0x00, 0x00, 0x00, 0x00,
    0x06, 0xff, 0xf4, 0x00, 0x00, 0x00, 0x00, 0x00,
    0x6f, 0xff, 0x40, 0x00, 0x00, 0x00, 0x00, 0x06,
    0xff, 0xf4, 0x00, 0x00, 0x00, 0x00, 0x00, 0x6f,
    0xff, 0x40, 0x00, 0x00, 0x00, 0x00, 0x00,

    /* U+0047 "G" */
    0x00, 0x00, 0x00, 0x38, 0xce, 0xff, 0xdb, 0x61,
    0x00, 0x00, 0x00, 0x04, 0xcf, 0xff, 0xff, 0xff,
    0xff, 0xf9, 0x10, 0x00, 0x08, 0xff, 0xff, 0xff,
    0xff, 0xff, 0xff, 0xfd, 0x10, 0x08, 0xff, 0xff,
    0xe9, 0x53, 0x35, 0x8e, 0xff, 0xf5, 0x04, 0xff,
    0xff, 0x80, 0x00, 0x00, 0x00, 0x08, 0xf4, 0x00,
    0xdf, 0xff, 0x60, 0x00, 0x00, 0x00, 0x00, 0x01,
    0x00, 0x3f, 0xff, 0xb0, 0x00, 0x00, 0x00, 0x00,
    0x00, 0x00, 0x08, 0xff, 0xf4, 0x00, 0x00, 0x00,
    0x00, 0x00, 0x00, 0x00, 0xaf, 0xff, 0x00, 0x00,
    0x00, 0x00, 0x00, 0x00, 0x00, 0x0b, 0xff, 0xf0,
    0x00, 0x00, 0x00, 0x00, 0x00, 0xbb, 0xb5, 0xaf,
    0xff, 0x00, 0x00, 0x00, 0x00, 0x00, 0x0f, 0xff,
    0x78, 0xff, 0xf4, 0x00, 0x00, 0x00, 0x00, 0x00,
    0xff, 0xf7, 0x3f, 0xff, 0xb0, 0x00, 0x00, 0x00,
    0x00, 0x0f, 0xff, 0x70, 0xdf, 0xff, 0x60, 0x00,
    0x00, 0x00, 0x00, 0xff, 0xf7, 0x04, 0xff, 0xff,
    0x80, 0x00, 0x00, 0x00, 0x0f, 0xff, 0x70, 0x08,
    0xff, 0xff, 0xe8, 0x53, 0x35, 0x8d, 0xff, 0xf7,
    0x00, 0x08, 0xff, 0xff, 0xff, 0xff, 0xff, 0xff,
    0xff, 0x40, 0x00, 0x04, 0xcf, 0xff, 0xff, 0xff,
    0xff, 0xfb, 0x20, 0x00, 0x00, 0x00, 0x48, 0xce,
    0xff, 0xdb, 0x72, 0x00, 0x00,

    /* U+0048 "H" */
    0x6f, 0xff, 0x40, 0x00, 0x00, 0x00, 0x00, 0x9f,
    0xff, 0x06, 0xff, 0xf4, 0x00, 0x00, 0x00, 0x00,
    0x09, 0xff, 0xf0, 0x6f, 0xff, 0x40, 0x00, 0x00,
    0x00, 0x00, 0x9f, 0xff, 0x06, 0xff, 0xf4, 0x00,
    0x00, 0x00, 0x00, 0x09, 0xff, 0xf0, 0x6f, 0xff,
    0x40, 0x00, 0x00, 0x00, 0x00, 0x9f, 0xff, 0x06,
    0xff, 0xf4, 0x00, 0x00, 0x00, 0x00, 0x09, 0xff,
    0xf0, 0x6f, 0xff, 0x40, 0x00, 0x00, 0x00, 0x00,
    0x9f, 0xff, 0x06, 0xff, 0xf5, 0x11, 0x11, 0x11,
    0x11, 0x1a, 0xff, 0xf0, 0x6f, 0xff, 0xff, 0xff,
    0xff, 0xff, 0xff, 0xff, 0xff, 0x06, 0xff, 0xff,
    0xff, 0xff, 0xff, 0xff, 0xff, 0xff, 0xf0, 0x6f,
    0xff, 0xff, 0xff, 0xff, 0xff, 0xff, 0xff, 0xff,
    0x06, 0xff, 0xf4, 0x00, 0x00, 0x00, 0x00, 0x09,
    0xff, 0xf0, 0x6f, 0xff, 0x40, 0x00, 0x00, 0x00,
    0x00, 0x9f, 0xff, 0x06, 0xff, 0xf4, 0x00, 0x00,
    0x00, 0x00, 0x09, 0xff, 0xf0, 0x6f, 0xff, 0x40,
    0x00, 0x00, 0x00, 0x00, 0x9f, 0xff, 0x06, 0xff,
    0xf4, 0x00, 0x00, 0x00, 0x00, 0x09, 0xff, 0xf0,
    0x6f, 0xff, 0x40, 0x00, 0x00, 0x00, 0x00, 0x9f,
    0xff, 0x06, 0xff, 0xf4, 0x00, 0x00, 0x00, 0x00,
    0x09, 0xff, 0xf0, 0x6f, 0xff, 0x40, 0x00, 0x00,
    0x00, 0x00, 0x9f, 0xff, 0x00,

    /* U+0049 "I" */
    0x6f, 0xff, 0x46, 0xff, 0xf4, 0x6f, 0xff, 0x46,
    0xff, 0xf4, 0x6f, 0xff, 0x46, 0xff, 0xf4, 0x6f,
    0xff, 0x46, 0xff, 0xf4, 0x6f, 0xff, 0x46, 0xff,
    0xf4, 0x6f, 0xff, 0x46, 0xff, 0xf4, 0x6f, 0xff,
    0x46, 0xff, 0xf4, 0x6f, 0xff, 0x46, 0xff, 0xf4,
    0x6f, 0xff, 0x46, 0xff, 0xf4, 0x6f, 0xff, 0x40,

    /* U+004A "J" */
    0x00, 0x5f, 0xff, 0xff, 0xff, 0xff, 0xf4, 0x00,
    0x5f, 0xff, 0xff, 0xff, 0xff, 0xf4, 0x00, 0x5f,
    0xff, 0xff, 0xff, 0xff, 0xf4, 0x00, 0x00, 0x00,
    0x00, 0x05, 0xff, 0xf4, 0x00, 0x00, 0x00, 0x00,
    0x05, 0xff, 0xf4, 0x00, 0x00, 0x00, 0x00, 0x05,
    0xff, 0xf4, 0x00, 0x00, 0x00, 0x00, 0x05, 0xff,
    0xf4, 0x00, 0x00, 0x00, 0x00, 0x05, 0xff, 0xf4,
    0x00, 0x00, 0x00, 0x00, 0x05, 0xff, 0xf4, 0x00,
    0x00, 0x00, 0x00, 0x05, 0xff, 0xf4, 0x00, 0x00,
    0x00, 0x00, 0x05, 0xff, 0xf4, 0x00, 0x00, 0x00,
    0x00, 0x05, 0xff, 0xf4, 0x00, 0x00, 0x00, 0x00,
    0x05, 0xff, 0xf4, 0x00, 0x00, 0x00, 0x00, 0x07,
    0xff, 0xf3, 0x00, 0xd5, 0x00, 0x00, 0x0c, 0xff,
    0xf1, 0x0b, 0xff, 0x93, 0x13, 0xaf, 0xff, 0xc0,
    0x1e, 0xff, 0xff, 0xff, 0xff, 0xff, 0x40, 0x02,
    0xdf, 0xff, 0xff, 0xff, 0xf6, 0x00, 0x00, 0x05,
    0xbe, 0xff, 0xd9, 0x20, 0x00,

    /* U+004B "K" */
    0x6f, 0xff, 0x40, 0x00, 0x00, 0x00, 0x08, 0xff,
    0xf8, 0x06, 0xff, 0xf4, 0x00, 0x00, 0x00, 0x08,
    0xff, 0xf9, 0x00, 0x6f, 0xff, 0x40, 0x00, 0x00,
    0x08, 0xff, 0xf9, 0x00, 0x06, 0xff, 0xf4, 0x00,
    0x00, 0x08, 0xff, 0xfa, 0x00, 0x00, 0x6f, 0xff,
    0x40, 0x00, 0x08, 0xff, 0xfa, 0x00, 0x00, 0x06,
    0xff, 0xf4, 0x00, 0x08, 0xff, 0xfb, 0x00, 0x00,
    0x00, 0x6f, 0xff, 0x40, 0x08, 0xff, 0xfb, 0x00,
    0x00, 0x00, 0x06, 0xff, 0xf4, 0x08, 0xff, 0xfb,
    0x00, 0x00, 0x00, 0x00, 0x6f, 0xff, 0x47, 0xff,
    0xff, 0x10, 0x00, 0x00, 0x00, 0x06, 0xff, 0xfb,
    0xff, 0xff, 0xfa, 0x00, 0x00, 0x00, 0x00, 0x6f,
    0xff, 0xff, 0xff, 0xff, 0xf7, 0x00, 0x00, 0x00,
    0x06, 0xff, 0xff, 0xfd, 0x5f, 0xff, 0xf5, 0x00,
    0x00, 0x00, 0x6f, 0xff, 0xfd, 0x10, 0x5f, 0xff,
    0xf2, 0x00, 0x00, 0x06, 0xff, 0xfd, 0x10, 0x00,
    0x7f, 0xff, 0xe1, 0x00, 0x00, 0x6f, 0xff, 0x40,
    0x00, 0x00, 0x9f, 0xff, 0xc0, 0x00, 0x06, 0xff,
    0xf4, 0x00, 0x00, 0x00, 0xbf, 0xff, 0xa0, 0x00,
    0x6f, 0xff, 0x40, 0x00, 0x00, 0x00, 0xdf, 0xff,
    0x70, 0x06, 0xff, 0xf4, 0x00, 0x00, 0x00, 0x01,
    0xef, 0xff, 0x40, 0x6f, 0xff, 0x40, 0x00, 0x00,
    0x00, 0x03, 0xff, 0xff, 0x20,

    /* U+004C "L" */
    0x6f, 0xff, 0x40, 0x00, 0x00, 0x00, 0x00, 0x06,
    0xff, 0xf4, 0x00, 0x00, 0x00, 0x00, 0x00, 0x6f,
    0xff, 0x40, 0x00, 0x00, 0x00, 0x00, 0x06, 0xff,
    0xf4, 0x00, 0x00, 0x00, 0x00, 0x00, 0x6f, 0xff,
    0x40, 0x00, 0x00, 0x00, 0x00, 0x06, 0xff, 0xf4,
    0x00, 0x00, 0x00, 0x00, 0x00, 0x6f, 0xff, 0x40,
    0x00, 0x00, 0x00, 0x00, 0x06, 0xff, 0xf4, 0x00,
    0x00, 0x00, 0x00, 0x00, 0x6f, 0xff, 0x40, 0x00,
    0x00, 0x00, 0x00, 0x06, 0xff, 0xf4, 0x00, 0x00,
    0x00, 0x00, 0x00, 0x6f, 0xff, 0x40, 0x00, 0x00,
    0x00, 0x00, 0x06, 0xff, 0xf4, 0x00, 0x00, 0x00,
    0x00, 0x00, 0x6f, 0xff, 0x40, 0x00, 0x00, 0x00,
    0x00, 0x06, 0xff, 0xf4, 0x00, 0x00, 0x00, 0x00,
    0x00, 0x6f, 0xff, 0x40, 0x00, 0x00, 0x00, 0x00,
    0x06, 0xff, 0xf4, 0x00, 0x00, 0x00, 0x00, 0x00,
    0x6f, 0xff, 0xff, 0xff, 0xff, 0xff, 0xff, 0x86,
    0xff, 0xff, 0xff, 0xff, 0xff, 0xff, 0xf8, 0x6f,
    0xff, 0xff, 0xff, 0xff, 0xff, 0xff, 0x80,

    /* U+004D "M" */
    0x6f, 0xfe, 0x00, 0x00, 0x00, 0x00, 0x00, 0x00,
    0x00, 0x3f, 0xff, 0x06, 0xff, 0xf8, 0x00, 0x00,
    0x00, 0x00, 0x00, 0x00, 0x0d, 0xff, 0xf0, 0x6f,
    0xff, 0xf2, 0x00, 0x00, 0x00, 0x00, 0x00, 0x07,
    0xff, 0xff, 0x06, 0xff, 0xff, 0xc0, 0x00, 0x00,
    0x00, 0x00, 0x01, 0xff, 0xff, 0xf0, 0x6f, 0xff,
    0xff, 0x60, 0x00, 0x00, 0x00, 0x00, 0xaf, 0xff,
    0xff, 0x06, 0xff, 0xff, 0xfe, 0x10, 0x00, 0x00,
    0x00, 0x4f, 0xff, 0xff, 0xf0, 0x6f, 0xff, 0xff,
    0xfa, 0x00, 0x00, 0x00, 0x0d, 0xff, 0xef, 0xff,
    0x06, 0xff, 0xf6, 0xff, 0xf4, 0x00, 0x00, 0x08,
    0xff, 0xe7, 0xff, 0xf0, 0x6f, 0xff, 0x1a, 0xff,
    0xd0, 0x00, 0x02, 0xff, 0xf5, 0x6f, 0xff, 0x06,
    0xff, 0xf1, 0x1f, 0xff, 0x80, 0x00, 0xbf, 0xfb,
    0x06, 0xff, 0xf0, 0x6f, 0xff, 0x10, 0x6f, 0xff,
    0x20, 0x5f, 0xff, 0x20, 0x6f, 0xff, 0x16, 0xff,
    0xf1, 0x00, 0xcf, 0xfb, 0x0e, 0xff, 0x70, 0x06,
    0xff, 0xf1, 0x6f, 0xff, 0x10, 0x02, 0xff, 0xfc,
    0xff, 0xd0, 0x00, 0x6f, 0xff, 0x16, 0xff, 0xf1,
    0x00, 0x08, 0xff, 0xff, 0xf3, 0x00, 0x06, 0xff,
    0xf1, 0x6f, 0xff, 0x10, 0x00, 0x0d, 0xff, 0xf9,
    0x00, 0x00, 0x5f, 0xff, 0x16, 0xff, 0xf1, 0x00,
    0x00, 0x4f, 0xfe, 0x10, 0x00, 0x05, 0xff, 0xf1,
    0x6f, 0xff, 0x10, 0x00, 0x00, 0x9d, 0x50, 0x00,
    0x00, 0x5f, 0xff, 0x16, 0xff, 0xf1, 0x00, 0x00,
    0x00, 0x00, 0x00, 0x00, 0x05, 0xff, 0xf1, 0x6f,
    0xff, 0x10, 0x00, 0x00, 0x00, 0x00, 0x00, 0x00,
    0x5f, 0xff, 0x10,

    /* U+004E "N" */
    0x6f, 0xfe, 0x20, 0x00, 0x00, 0x00, 0x00, 0x9f,
    0xff, 0x06, 0xff, 0xfd, 0x00, 0x00, 0x00, 0x00,
    0x09, 0xff, 0xf0, 0x6f, 0xff, 0xfb, 0x00, 0x00,
    0x00, 0x00, 0x9f, 0xff, 0x06, 0xff, 0xff, 0xf9,
    0x00, 0x00, 0x00, 0x09, 0xff, 0xf0, 0x6f, 0xff,
    0xff, 0xf6, 0x00, 0x00, 0x00, 0x9f, 0xff, 0x06,
    0xff, 0xff, 0xff, 0xf4, 0x00, 0x00, 0x09, 0xff,
    0xf0, 0x6f, 0xff, 0xbf, 0xff, 0xe2, 0x00, 0x00,
    0x9f, 0xff, 0x06, 0xff, 0xf4, 0x9f, 0xff, 0xd1,
    0x00, 0x09, 0xff, 0xf0, 0x6f, 0xff, 0x40, 0xbf,
    0xff, 0xb0, 0x00, 0x9f, 0xff, 0x06, 0xff, 0xf4,
    0x01, 0xdf, 0xff, 0x90, 0x09, 0xff, 0xf0, 0x6f,
    0xff, 0x40, 0x02, 0xef, 0xff, 0x70, 0x9f, 0xff,
    0x06, 0xff, 0xf4, 0x00, 0x04, 0xff, 0xff, 0x49,
    0xff, 0xf0, 0x6f, 0xff, 0x40, 0x00, 0x06, 0xff,
    0xff, 0xbf, 0xff, 0x06, 0xff, 0xf4, 0x00, 0x00,
    0x09, 0xff, 0xff, 0xff, 0xf0, 0x6f, 0xff, 0x40,
    0x00, 0x00, 0x0b, 0xff, 0xff, 0xff, 0x06, 0xff,
    0xf4, 0x00, 0x00, 0x00, 0x0d, 0xff, 0xff, 0xf0,
    0x6f, 0xff, 0x40, 0x00, 0x00, 0x00, 0x2e, 0xff,
    0xff, 0x06, 0xff, 0xf4, 0x00, 0x00, 0x00, 0x00,
    0x3f, 0xff, 0xf0, 0x6f, 0xff, 0x40, 0x00, 0x00,
    0x00, 0x00, 0x5f, 0xff, 0x00,

    /* U+004F "O" */
    0x00, 0x00, 0x00, 0x38, 0xce, 0xff, 0xda, 0x61,
    0x00, 0x00, 0x00, 0x00, 0x00, 0x3c, 0xff, 0xff,
    0xff, 0xff, 0xff, 0x90, 0x00, 0x00, 0x00, 0x07,
    0xff, 0xff, 0xff, 0xff, 0xff, 0xff, 0xfd, 0x20,
    0x00, 0x00, 0x7f, 0xff, 0xfe, 0x85, 0x34, 0x5a,
    0xff, 0xff, 0xe2, 0x00, 0x04, 0xff, 0xff, 0x80,
    0x00, 0x00, 0x00, 0x2c, 0xff, 0xfd, 0x00, 0x0d,
    0xff, 0xf6, 0x00, 0x00, 0x00, 0x00, 0x00, 0xcf,
    0xff, 0x60, 0x3f, 0xff, 0xb0, 0x00, 0x00, 0x00,
    0x00, 0x00, 0x2f, 0xff, 0xd0, 0x8f, 0xff, 0x40,
    0x00, 0x00, 0x00, 0x00, 0x00, 0x0a, 0xff, 0xf1,
    0xaf, 0xff, 0x00, 0x00, 0x00, 0x00, 0x00, 0x00,
    0x07, 0xff, 0xf3, 0xbf, 0xff, 0x00, 0x00, 0x00,
    0x00, 0x00, 0x00, 0x05, 0xff, 0xf5, 0xaf, 0xff,
    0x00, 0x00, 0x00, 0x00, 0x00, 0x00, 0x07, 0xff,
    0xf3, 0x8f, 0xff, 0x40, 0x00, 0x00, 0x00, 0x00,
    0x00, 0x0a, 0xff, 0xf1, 0x3f, 0xff, 0xb0, 0x00,
    0x00, 0x00, 0x00, 0x00, 0x2f, 0xff, 0xd0, 0x0d,
    0xff, 0xf6, 0x00, 0x00, 0x00, 0x00, 0x00, 0xcf,
    0xff, 0x60, 0x04, 0xff, 0xff, 0x70, 0x00, 0x00,
    0x00, 0x2c, 0xff, 0xfd, 0x00, 0x00, 0x8f, 0xff,
    0xfe, 0x84, 0x33, 0x5a, 0xff, 0xff, 0xe2, 0x00,
    0x00, 0x07, 0xff, 0xff, 0xff, 0xff, 0xff, 0xff,
    0xfd, 0x20, 0x00, 0x00, 0x00, 0x3c, 0xff, 0xff,
    0xff, 0xff, 0xff, 0x90, 0x00, 0x00, 0x00, 0x00,
    0x00, 0x38, 0xce, 0xff, 0xdb, 0x61, 0x00, 0x00,
    0x00,

    /* U+0050 "P" */
    0x6f, 0xff, 0xff, 0xff, 0xfe, 0xda, 0x61, 0x00,
    0x00, 0x6f, 0xff, 0xff, 0xff, 0xff, 0xff, 0xfe,
    0x60, 0x00, 0x6f, 0xff, 0xff, 0xff, 0xff, 0xff,
    0xff, 0xf8, 0x00, 0x6f, 0xff, 0x40, 0x00, 0x01,
    0x49, 0xff, 0xff, 0x40, 0x6f, 0xff, 0x40, 0x00,
    0x00, 0x00, 0x5f, 0xff, 0xb0, 0x6f, 0xff, 0x40,
    0x00, 0x00, 0x00, 0x0c, 0xff, 0xf0, 0x6f, 0xff,
    0x40, 0x00, 0x00, 0x00, 0x0a, 0xff, 0xf0, 0x6f,
    0xff, 0x40, 0x00, 0x00, 0x00, 0x0c, 0xff, 0xf0,
    0x6f, 0xff, 0x40, 0x00, 0x00, 0x00, 0x4f, 0xff,
    0xb0, 0x6f, 0xff, 0x40, 0x00, 0x00, 0x38, 0xff,
    0xff, 0x50, 0x6f, 0xff, 0xff, 0xff, 0xff, 0xff,
    0xff, 0xf8, 0x00, 0x6f, 0xff, 0xff, 0xff, 0xff,
    0xff, 0xff, 0x70, 0x00, 0x6f, 0xff, 0xff, 0xff,
    0xff, 0xeb, 0x71, 0x00, 0x00, 0x6f, 0xff, 0x40,
    0x00, 0x00, 0x00, 0x00, 0x00, 0x00, 0x6f, 0xff,
    0x40, 0x00, 0x00, 0x00, 0x00, 0x00, 0x00, 0x6f,
    0xff, 0x40, 0x00, 0x00, 0x00, 0x00, 0x00, 0x00,
    0x6f, 0xff, 0x40, 0x00, 0x00, 0x00, 0x00, 0x00,
    0x00, 0x6f, 0xff, 0x40, 0x00, 0x00, 0x00, 0x00,
    0x00, 0x00, 0x6f, 0xff, 0x40, 0x00, 0x00, 0x00,
    0x00, 0x00, 0x00,

    /* U+0051 "Q" */
    0x00, 0x00, 0x00, 0x38, 0xce, 0xff, 0xda, 0x60,
    0x00, 0x00, 0x00, 0x00, 0x00, 0x02, 0xbf, 0xff,
    0xff, 0xff, 0xff, 0xe7, 0x00, 0x00, 0x00, 0x00,
    0x05, 0xff, 0xff, 0xff, 0xff, 0xff, 0xff, 0xfc,
    0x10, 0x00, 0x00, 0x05, 0xff, 0xff, 0xe8, 0x53,
    0x46, 0xbf, 0xff, 0xfd, 0x10, 0x00, 0x02, 0xff,
    0xff, 0x90, 0x00, 0x00, 0x00, 0x3d, 0xff, 0xfb,
    0x00, 0x00, 0xbf, 0xff, 0x80, 0x00, 0x00, 0x00,
    0x00, 0x1e, 0xff, 0xf4, 0x00, 0x2f, 0xff, 0xd0,
    0x00, 0x00, 0x00, 0x00, 0x00, 0x4f, 0xff, 0xb0,
    0x06, 0xff, 0xf6, 0x00, 0x00, 0x00, 0x00, 0x00,
    0x00, 0xdf, 0xff, 0x00, 0xaf, 0xff, 0x10, 0x00,
    0x00, 0x00, 0x00, 0x00, 0x08, 0xff, 0xf3, 0x0b,
    0xff, 0xf0, 0x00, 0x00, 0x00, 0x00, 0x00, 0x00,
    0x6f, 0xff, 0x40, 0xbf, 0xff, 0x00, 0x00, 0x00,
    0x00, 0x00, 0x00, 0x06, 0xff, 0xf4, 0x0a, 0xff,
    0xf1, 0x00, 0x00, 0x00, 0x00, 0x00, 0x00, 0x8f,
    0xff, 0x30, 0x7f, 0xff, 0x60, 0x00, 0x00, 0x00,
    0x00, 0x00, 0x0c, 0xff, 0xf0, 0x02, 0xff, 0xfc,
    0x00, 0x00, 0x00, 0x00, 0x00, 0x03, 0xff, 0xfb,
    0x00, 0x0b, 0xff, 0xf8, 0x00, 0x00, 0x00, 0x00,
    0x01, 0xef, 0xff, 0x40, 0x00, 0x2f, 0xff, 0xf9,
    0x00, 0x00, 0x00, 0x02, 0xdf, 0xff, 0xb0, 0x00,
    0x00, 0x5f, 0xff, 0xfe, 0x84, 0x23, 0x5a, 0xff,
    0xff, 0xd1, 0x00, 0x00, 0x00, 0x5f, 0xff, 0xff,
    0xff, 0xff, 0xff, 0xff, 0xd1, 0x00, 0x00, 0x00,
    0x00, 0x2c, 0xff, 0xff, 0xff, 0xff, 0xff, 0x80,
    0x00, 0x00, 0x00, 0x00, 0x00, 0x03, 0x8c, 0xff,
    0xff, 0xf8, 0x10, 0x00, 0x01, 0x00, 0x00, 0x00,
    0x00, 0x00, 0x00, 0xbf, 0xff, 0xd3, 0x00, 0x06,
    0xf5, 0x00, 0x00, 0x00, 0x00, 0x00, 0x00, 0xaf,
    0xff, 0xfd, 0xce, 0xff, 0xf1, 0x00, 0x00, 0x00,
    0x00, 0x00, 0x00, 0x7f, 0xff, 0xff, 0xff, 0xf7,
    0x00, 0x00, 0x00, 0x00, 0x00, 0x00, 0x00, 0x18,
    0xcf, 0xfd, 0x92, 0x00,

    /* U+0052 "R" */
    0x6f, 0xff, 0xff, 0xff, 0xff, 0xdb, 0x61, 0x00,
    0x00, 0x6f, 0xff, 0xff, 0xff, 0xff, 0xff, 0xff,
    0x70, 0x00, 0x6f, 0xff, 0xff, 0xff, 0xff, 0xff,
    0xff, 0xf9, 0x00, 0x6f, 0xff, 0x40, 0x00, 0x01,
    0x49, 0xff, 0xff, 0x40, 0x6f, 0xff, 0x40, 0x00,
    0x00, 0x00, 0x5f, 0xff, 0xb0, 0x6f, 0xff, 0x40,
    0x00, 0x00, 0x00, 0x0c, 0xff, 0xf0, 0x6f, 0xff,
    0x40, 0x00, 0x00, 0x00, 0x0a, 0xff, 0xf0, 0x6f,
    0xff, 0x40, 0x00, 0x00, 0x00, 0x0c, 0xff, 0xf0,
    0x6f, 0xff, 0x40, 0x00, 0x00, 0x00, 0x4f, 0xff,
    0xb0, 0x6f, 0xff, 0x40, 0x00, 0x00, 0x28, 0xff,
    0xff, 0x40, 0x6f, 0xff, 0xff, 0xff, 0xff, 0xff,
    0xff, 0xf8, 0x00, 0x6f, 0xff, 0xff, 0xff, 0xff,
    0xff, 0xfe, 0x60, 0x00, 0x6f, 0xff, 0xff, 0xff,
    0xff, 0xff, 0xf2, 0x00, 0x00, 0x6f, 0xff, 0x40,
    0x00, 0x03, 0xff, 0xfa, 0x00, 0x00, 0x6f, 0xff,
    0x40, 0x00, 0x00, 0x8f, 0xff, 0x50, 0x00, 0x6f,
    0xff, 0x40, 0x00, 0x00, 0x0d, 0xff, 0xe1, 0x00,
    0x6f, 0xff, 0x40, 0x00, 0x00, 0x03, 0xff, 0xfb,
    0x00, 0x6f, 0xff, 0x40, 0x00, 0x00, 0x00, 0x8f,
    0xff, 0x50, 0x6f, 0xff, 0x40, 0x00, 0x00, 0x00,
    0x0d, 0xff, 0xe1,

    /* U+0053 "S" */
    0x00, 0x00, 0x16, 0xbd, 0xff, 0xec, 0x95, 0x00,
    0x00, 0x00, 0x7f, 0xff, 0xff, 0xff, 0xff, 0xfe,
    0x60, 0x00, 0x8f, 0xff, 0xff, 0xff, 0xff, 0xff,
    0xf7, 0x00, 0x2f, 0xff, 0xf7, 0x20, 0x01, 0x48,
    0xdf, 0x10, 0x07, 0xff, 0xf5, 0x00, 0x00, 0x00,
    0x00, 0x30, 0x00, 0x9f, 0xff, 0x10, 0x00, 0x00,
    0x00, 0x00, 0x00, 0x07, 0xff, 0xf6, 0x00, 0x00,
    0x00, 0x00, 0x00, 0x00, 0x2f, 0xff, 0xfb, 0x51,
    0x00, 0x00, 0x00, 0x00, 0x00, 0x6f, 0xff, 0xff,
    0xfd, 0x95, 0x10, 0x00, 0x00, 0x00, 0x3b, 0xff,
    0xff, 0xff, 0xff, 0xa2, 0x00, 0x00, 0x00, 0x01,
    0x6a, 0xef, 0xff, 0xff, 0xf5, 0x00, 0x00, 0x00,
    0x00, 0x00, 0x26, 0xcf, 0xff, 0xf2, 0x00, 0x00,
    0x00, 0x00, 0x00, 0x00, 0x7f, 0xff, 0x70, 0x00,
    0x00, 0x00, 0x00, 0x00, 0x00, 0xff, 0xf9, 0x00,
    0xb3, 0x00, 0x00, 0x00, 0x00, 0x3f, 0xff, 0x70,
    0x7f, 0xfc, 0x73, 0x10, 0x02, 0x7e, 0xff, 0xf2,
    0x0d, 0xff, 0xff, 0xff, 0xff, 0xff, 0xff, 0xf8,
    0x00, 0x19, 0xff, 0xff, 0xff, 0xff, 0xff, 0xf7,
    0x00, 0x00, 0x01, 0x6a, 0xde, 0xff, 0xdb, 0x71,
    0x00, 0x00,

    /* U+0054 "T" */
    0xef, 0xff, 0xff, 0xff, 0xff, 0xff, 0xff, 0xff,
    0xce, 0xff, 0xff, 0xff, 0xff, 0xff, 0xff, 0xff,
    0xfc, 0xef, 0xff, 0xff, 0xff, 0xff, 0xff, 0xff,
    0xff, 0xc0, 0x00, 0x00, 0x06, 0xff, 0xf4, 0x00,
    0x00, 0x00, 0x00, 0x00, 0x00, 0x6f, 0xff, 0x40,
    0x00, 0x00, 0x00, 0x00, 0x00, 0x06, 0xff, 0xf4,
    0x00, 0x00, 0x00, 0x00, 0x00, 0x00, 0x6f, 0xff,
    0x40, 0x00, 0x00, 0x00, 0x00, 0x00, 0x06, 0xff,
    0xf4, 0x00, 0x00, 0x00, 0x00, 0x00, 0x00, 0x6f,
    0xff, 0x40, 0x00, 0x00, 0x00, 0x00, 0x00, 0x06,
    0xff, 0xf4, 0x00, 0x00, 0x00, 0x00, 0x00, 0x00,
    0x6f, 0xff, 0x40, 0x00, 0x00, 0x00, 0x00, 0x00,
    0x06, 0xff, 0xf4, 0x00, 0x00, 0x00, 0x00, 0x00,
    0x00, 0x6f, 0xff, 0x40, 0x00, 0x00, 0x00, 0x00,
    0x00, 0x06, 0xff, 0xf4, 0x00, 0x00, 0x00, 0x00,
    0x00, 0x00, 0x6f, 0xff, 0x40, 0x00, 0x00, 0x00,
    0x00, 0x00, 0x06, 0xff, 0xf4, 0x00, 0x00, 0x00,
    0x00, 0x00, 0x00, 0x6f, 0xff, 0x40, 0x00, 0x00,
    0x00, 0x00, 0x00, 0x06, 0xff, 0xf4, 0x00, 0x00,
    0x00, 0x00, 0x00, 0x00, 0x6f, 0xff, 0x40, 0x00,
    0x00, 0x00,

    /* U+0055 "U" */
    0x8f, 0xff, 0x10, 0x00, 0x00, 0x00, 0x00, 0xff,
    0xfa, 0x8f, 0xff, 0x10, 0x00, 0x00, 0x00, 0x00,
    0xff, 0xfa, 0x8f, 0xff, 0x10, 0x00, 0x00, 0x00,
    0x00, 0xff, 0xfa, 0x8f, 0xff, 0x10, 0x00, 0x00,
    0x00, 0x00, 0xff, 0xfa, 0x8f, 0xff, 0x10, 0x00,
    0x00, 0x00, 0x00, 0xff, 0xfa, 0x8f, 0xff, 0x10,
    0x00, 0x00, 0x00, 0x00, 0xff, 0xfa, 0x8f, 0xff,
    0x10, 0x00, 0x00, 0x00, 0x00, 0xff, 0xfa, 0x8f,
    0xff, 0x10, 0x00, 0x00, 0x00, 0x00, 0xff, 0xfa,
    0x8f, 0xff, 0x10, 0x00, 0x00, 0x00, 0x00, 0xff,
    0xfa, 0x8f, 0xff, 0x10, 0x00, 0x00, 0x00, 0x00,
    0xff, 0xfa, 0x8f, 0xff, 0x10, 0x00, 0x00, 0x00,
    0x00, 0xff, 0xf9, 0x7f, 0xff, 0x20, 0x00, 0x00,
    0x00, 0x00, 0xff, 0xf8, 0x5f, 0xff, 0x50, 0x00,
    0x00, 0x00, 0x03, 0xff, 0xf7, 0x2f, 0xff, 0xb0,
    0x00, 0x00, 0x00, 0x09, 0xff, 0xf3, 0x0c, 0xff,
    0xf6, 0x00, 0x00, 0x00, 0x4f, 0xff, 0xd0, 0x04,
    0xff, 0xff, 0xb5, 0x33, 0x5a, 0xff, 0xff, 0x60,
    0x00, 0x8f, 0xff, 0xff, 0xff, 0xff, 0xff, 0xf9,
    0x00, 0x00, 0x06, 0xff, 0xff, 0xff, 0xff, 0xff,
    0x70, 0x00, 0x00, 0x00, 0x17, 0xbe, 0xff, 0xeb,
    0x71, 0x00, 0x00,

    /* U+0056 "V" */
    0x0e, 0xff, 0xf1, 0x00, 0x00, 0x00, 0x00, 0x00,
    0x05, 0xff, 0xf5, 0x07, 0xff, 0xf7, 0x00, 0x00,
    0x00, 0x00, 0x00, 0x0c, 0xff, 0xd0, 0x01, 0xff,
    0xfe, 0x00, 0x00, 0x00, 0x00, 0x00, 0x3f, 0xff,
    0x60, 0x00, 0x9f, 0xff, 0x50, 0x00, 0x00, 0x00,
    0x00, 0xaf, 0xfe, 0x00, 0x00, 0x2f, 0xff, 0xd0,
    0x00, 0x00, 0x00, 0x02, 0xff, 0xf8, 0x00, 0x00,
    0x0a, 0xff, 0xf4, 0x00, 0x00, 0x00, 0x09, 0xff,
    0xf1, 0x00, 0x00, 0x03, 0xff, 0xfb, 0x00, 0x00,
    0x00, 0x1f, 0xff, 0xa0, 0x00, 0x00, 0x00, 0xcf,
    0xff, 0x20, 0x00, 0x00, 0x7f, 0xff, 0x20, 0x00,
    0x00, 0x00, 0x5f, 0xff, 0x90, 0x00, 0x00, 0xef,
    0xfb, 0x00, 0x00, 0x00, 0x00, 0x0d, 0xff, 0xf1,
    0x00, 0x05, 0xff, 0xf4, 0x00, 0x00, 0x00, 0x00,
    0x06, 0xff, 0xf7, 0x00, 0x0d, 0xff, 0xd0, 0x00,
    0x00, 0x00, 0x00, 0x00, 0xef, 0xfe, 0x00, 0x4f,
    0xff, 0x60, 0x00, 0x00, 0x00, 0x00, 0x00, 0x8f,
    0xff, 0x60, 0xbf, 0xfe, 0x00, 0x00, 0x00, 0x00,
    0x00, 0x00, 0x1f, 0xff, 0xd2, 0xff, 0xf7, 0x00,
    0x00, 0x00, 0x00, 0x00, 0x00, 0x09, 0xff, 0xfd,
    0xff, 0xf1, 0x00, 0x00, 0x00, 0x00, 0x00, 0x00,
    0x02, 0xff, 0xff, 0xff, 0x90, 0x00, 0x00, 0x00,
    0x00, 0x00, 0x00, 0x00, 0xbf, 0xff, 0xff, 0x20,
    0x00, 0x00, 0x00, 0x00, 0x00, 0x00, 0x00, 0x4f,
    0xff, 0xfa, 0x00, 0x00, 0x00, 0x00, 0x00, 0x00,
    0x00, 0x00, 0x0c, 0xff, 0xf3, 0x00, 0x00, 0x00,
    0x00,

    /* U+0057 "W" */
    0x1f, 0xff, 0xb0, 0x00, 0x00, 0x00, 0x00, 0xbf,
    0xff, 0x00, 0x00, 0x00, 0x00, 0x06, 0xff, 0xf1,
    0x0b, 0xff, 0xf0, 0x00, 0x00, 0x00, 0x01, 0xff,
    0xff, 0x50, 0x00, 0x00, 0x00, 0x0b, 0xff, 0xc0,
    0x06, 0xff, 0xf5, 0x00, 0x00, 0x00, 0x06, 0xff,
    0xff, 0xb0, 0x00, 0x00, 0x00, 0x1f, 0xff, 0x60,
    0x01, 0xff, 0xfb, 0x00, 0x00, 0x00, 0x0c, 0xff,
    0xff, 0xf1, 0x00, 0x00, 0x00, 0x6f, 0xff, 0x10,
    0x00, 0xbf, 0xff, 0x10, 0x00, 0x00, 0x1f, 0xff,
    0xff, 0xf6, 0x00, 0x00, 0x00, 0xcf, 0xfb, 0x00,
    0x00, 0x5f, 0xff, 0x60, 0x00, 0x00, 0x7f, 0xfe,
    0xbf, 0xfb, 0x00, 0x00, 0x01, 0xff, 0xf6, 0x00,
    0x00, 0x0f, 0xff, 0xb0, 0x00, 0x00, 0xdf, 0xf8,
    0x6f, 0xff, 0x10, 0x00, 0x07, 0xff, 0xf1, 0x00,
    0x00, 0x0a, 0xff, 0xf1, 0x00, 0x02, 0xff, 0xf2,
    0x1f, 0xff, 0x60, 0x00, 0x0c, 0xff, 0xb0, 0x00,
    0x00, 0x05, 0xff, 0xf6, 0x00, 0x08, 0xff, 0xd0,
    0x0b, 0xff, 0xb0, 0x00, 0x2f, 0xff, 0x50, 0x00,
    0x00, 0x00, 0xff, 0xfb, 0x00, 0x0d, 0xff, 0x70,
    0x05, 0xff, 0xf1, 0x00, 0x7f, 0xff, 0x00, 0x00,
    0x00, 0x00, 0xaf, 0xff, 0x10, 0x3f, 0xff, 0x20,
    0x00, 0xff, 0xf6, 0x00, 0xdf, 0xfb, 0x00, 0x00,
    0x00, 0x00, 0x5f, 0xff, 0x60, 0x9f, 0xfc, 0x00,
    0x00, 0xaf, 0xfc, 0x02, 0xff, 0xf5, 0x00, 0x00,
    0x00, 0x00, 0x0f, 0xff, 0xc0, 0xef, 0xf6, 0x00,
    0x00, 0x5f, 0xff, 0x18, 0xff, 0xf0, 0x00, 0x00,
    0x00, 0x00, 0x0a, 0xff, 0xf5, 0xff, 0xf1, 0x00,
    0x00, 0x0f, 0xff, 0x7d, 0xff, 0xa0, 0x00, 0x00,
    0x00, 0x00, 0x04, 0xff, 0xfe, 0xff, 0xb0, 0x00,
    0x00, 0x0a, 0xff, 0xef, 0xff, 0x50, 0x00, 0x00,
    0x00, 0x00, 0x00, 0xef, 0xff, 0xff, 0x50, 0x00,
    0x00, 0x04, 0xff, 0xff, 0xff, 0x00, 0x00, 0x00,
    0x00, 0x00, 0x00, 0x9f, 0xff, 0xff, 0x00, 0x00,
    0x00, 0x00, 0xef, 0xff, 0xfa, 0x00, 0x00, 0x00,
    0x00, 0x00, 0x00, 0x4f, 0xff, 0xfa, 0x00, 0x00,
    0x00, 0x00, 0x9f, 0xff, 0xf4, 0x00, 0x00, 0x00,
    0x00, 0x00, 0x00, 0x0e, 0xff, 0xf5, 0x00, 0x00,
    0x00, 0x00, 0x4f, 0xff, 0xe0, 0x00, 0x00, 0x00,

    /* U+0058 "X" */
    0x1e, 0xff, 0xf2, 0x00, 0x00, 0x00, 0x00, 0xaf,
    0xff, 0x40, 0x04, 0xff, 0xfd, 0x00, 0x00, 0x00,
    0x05, 0xff, 0xf8, 0x00, 0x00, 0x8f, 0xff, 0x90,
    0x00, 0x00, 0x2f, 0xff, 0xc0, 0x00, 0x00, 0x0c,
    0xff, 0xf5, 0x00, 0x00, 0xdf, 0xfe, 0x10, 0x00,
    0x00, 0x01, 0xef, 0xff, 0x20, 0x09, 0xff, 0xf4,
    0x00, 0x00, 0x00, 0x00, 0x4f, 0xff, 0xd0, 0x5f,
    0xff, 0x80, 0x00, 0x00, 0x00, 0x00, 0x08, 0xff,
    0xfa, 0xef, 0xfc, 0x00, 0x00, 0x00, 0x00, 0x00,
    0x00, 0xcf, 0xff, 0xff, 0xe2, 0x00, 0x00, 0x00,
    0x00, 0x00, 0x00, 0x1e, 0xff, 0xff, 0x50, 0x00,
    0x00, 0x00, 0x00, 0x00, 0x00, 0x0b, 0xff, 0xff,
    0x20, 0x00, 0x00, 0x00, 0x00, 0x00, 0x00, 0x6f,
    0xff, 0xff, 0xc0, 0x00, 0x00, 0x00, 0x00, 0x00,
    0x02, 0xff, 0xff, 0xff, 0xf8, 0x00, 0x00, 0x00,
    0x00, 0x00, 0x0d, 0xff, 0xf3, 0xcf, 0xff, 0x40,
    0x00, 0x00, 0x00, 0x00, 0xaf, 0xff, 0x60, 0x2f,
    0xff, 0xe2, 0x00, 0x00, 0x00, 0x06, 0xff, 0xfa,
    0x00, 0x05, 0xff, 0xfc, 0x00, 0x00, 0x00, 0x2f,
    0xff, 0xe1, 0x00, 0x00, 0x9f, 0xff, 0x80, 0x00,
    0x00, 0xdf, 0xff, 0x30, 0x00, 0x00, 0x0d, 0xff,
    0xf4, 0x00, 0x0a, 0xff, 0xf7, 0x00, 0x00, 0x00,
    0x02, 0xff, 0xfe, 0x20, 0x6f, 0xff, 0xb0, 0x00,
    0x00, 0x00, 0x00, 0x6f, 0xff, 0xc0,

    /* U+0059 "Y" */
    0x0e, 0xff, 0xe0, 0x00, 0x00, 0x00, 0x00, 0x02,
    0xff, 0xf7, 0x05, 0xff, 0xf9, 0x00, 0x00, 0x00,
    0x00, 0x0c, 0xff, 0xd0, 0x00, 0xbf, 0xff, 0x30,
    0x00, 0x00, 0x00, 0x6f, 0xff, 0x30, 0x00, 0x1f,
    0xff, 0xc0, 0x00, 0x00, 0x01, 0xef, 0xf9, 0x00,
    0x00, 0x07, 0xff, 0xf6, 0x00, 0x00, 0x0a, 0xff,
    0xe0, 0x00, 0x00, 0x00, 0xcf, 0xff, 0x10, 0x00,
    0x4f, 0xff, 0x50, 0x00, 0x00, 0x00, 0x3f, 0xff,
    0xa0, 0x00, 0xdf, 0xfb, 0x00, 0x00, 0x00, 0x00,
    0x09, 0xff, 0xf4, 0x08, 0xff, 0xf2, 0x00, 0x00,
    0x00, 0x00, 0x00, 0xef, 0xfd, 0x3f, 0xff, 0x70,
    0x00, 0x00, 0x00, 0x00, 0x00, 0x5f, 0xff, 0xff,
    0xfd, 0x00, 0x00, 0x00, 0x00, 0x00, 0x00, 0x0b,
    0xff, 0xff, 0xf3, 0x00, 0x00, 0x00, 0x00, 0x00,
    0x00, 0x01, 0xff, 0xff, 0x90, 0x00, 0x00, 0x00,
    0x00, 0x00, 0x00, 0x00, 0x9f, 0xff, 0x20, 0x00,
    0x00, 0x00, 0x00, 0x00, 0x00, 0x00, 0x8f, 0xff,
    0x10, 0x00, 0x00, 0x00, 0x00, 0x00, 0x00, 0x00,
    0x8f, 0xff, 0x10, 0x00, 0x00, 0x00, 0x00, 0x00,
    0x00, 0x00, 0x8f, 0xff, 0x10, 0x00, 0x00, 0x00,
    0x00, 0x00, 0x00, 0x00, 0x8f, 0xff, 0x10, 0x00,
    0x00, 0x00, 0x00, 0x00, 0x00, 0x00, 0x8f, 0xff,
    0x10, 0x00, 0x00, 0x00, 0x00, 0x00, 0x00, 0x00,
    0x8f, 0xff, 0x10, 0x00, 0x00, 0x00,

    /* U+005A "Z" */
    0xaf, 0xff, 0xff, 0xff, 0xff, 0xff, 0xff, 0xff,
    0x8a, 0xff, 0xff, 0xff, 0xff, 0xff, 0xff, 0xff,
    0xf8, 0xaf, 0xff, 0xff, 0xff, 0xff, 0xff, 0xff,
    0xff, 0x50, 0x00, 0x00, 0x00, 0x00, 0x00, 0xbf,
    0xff, 0x90, 0x00, 0x00, 0x00, 0x00, 0x00, 0x8f,
    0xff, 0xb0, 0x00, 0x00, 0x00, 0x00, 0x00, 0x6f,
    0xff, 0xd0, 0x00, 0x00, 0x00, 0x00, 0x00, 0x4f,
    0xff, 0xe1, 0x00, 0x00, 0x00, 0x00, 0x00, 0x2f,
    0xff, 0xf3, 0x00, 0x00, 0x00, 0x00, 0x00, 0x1d,
    0xff, 0xf5, 0x00, 0x00, 0x00, 0x00, 0x00, 0x0c,
    0xff, 0xf7, 0x00, 0x00, 0x00, 0x00, 0x00, 0x0a,
    0xff, 0xf9, 0x00, 0x00, 0x00, 0x00, 0x00, 0x08,
    0xff, 0xfb, 0x00, 0x00, 0x00, 0x00, 0x00, 0x05,
    0xff, 0xfd, 0x10, 0x00, 0x00, 0x00, 0x00, 0x03,
    0xff, 0xfe, 0x20, 0x00, 0x00, 0x00, 0x00, 0x02,
    0xef, 0xff, 0x30, 0x00, 0x00, 0x00, 0x00, 0x01,
    0xdf, 0xff, 0x60, 0x00, 0x00, 0x00, 0x00, 0x00,
    0xbf, 0xff, 0xff, 0xff, 0xff, 0xff, 0xff, 0xff,
    0xdd, 0xff, 0xff, 0xff, 0xff, 0xff, 0xff, 0xff,
    0xfd, 0xdf, 0xff, 0xff, 0xff, 0xff, 0xff, 0xff,
    0xff, 0xd0,

    /* U+005B "[" */
    0x6f, 0xff, 0xff, 0xf5, 0x6f, 0xff, 0xff, 0xf5,
    0x6f, 0xff, 0xcc, 0xc4, 0x6f, 0xff, 0x20, 0x00,
    0x6f, 0xff, 0x20, 0x00, 0x6f, 0xff, 0x20, 0x00,
    0x6f, 0xff, 0x20, 0x00, 0x6f, 0xff, 0x20, 0x00,
    0x6f, 0xff, 0x20, 0x00, 0x6f, 0xff, 0x20, 0x00,
    0x6f, 0xff, 0x20, 0x00, 0x6f, 0xff, 0x20, 0x00,
    0x6f, 0xff, 0x20, 0x00, 0x6f, 0xff, 0x20, 0x00,
    0x6f, 0xff, 0x20, 0x00, 0x6f, 0xff, 0x20, 0x00,
    0x6f, 0xff, 0x20, 0x00, 0x6f, 0xff, 0x20, 0x00,
    0x6f, 0xff, 0x20, 0x00, 0x6f, 0xff, 0x20, 0x00,
    0x6f, 0xff, 0x20, 0x00, 0x6f, 0xff, 0x20, 0x00,
    0x6f, 0xff, 0x20, 0x00, 0x6f, 0xff, 0xcc, 0xc4,
    0x6f, 0xff, 0xff, 0xf5, 0x6f, 0xff, 0xff, 0xf5,

    /* U+005C "\\" */
    0x0e, 0xff, 0x30, 0x00, 0x00, 0x00, 0x00, 0x09,
    0xff, 0x80, 0x00, 0x00, 0x00, 0x00, 0x03, 0xff,
    0xe0, 0x00, 0x00, 0x00, 0x00, 0x00, 0xef, 0xf4,
    0x00, 0x00, 0x00, 0x00, 0x00, 0x8f, 0xf9, 0x00,
    0x00, 0x00, 0x00, 0x00, 0x2f, 0xff, 0x00, 0x00,
    0x00, 0x00, 0x00, 0x0d, 0xff, 0x50, 0x00, 0x00,
    0x00, 0x00, 0x07, 0xff, 0xa0, 0x00, 0x00, 0x00,
    0x00, 0x01, 0xff, 0xf1, 0x00, 0x00, 0x00, 0x00,
    0x00, 0xbf, 0xf6, 0x00, 0x00, 0x00, 0x00, 0x00,
    0x6f, 0xfb, 0x00, 0x00, 0x00, 0x00, 0x00, 0x1f,
    0xff, 0x10, 0x00, 0x00, 0x00, 0x00, 0x0a, 0xff,
    0x70, 0x00, 0x00, 0x00, 0x00, 0x05, 0xff, 0xc0,
    0x00, 0x00, 0x00, 0x00, 0x00, 0xef, 0xf2, 0x00,
    0x00, 0x00, 0x00, 0x00, 0x9f, 0xf8, 0x00, 0x00,
    0x00, 0x00, 0x00, 0x4f, 0xfd, 0x00, 0x00, 0x00,
    0x00, 0x00, 0x0e, 0xff, 0x30, 0x00, 0x00, 0x00,
    0x00, 0x08, 0xff, 0x90, 0x00, 0x00, 0x00, 0x00,
    0x03, 0xff, 0xe0, 0x00, 0x00, 0x00, 0x00, 0x00,
    0xdf, 0xf4, 0x00, 0x00, 0x00, 0x00, 0x00, 0x7f,
    0xfa, 0x00, 0x00, 0x00, 0x00, 0x00, 0x2f, 0xff,
    0x00, 0x00, 0x00, 0x00, 0x00, 0x0c, 0xff, 0x50,
    0x00, 0x00, 0x00, 0x00, 0x06, 0xff, 0xb0, 0x00,
    0x00, 0x00, 0x00, 0x01, 0xff, 0xf1,

    /* U+005D "]" */
    0x8f, 0xff, 0xff, 0xf2, 0x8f, 0xff, 0xff, 0xf2,
    0x6c, 0xcd, 0xff, 0xf2, 0x00, 0x05, 0xff, 0xf2,
    0x00, 0x05, 0xff, 0xf2, 0x00, 0x05, 0xff, 0xf2,
    0x00, 0x05, 0xff, 0xf2, 0x00, 0x05, 0xff, 0xf2,
    0x00, 0x05, 0xff, 0xf2, 0x00, 0x05, 0xff, 0xf2,
    0x00, 0x05, 0xff, 0xf2, 0x00, 0x05, 0xff, 0xf2,
    0x00, 0x05, 0xff, 0xf2, 0x00, 0x05, 0xff, 0xf2,
    0x00, 0x05, 0xff, 0xf2, 0x00, 0x05, 0xff, 0xf2,
    0x00, 0x05, 0xff, 0xf2, 0x00, 0x05, 0xff, 0xf2,
    0x00, 0x05, 0xff, 0xf2, 0x00, 0x05, 0xff, 0xf2,
    0x00, 0x05, 0xff, 0xf2, 0x00, 0x05, 0xff, 0xf2,
    0x00, 0x05, 0xff, 0xf2, 0x6c, 0xcd, 0xff, 0xf2,
    0x8f, 0xff, 0xff, 0xf2, 0x8f, 0xff, 0xff, 0xf2,

    /* U+005E "^" */
    0x00, 0x00, 0x02, 0x88, 0x60, 0x00, 0x00, 0x00,
    0x00, 0x09, 0xff, 0xf2, 0x00, 0x00, 0x00, 0x00,
    0x0f, 0xff, 0xf9, 0x00, 0x00, 0x00, 0x00, 0x7f,
    0xfc, 0xff, 0x10, 0x00, 0x00, 0x00, 0xdf, 0xc3,
    0xff, 0x70, 0x00, 0x00, 0x05, 0xff, 0x50, 0xcf,
    0xd0, 0x00, 0x00, 0x0c, 0xfe, 0x00, 0x5f, 0xf5,
    0x00, 0x00, 0x3f, 0xf7, 0x00, 0x0e, 0xfc, 0x00,
    0x00, 0xaf, 0xf1, 0x00, 0x08, 0xff, 0x20, 0x01,
    0xff, 0xa0, 0x00, 0x01, 0xff, 0x90, 0x08, 0xff,
    0x30, 0x00, 0x00, 0xaf, 0xf1, 0x0e, 0xfc, 0x00,
    0x00, 0x00, 0x4f, 0xf7,

    /* U+005F "_" */
    0x11, 0x11, 0x11, 0x11, 0x11, 0x11, 0x11, 0xff,
    0xff, 0xff, 0xff, 0xff, 0xff, 0xff, 0xff, 0xff,
    0xff, 0xff, 0xff, 0xff, 0xff,

    /* U+0060 "`" */
    0x08, 0xff, 0xf7, 0x00, 0x00, 0x05, 0xff, 0xf6,
    0x00, 0x00, 0x03, 0xef, 0xf5, 0x00, 0x00, 0x01,
    0xcf, 0xf4,

    /* U+0061 "a" */
    0x00, 0x28, 0xbe, 0xff, 0xeb, 0x50, 0x00, 0x1a,
    0xff, 0xff, 0xff, 0xff, 0xfc, 0x10, 0x0e, 0xff,
    0xff, 0xef, 0xff, 0xff, 0xc0, 0x05, 0xe7, 0x20,
    0x00, 0x3c, 0xff, 0xf5, 0x00, 0x00, 0x00, 0x00,
    0x01, 0xff, 0xf9, 0x00, 0x00, 0x00, 0x00, 0x00,
    0xbf, 0xfb, 0x00, 0x39, 0xde, 0xff, 0xff, 0xff,
    0xfc, 0x08, 0xff, 0xff, 0xff, 0xff, 0xff, 0xfd,
    0x4f, 0xff, 0xc6, 0x44, 0x44, 0xcf, 0xfd, 0xaf,
    0xfe, 0x00, 0x00, 0x00, 0xbf, 0xfd, 0xbf, 0xfb,
    0x00, 0x00, 0x00, 0xef, 0xfd, 0xaf, 0xff, 0x20,
    0x00, 0x0b, 0xff, 0xfd, 0x3f, 0xff, 0xfa, 0x8a,
    0xff, 0xff, 0xfd, 0x07, 0xff, 0xff, 0xff, 0xfe,
    0xaf, 0xfd, 0x00, 0x3a, 0xef, 0xfd, 0x81, 0x7f,
    0xfd,

    /* U+0062 "b" */
    0x8c, 0xca, 0x00, 0x00, 0x00, 0x00, 0x00, 0x00,
    0x0b, 0xff, 0xc0, 0x00, 0x00, 0x00, 0x00, 0x00,
    0x00, 0xbf, 0xfc, 0x00, 0x00, 0x00, 0x00, 0x00,
    0x00, 0x0b, 0xff, 0xc0, 0x00, 0x00, 0x00, 0x00,
    0x00, 0x00, 0xbf, 0xfc, 0x00, 0x00, 0x00, 0x00,
    0x00, 0x00, 0x0b, 0xff, 0xc0, 0x00, 0x00, 0x00,
    0x00, 0x00, 0x00, 0xbf, 0xfc, 0x04, 0xae, 0xfe,
    0xc7, 0x10, 0x00, 0x0b, 0xff, 0xda, 0xff, 0xff,
    0xff, 0xfe, 0x50, 0x00, 0xbf, 0xff, 0xff, 0xff,
    0xff, 0xff, 0xff, 0x50, 0x0b, 0xff, 0xff, 0xc4,
    0x00, 0x29, 0xff, 0xff, 0x20, 0xbf, 0xff, 0xc0,
    0x00, 0x00, 0x07, 0xff, 0xf9, 0x0b, 0xff, 0xf2,
    0x00, 0x00, 0x00, 0x0d, 0xff, 0xe0, 0xbf, 0xfd,
    0x00, 0x00, 0x00, 0x00, 0x8f, 0xff, 0x0b, 0xff,
    0xc0, 0x00, 0x00, 0x00, 0x06, 0xff, 0xf2, 0xbf,
    0xfd, 0x00, 0x00, 0x00, 0x00, 0x8f, 0xff, 0x0b,
    0xff, 0xf2, 0x00, 0x00, 0x00, 0x0d, 0xff, 0xe0,
    0xbf, 0xff, 0xc0, 0x00, 0x00, 0x07, 0xff, 0xf8,
    0x0b, 0xff, 0xff, 0xd4, 0x00, 0x29, 0xff, 0xff,
    0x20, 0xbf, 0xff, 0xff, 0xff, 0xff, 0xff, 0xff,
    0x50, 0x0b, 0xff, 0xaa, 0xff, 0xff, 0xff, 0xfe,
    0x50, 0x00, 0xbf, 0xfa, 0x04, 0xbe, 0xfe, 0xc7,
    0x10, 0x00, 0x00,

    /* U+0063 "c" */
    0x00, 0x00, 0x39, 0xde, 0xfd, 0xa4, 0x00, 0x00,
    0x01, 0xbf, 0xff, 0xff, 0xff, 0xfb, 0x10, 0x01,
    0xef, 0xff, 0xff, 0xff, 0xff, 0xfd, 0x00, 0xcf,
    0xff, 0xb3, 0x00, 0x3a, 0xff, 0xf4, 0x5f, 0xff,
    0xa0, 0x00, 0x00, 0x08, 0x91, 0x0a, 0xff, 0xf0,
    0x00, 0x00, 0x00, 0x00, 0x00, 0xdf, 0xfb, 0x00,
    0x00, 0x00, 0x00, 0x00, 0x0e, 0xff, 0x90, 0x00,
    0x00, 0x00, 0x00, 0x00, 0xdf, 0xfb, 0x00, 0x00,
    0x00, 0x00, 0x00, 0x0a, 0xff, 0xf0, 0x00, 0x00,
    0x00, 0x00, 0x00, 0x5f, 0xff, 0x90, 0x00, 0x00,
    0x08, 0x91, 0x00, 0xcf, 0xff, 0xb3, 0x00, 0x3a,
    0xff, 0xf4, 0x01, 0xef, 0xff, 0xff, 0xff, 0xff,
    0xfd, 0x00, 0x01, 0xbf, 0xff, 0xff, 0xff, 0xfb,
    0x10, 0x00, 0x00, 0x39, 0xde, 0xfd, 0xa4, 0x00,
    0x00,

    /* U+0064 "d" */
    0x00, 0x00, 0x00, 0x00, 0x00, 0x00, 0x7c, 0xcb,
    0x00, 0x00, 0x00, 0x00, 0x00, 0x00, 0x9f, 0xff,
    0x00, 0x00, 0x00, 0x00, 0x00, 0x00, 0x9f, 0xff,
    0x00, 0x00, 0x00, 0x00, 0x00, 0x00, 0x9f, 0xff,
    0x00, 0x00, 0x00, 0x00, 0x00, 0x00, 0x9f, 0xff,
    0x00, 0x00, 0x00, 0x00, 0x00, 0x00, 0x9f, 0xff,
    0x00, 0x00, 0x5b, 0xdf, 0xeb, 0x60, 0x9f, 0xff,
    0x00, 0x3d, 0xff, 0xff, 0xff, 0xfc, 0xaf, 0xff,
    0x02, 0xff, 0xff, 0xff, 0xff, 0xff, 0xff, 0xff,
    0x0d, 0xff, 0xfb, 0x30, 0x03, 0xaf, 0xff, 0xff,
    0x5f, 0xff, 0xa0, 0x00, 0x00, 0x09, 0xff, 0xff,
    0xbf, 0xff, 0x00, 0x00, 0x00, 0x00, 0xef, 0xff,
    0xdf, 0xfb, 0x00, 0x00, 0x00, 0x00, 0x9f, 0xff,
    0xef, 0xf9, 0x00, 0x00, 0x00, 0x00, 0x8f, 0xff,
    0xdf, 0xfb, 0x00, 0x00, 0x00, 0x00, 0x9f, 0xff,
    0xaf, 0xff, 0x00, 0x00, 0x00, 0x00, 0xef, 0xff,
    0x5f, 0xff, 0xa0, 0x00, 0x00, 0x09, 0xff, 0xff,
    0x0d, 0xff, 0xfb, 0x30, 0x03, 0xbf, 0xff, 0xff,
    0x02, 0xff, 0xff, 0xff, 0xff, 0xff, 0xff, 0xff,
    0x00, 0x3d, 0xff, 0xff, 0xff, 0xfd, 0x8f, 0xff,
    0x00, 0x00, 0x5b, 0xef, 0xec, 0x60, 0x6f, 0xff,

    /* U+0065 "e" */
    0x00, 0x00, 0x4a, 0xdf, 0xec, 0x82, 0x00, 0x00,
    0x00, 0x2c, 0xff, 0xff, 0xff, 0xff, 0x80, 0x00,
    0x02, 0xef, 0xff, 0xfd, 0xef, 0xff, 0xf9, 0x00,
    0x0d, 0xff, 0xe5, 0x00, 0x01, 0xaf, 0xff, 0x50,
    0x5f, 0xff, 0x30, 0x00, 0x00, 0x0a, 0xff, 0xc0,
    0xaf, 0xfb, 0x00, 0x00, 0x00, 0x02, 0xff, 0xf2,
    0xdf, 0xff, 0xff, 0xff, 0xff, 0xff, 0xff, 0xf4,
    0xef, 0xff, 0xff, 0xff, 0xff, 0xff, 0xff, 0xf5,
    0xdf, 0xfc, 0x55, 0x55, 0x55, 0x55, 0x55, 0x51,
    0xaf, 0xff, 0x00, 0x00, 0x00, 0x00, 0x00, 0x00,
    0x5f, 0xff, 0xa0, 0x00, 0x00, 0x00, 0x50, 0x00,
    0x0c, 0xff, 0xfb, 0x40, 0x00, 0x5d, 0xf6, 0x00,
    0x01, 0xef, 0xff, 0xff, 0xff, 0xff, 0xff, 0x10,
    0x00, 0x1b, 0xff, 0xff, 0xff, 0xff, 0xf5, 0x00,
    0x00, 0x00, 0x39, 0xde, 0xfe, 0xc7, 0x10, 0x00,

    /* U+0066 "f" */
    0x00, 0x00, 0x04, 0x9c, 0xca, 0x60, 0x00, 0x00,
    0xbf, 0xff, 0xff, 0xf1, 0x00, 0x09, 0xff, 0xff,
    0xff, 0xb0, 0x00, 0x0f, 0xff, 0xc2, 0x03, 0x30,
    0x00, 0x2f, 0xff, 0x40, 0x00, 0x00, 0x00, 0x3f,
    0xff, 0x20, 0x00, 0x00, 0xbf, 0xff, 0xff, 0xff,
    0xff, 0x40, 0xbf, 0xff, 0xff, 0xff, 0xff, 0x40,
    0x8c, 0xdf, 0xff, 0xdc, 0xcc, 0x30, 0x00, 0x3f,
    0xff, 0x40, 0x00, 0x00, 0x00, 0x3f, 0xff, 0x40,
    0x00, 0x00, 0x00, 0x3f, 0xff, 0x40, 0x00, 0x00,
    0x00, 0x3f, 0xff, 0x40, 0x00, 0x00, 0x00, 0x3f,
    0xff, 0x40, 0x00, 0x00, 0x00, 0x3f, 0xff, 0x40,
    0x00, 0x00, 0x00, 0x3f, 0xff, 0x40, 0x00, 0x00,
    0x00, 0x3f, 0xff, 0x40, 0x00, 0x00, 0x00, 0x3f,
    0xff, 0x40, 0x00, 0x00, 0x00, 0x3f, 0xff, 0x40,
    0x00, 0x00, 0x00, 0x3f, 0xff, 0x40, 0x00, 0x00,
    0x00, 0x3f, 0xff, 0x40, 0x00, 0x00,

    /* U+0067 "g" */
    0x00, 0x00, 0x6b, 0xef, 0xec, 0x70, 0x3f, 0xff,
    0x20, 0x04, 0xef, 0xff, 0xff, 0xff, 0xe6, 0xff,
    0xf2, 0x04, 0xff, 0xff, 0xff, 0xff, 0xff, 0xff,
    0xff, 0x21, 0xff, 0xff, 0xa3, 0x00, 0x17, 0xff,
    0xff, 0xf2, 0x7f, 0xff, 0x70, 0x00, 0x00, 0x03,
    0xff, 0xff, 0x2c, 0xff, 0xd0, 0x00, 0x00, 0x00,
    0x09, 0xff, 0xf2, 0xef, 0xfa, 0x00, 0x00, 0x00,
    0x00, 0x5f, 0xff, 0x2d, 0xff, 0xa0, 0x00, 0x00,
    0x00, 0x05, 0xff, 0xf2, 0xbf, 0xfe, 0x00, 0x00,
    0x00, 0x00, 0xaf, 0xff, 0x27, 0xff, 0xf8, 0x00,
    0x00, 0x00, 0x4f, 0xff, 0xf2, 0x0e, 0xff, 0xfb,
    0x30, 0x02, 0x8f, 0xff, 0xff, 0x20, 0x3f, 0xff,
    0xff, 0xff, 0xff, 0xff, 0xff, 0xf2, 0x00, 0x3d,
    0xff, 0xff, 0xff, 0xfd, 0x8f, 0xff, 0x10, 0x00,
    0x05, 0xad, 0xed, 0xb6, 0x06, 0xff, 0xf0, 0x00,
    0x00, 0x00, 0x00, 0x00, 0x00, 0xaf, 0xfe, 0x00,
    0x06, 0x00, 0x00, 0x00, 0x00, 0x2f, 0xff, 0xa0,
    0x05, 0xfe, 0x83, 0x00, 0x01, 0x6e, 0xff, 0xf4,
    0x00, 0xef, 0xff, 0xff, 0xff, 0xff, 0xff, 0xf9,
    0x00, 0x05, 0xef, 0xff, 0xff, 0xff, 0xff, 0xf8,
    0x00, 0x00, 0x00, 0x49, 0xce, 0xff, 0xec, 0x82,
    0x00, 0x00,

    /* U+0068 "h" */
    0x69, 0x97, 0x00, 0x00, 0x00, 0x00, 0x00, 0x00,
    0xbf, 0xfc, 0x00, 0x00, 0x00, 0x00, 0x00, 0x00,
    0xbf, 0xfc, 0x00, 0x00, 0x00, 0x00, 0x00, 0x00,
    0xbf, 0xfc, 0x00, 0x00, 0x00, 0x00, 0x00, 0x00,
    0xbf, 0xfc, 0x00, 0x00, 0x00, 0x00, 0x00, 0x00,
    0xbf, 0xfc, 0x00, 0x00, 0x00, 0x00, 0x00, 0x00,
    0xbf, 0xfc, 0x04, 0xae, 0xfe, 0xc7, 0x00, 0x00,
    0xbf, 0xfd, 0xaf, 0xff, 0xff, 0xff, 0xe3, 0x00,
    0xbf, 0xff, 0xff, 0xff, 0xff, 0xff, 0xfe, 0x10,
    0xbf, 0xff, 0xfb, 0x41, 0x15, 0xef, 0xff, 0x70,
    0xbf, 0xff, 0xa0, 0x00, 0x00, 0x1f, 0xff, 0xc0,
    0xbf, 0xff, 0x20, 0x00, 0x00, 0x0a, 0xff, 0xe0,
    0xbf, 0xfe, 0x00, 0x00, 0x00, 0x07, 0xff, 0xf0,
    0xbf, 0xfc, 0x00, 0x00, 0x00, 0x07, 0xff, 0xf0,
    0xbf, 0xfc, 0x00, 0x00, 0x00, 0x07, 0xff, 0xf0,
    0xbf, 0xfc, 0x00, 0x00, 0x00, 0x07, 0xff, 0xf0,
    0xbf, 0xfc, 0x00, 0x00, 0x00, 0x07, 0xff, 0xf0,
    0xbf, 0xfc, 0x00, 0x00, 0x00, 0x07, 0xff, 0xf0,
    0xbf, 0xfc, 0x00, 0x00, 0x00, 0x07, 0xff, 0xf0,
    0xbf, 0xfc, 0x00, 0x00, 0x00, 0x07, 0xff, 0xf0,
    0xbf, 0xfc, 0x00, 0x00, 0x00, 0x07, 0xff, 0xf0,

    /* U+0069 "i" */
    0x00, 0x11, 0x00, 0x08, 0xff, 0xa0, 0x1f, 0xff,
    0xf3, 0x1f, 0xff, 0xf2, 0x05, 0xee, 0x70, 0x00,
    0x00, 0x00, 0x00, 0x00, 0x00, 0x0b, 0xff, 0xc0,
    0x0b, 0xff, 0xc0, 0x0b, 0xff, 0xc0, 0x0b, 0xff,
    0xc0, 0x0b, 0xff, 0xc0, 0x0b, 0xff, 0xc0, 0x0b,
    0xff, 0xc0, 0x0b, 0xff, 0xc0, 0x0b, 0xff, 0xc0,
    0x0b, 0xff, 0xc0, 0x0b, 0xff, 0xc0, 0x0b, 0xff,
    0xc0, 0x0b, 0xff, 0xc0, 0x0b, 0xff, 0xc0, 0x0b,
    0xff, 0xc0,

    /* U+006A "j" */
    0x00, 0x00, 0x04, 0xdf, 0x90, 0x00, 0x00, 0x0e,
    0xff, 0xf5, 0x00, 0x00, 0x0f, 0xff, 0xf5, 0x00,
    0x00, 0x06, 0xff, 0xb0, 0x00, 0x00, 0x00, 0x01,
    0x00, 0x00, 0x00, 0x00, 0x00, 0x00, 0x00, 0x00,
    0x00, 0x00, 0x00, 0x00, 0x00, 0x08, 0xff, 0xf0,
    0x00, 0x00, 0x08, 0xff, 0xf0, 0x00, 0x00, 0x08,
    0xff, 0xf0, 0x00, 0x00, 0x08, 0xff, 0xf0, 0x00,
    0x00, 0x08, 0xff, 0xf0, 0x00, 0x00, 0x08, 0xff,
    0xf0, 0x00, 0x00, 0x08, 0xff, 0xf0, 0x00, 0x00,
    0x08, 0xff, 0xf0, 0x00, 0x00, 0x08, 0xff, 0xf0,
    0x00, 0x00, 0x08, 0xff, 0xf0, 0x00, 0x00, 0x08,
    0xff, 0xf0, 0x00, 0x00, 0x08, 0xff, 0xf0, 0x00,
    0x00, 0x08, 0xff, 0xf0, 0x00, 0x00, 0x08, 0xff,
    0xf0, 0x00, 0x00, 0x08, 0xff, 0xf0, 0x00, 0x00,
    0x0a, 0xff, 0xe0, 0x03, 0x00, 0x2f, 0xff, 0xb0,
    0x0e, 0xfe, 0xff, 0xff, 0x50, 0x5f, 0xff, 0xff,
    0xfa, 0x00, 0x2a, 0xdf, 0xfc, 0x60, 0x00,

    /* U+006B "k" */
    0x69, 0x97, 0x00, 0x00, 0x00, 0x00, 0x00, 0x00,
    0xbf, 0xfc, 0x00, 0x00, 0x00, 0x00, 0x00, 0x00,
    0xbf, 0xfc, 0x00, 0x00, 0x00, 0x00, 0x00, 0x00,
    0xbf, 0xfc, 0x00, 0x00, 0x00, 0x00, 0x00, 0x00,
    0xbf, 0xfc, 0x00, 0x00, 0x00, 0x00, 0x00, 0x00,
    0xbf, 0xfc, 0x00, 0x00, 0x00, 0x00, 0x00, 0x00,
    0xbf, 0xfc, 0x00, 0x00, 0x00, 0x7f, 0xff, 0xb0,
    0xbf, 0xfc, 0x00, 0x00, 0x09, 0xff, 0xfb, 0x00,
    0xbf, 0xfc, 0x00, 0x00, 0xaf, 0xff, 0xb0, 0x00,
    0xbf, 0xfc, 0x00, 0x0b, 0xff, 0xfb, 0x00, 0x00,
    0xbf, 0xfc, 0x00, 0xbf, 0xff, 0xb0, 0x00, 0x00,
    0xbf, 0xfc, 0x1c, 0xff, 0xfc, 0x00, 0x00, 0x00,
    0xbf, 0xfd, 0xdf, 0xff, 0xf3, 0x00, 0x00, 0x00,
    0xbf, 0xff, 0xff, 0xff, 0xfd, 0x10, 0x00, 0x00,
    0xbf, 0xff, 0xff, 0xdf, 0xff, 0xb0, 0x00, 0x00,
    0xbf, 0xff, 0xf6, 0x0c, 0xff, 0xf8, 0x00, 0x00,
    0xbf, 0xff, 0x60, 0x01, 0xef, 0xff, 0x40, 0x00,
    0xbf, 0xfc, 0x00, 0x00, 0x4f, 0xff, 0xf2, 0x00,
    0xbf, 0xfc, 0x00, 0x00, 0x06, 0xff, 0xfd, 0x00,
    0xbf, 0xfc, 0x00, 0x00, 0x00, 0xaf, 0xff, 0xa0,
    0xbf, 0xfc, 0x00, 0x00, 0x00, 0x0c, 0xff, 0xf7,

    /* U+006C "l" */
    0x69, 0x97, 0xbf, 0xfc, 0xbf, 0xfc, 0xbf, 0xfc,
    0xbf, 0xfc, 0xbf, 0xfc, 0xbf, 0xfc, 0xbf, 0xfc,
    0xbf, 0xfc, 0xbf, 0xfc, 0xbf, 0xfc, 0xbf, 0xfc,
    0xbf, 0xfc, 0xbf, 0xfc, 0xbf, 0xfc, 0xbf, 0xfc,
    0xbf, 0xfc, 0xbf, 0xfc, 0xbf, 0xfc, 0xbf, 0xfc,
    0xbf, 0xfc,

    /* U+006D "m" */
    0xbf, 0xfa, 0x06, 0xbe, 0xfe, 0xb5, 0x00, 0x02,
    0x8d, 0xef, 0xd9, 0x20, 0x00, 0xbf, 0xfb, 0xdf,
    0xff, 0xff, 0xff, 0xb0, 0x8f, 0xff, 0xff, 0xff,
    0xf7, 0x00, 0xbf, 0xff, 0xff, 0xfe, 0xff, 0xff,
    0xfe, 0xff, 0xff, 0xef, 0xff, 0xff, 0x40, 0xbf,
    0xff, 0xf8, 0x00, 0x06, 0xff, 0xff, 0xfe, 0x50,
    0x00, 0x9f, 0xff, 0xc0, 0xbf, 0xff, 0x80, 0x00,
    0x00, 0x7f, 0xff, 0xf4, 0x00, 0x00, 0x0b, 0xff,
    0xf1, 0xbf, 0xff, 0x10, 0x00, 0x00, 0x1f, 0xff,
    0xc0, 0x00, 0x00, 0x05, 0xff, 0xf3, 0xbf, 0xfd,
    0x00, 0x00, 0x00, 0x0f, 0xff, 0x90, 0x00, 0x00,
    0x03, 0xff, 0xf4, 0xbf, 0xfc, 0x00, 0x00, 0x00,
    0x0f, 0xff, 0x80, 0x00, 0x00, 0x03, 0xff, 0xf4,
    0xbf, 0xfc, 0x00, 0x00, 0x00, 0x0f, 0xff, 0x80,
    0x00, 0x00, 0x03, 0xff, 0xf4, 0xbf, 0xfc, 0x00,
    0x00, 0x00, 0x0f, 0xff, 0x80, 0x00, 0x00, 0x03,
    0xff, 0xf4, 0xbf, 0xfc, 0x00, 0x00, 0x00, 0x0f,
    0xff, 0x80, 0x00, 0x00, 0x03, 0xff, 0xf4, 0xbf,
    0xfc, 0x00, 0x00, 0x00, 0x0f, 0xff, 0x80, 0x00,
    0x00, 0x03, 0xff, 0xf4, 0xbf, 0xfc, 0x00, 0x00,
    0x00, 0x0f, 0xff, 0x80, 0x00, 0x00, 0x03, 0xff,
    0xf4, 0xbf, 0xfc, 0x00, 0x00, 0x00, 0x0f, 0xff,
    0x80, 0x00, 0x00, 0x03, 0xff, 0xf4, 0xbf, 0xfc,
    0x00, 0x00, 0x00, 0x0f, 0xff, 0x80, 0x00, 0x00,
    0x03, 0xff, 0xf4,

    /* U+006E "n" */
    0xbf, 0xfa, 0x05, 0xbe, 0xfe, 0xc7, 0x00, 0x00,
    0xbf, 0xfb, 0xcf, 0xff, 0xff, 0xff, 0xe3, 0x00,
    0xbf, 0xff, 0xff, 0xfe, 0xff, 0xff, 0xfe, 0x10,
    0xbf, 0xff, 0xf9, 0x10, 0x02, 0xcf, 0xff, 0x70,
    0xbf, 0xff, 0x90, 0x00, 0x00, 0x1e, 0xff, 0xc0,
    0xbf, 0xff, 0x10, 0x00, 0x00, 0x09, 0xff, 0xe0,
    0xbf, 0xfd, 0x00, 0x00, 0x00, 0x07, 0xff, 0xf0,
    0xbf, 0xfc, 0x00, 0x00, 0x00, 0x07, 0xff, 0xf0,
    0xbf, 0xfc, 0x00, 0x00, 0x00, 0x07, 0xff, 0xf0,
    0xbf, 0xfc, 0x00, 0x00, 0x00, 0x07, 0xff, 0xf0,
    0xbf, 0xfc, 0x00, 0x00, 0x00, 0x07, 0xff, 0xf0,
    0xbf, 0xfc, 0x00, 0x00, 0x00, 0x07, 0xff, 0xf0,
    0xbf, 0xfc, 0x00, 0x00, 0x00, 0x07, 0xff, 0xf0,
    0xbf, 0xfc, 0x00, 0x00, 0x00, 0x07, 0xff, 0xf0,
    0xbf, 0xfc, 0x00, 0x00, 0x00, 0x07, 0xff, 0xf0,

    /* U+006F "o" */
    0x00, 0x00, 0x39, 0xdf, 0xfd, 0xa4, 0x00, 0x00,
    0x00, 0x1b, 0xff, 0xff, 0xff, 0xff, 0xc2, 0x00,
    0x01, 0xef, 0xff, 0xff, 0xff, 0xff, 0xfe, 0x20,
    0x0c, 0xff, 0xfb, 0x30, 0x03, 0xaf, 0xff, 0xd0,
    0x5f, 0xff, 0xa0, 0x00, 0x00, 0x08, 0xff, 0xf6,
    0xaf, 0xff, 0x00, 0x00, 0x00, 0x00, 0xef, 0xfb,
    0xdf, 0xfb, 0x00, 0x00, 0x00, 0x00, 0xaf, 0xfe,
    0xef, 0xf9, 0x00, 0x00, 0x00, 0x00, 0x8f, 0xff,
    0xdf, 0xfb, 0x00, 0x00, 0x00, 0x00, 0xaf, 0xfe,
    0xaf, 0xff, 0x00, 0x00, 0x00, 0x00, 0xef, 0xfb,
    0x5f, 0xff, 0xa0, 0x00, 0x00, 0x08, 0xff, 0xf6,
    0x0c, 0xff, 0xfb, 0x30, 0x03, 0xaf, 0xff, 0xd0,
    0x01, 0xef, 0xff, 0xff, 0xff, 0xff, 0xfe, 0x20,
    0x00, 0x1b, 0xff, 0xff, 0xff, 0xff, 0xc1, 0x00,
    0x00, 0x00, 0x4a, 0xdf, 0xfd, 0xa4, 0x00, 0x00,

    /* U+0070 "p" */
    0xbf, 0xfa, 0x05, 0xbe, 0xfe, 0xc7, 0x10, 0x00,
    0x0b, 0xff, 0xbc, 0xff, 0xff, 0xff, 0xfe, 0x50,
    0x00, 0xbf, 0xff, 0xff, 0xfd, 0xdf, 0xff, 0xff,
    0x50, 0x0b, 0xff, 0xff, 0xa2, 0x00, 0x07, 0xff,
    0xff, 0x20, 0xbf, 0xff, 0xa0, 0x00, 0x00, 0x05,
    0xff, 0xf9, 0x0b, 0xff, 0xf2, 0x00, 0x00, 0x00,
    0x0c, 0xff, 0xe0, 0xbf, 0xfd, 0x00, 0x00, 0x00,
    0x00, 0x7f, 0xff, 0x0b, 0xff, 0xc0, 0x00, 0x00,
    0x00, 0x06, 0xff, 0xf2, 0xbf, 0xfd, 0x00, 0x00,
    0x00, 0x00, 0x8f, 0xff, 0x0b, 0xff, 0xf3, 0x00,
    0x00, 0x00, 0x0d, 0xff, 0xe0, 0xbf, 0xff, 0xc0,
    0x00, 0x00, 0x07, 0xff, 0xf8, 0x0b, 0xff, 0xff,
    0xd4, 0x00, 0x29, 0xff, 0xff, 0x20, 0xbf, 0xff,
    0xff, 0xff, 0xff, 0xff, 0xff, 0x50, 0x0b, 0xff,
    0xd9, 0xff, 0xff, 0xff, 0xfe, 0x50, 0x00, 0xbf,
    0xfc, 0x04, 0xae, 0xfe, 0xc7, 0x10, 0x00, 0x0b,
    0xff, 0xc0, 0x00, 0x00, 0x00, 0x00, 0x00, 0x00,
    0xbf, 0xfc, 0x00, 0x00, 0x00, 0x00, 0x00, 0x00,
    0x0b, 0xff, 0xc0, 0x00, 0x00, 0x00, 0x00, 0x00,
    0x00, 0xbf, 0xfc, 0x00, 0x00, 0x00, 0x00, 0x00,
    0x00, 0x0b, 0xff, 0xc0, 0x00, 0x00, 0x00, 0x00,
    0x00, 0x00,

    /* U+0071 "q" */
    0x00, 0x00, 0x5b, 0xdf, 0xeb, 0x60, 0x6f, 0xfe,
    0x00, 0x3d, 0xff, 0xff, 0xff, 0xfd, 0x8f, 0xfe,
    0x03, 0xff, 0xff, 0xff, 0xff, 0xff, 0xff, 0xfe,
    0x0d, 0xff, 0xfb, 0x30, 0x03, 0xbf, 0xff, 0xfe,
    0x5f, 0xff, 0xa0, 0x00, 0x00, 0x09, 0xff, 0xfe,
    0xbf, 0xff, 0x00, 0x00, 0x00, 0x00, 0xef, 0xfe,
    0xdf, 0xfb, 0x00, 0x00, 0x00, 0x00, 0xaf, 0xfe,
    0xef, 0xf9, 0x00, 0x00, 0x00, 0x00, 0x8f, 0xfe,
    0xdf, 0xfb, 0x00, 0x00, 0x00, 0x00, 0xaf, 0xfe,
    0xaf, 0xff, 0x00, 0x00, 0x00, 0x00, 0xef, 0xfe,
    0x5f, 0xff, 0xa0, 0x00, 0x00, 0x09, 0xff, 0xfe,
    0x0d, 0xff, 0xfb, 0x30, 0x03, 0xbf, 0xff, 0xfe,
    0x02, 0xff, 0xff, 0xff, 0xff, 0xff, 0xff, 0xfe,
    0x00, 0x3d, 0xff, 0xff, 0xff, 0xfc, 0xaf, 0xfe,
    0x00, 0x00, 0x5b, 0xef, 0xeb, 0x50, 0x9f, 0xfe,
    0x00, 0x00, 0x00, 0x00, 0x00, 0x00, 0x9f, 0xfe,
    0x00, 0x00, 0x00, 0x00, 0x00, 0x00, 0x9f, 0xfe,
    0x00, 0x00, 0x00, 0x00, 0x00, 0x00, 0x9f, 0xfe,
    0x00, 0x00, 0x00, 0x00, 0x00, 0x00, 0x9f, 0xfe,
    0x00, 0x00, 0x00, 0x00, 0x00, 0x00, 0x9f, 0xfe,

    /* U+0072 "r" */
    0xbf, 0xfa, 0x05, 0xae, 0xeb, 0xff, 0xab, 0xff,
    0xff, 0xbf, 0xff, 0xff, 0xff, 0xfb, 0xff, 0xff,
    0xc5, 0x11, 0xbf, 0xff, 0xb0, 0x00, 0x0b, 0xff,
    0xf2, 0x00, 0x00, 0xbf, 0xfe, 0x00, 0x00, 0x0b,
    0xff, 0xc0, 0x00, 0x00, 0xbf, 0xfc, 0x00, 0x00,
    0x0b, 0xff, 0xc0, 0x00, 0x00, 0xbf, 0xfc, 0x00,
    0x00, 0x0b, 0xff, 0xc0, 0x00, 0x00, 0xbf, 0xfc,
    0x00, 0x00, 0x0b, 0xff, 0xc0, 0x00, 0x00, 0xbf,
    0xfc, 0x00, 0x00, 0x00,

    /* U+0073 "s" */
    0x00, 0x02, 0x8c, 0xef, 0xfd, 0xa6, 0x10, 0x00,
    0x7f, 0xff, 0xff, 0xff, 0xff, 0xf0, 0x05, 0xff,
    0xff, 0xed, 0xef, 0xff, 0x90, 0x0c, 0xff, 0xd3,
    0x00, 0x00, 0x4b, 0x10, 0x0f, 0xff, 0x80, 0x00,
    0x00, 0x00, 0x00, 0x0d, 0xff, 0xe4, 0x00, 0x00,
    0x00, 0x00, 0x07, 0xff, 0xff, 0xfd, 0xa7, 0x20,
    0x00, 0x00, 0x8f, 0xff, 0xff, 0xff, 0xfd, 0x30,
    0x00, 0x01, 0x6a, 0xdf, 0xff, 0xff, 0xf2, 0x00,
    0x00, 0x00, 0x00, 0x38, 0xff, 0xf8, 0x00, 0x00,
    0x00, 0x00, 0x00, 0xcf, 0xfa, 0x07, 0xe8, 0x20,
    0x00, 0x04, 0xff, 0xf8, 0x0e, 0xff, 0xff, 0xdd,
    0xff, 0xff, 0xf2, 0x2d, 0xff, 0xff, 0xff, 0xff,
    0xfe, 0x30, 0x00, 0x48, 0xce, 0xff, 0xeb, 0x60,
    0x00,

    /* U+0074 "t" */
    0x00, 0x18, 0x88, 0x20, 0x00, 0x00, 0x00, 0x3f,
    0xff, 0x40, 0x00, 0x00, 0x00, 0x3f, 0xff, 0x40,
    0x00, 0x00, 0x00, 0x3f, 0xff, 0x40, 0x00, 0x00,
    0xbf, 0xff, 0xff, 0xff, 0xff, 0x40, 0xbf, 0xff,
    0xff, 0xff, 0xff, 0x40, 0x8c, 0xdf, 0xff, 0xdc,
    0xcc, 0x30, 0x00, 0x3f, 0xff, 0x40, 0x00, 0x00,
    0x00, 0x3f, 0xff, 0x40, 0x00, 0x00, 0x00, 0x3f,
    0xff, 0x40, 0x00, 0x00, 0x00, 0x3f, 0xff, 0x40,
    0x00, 0x00, 0x00, 0x3f, 0xff, 0x40, 0x00, 0x00,
    0x00, 0x3f, 0xff, 0x40, 0x00, 0x00, 0x00, 0x3f,
    0xff, 0x40, 0x00, 0x00, 0x00, 0x3f, 0xff, 0x50,
    0x00, 0x00, 0x00, 0x1f, 0xff, 0xc1, 0x01, 0x20,
    0x00, 0x0b, 0xff, 0xff, 0xef, 0xa0, 0x00, 0x02,
    0xef, 0xff, 0xff, 0xf1, 0x00, 0x00, 0x19, 0xdf,
    0xec, 0x60,

    /* U+0075 "u" */
    0xdf, 0xfb, 0x00, 0x00, 0x00, 0x0b, 0xff, 0xcd,
    0xff, 0xb0, 0x00, 0x00, 0x00, 0xbf, 0xfc, 0xdf,
    0xfb, 0x00, 0x00, 0x00, 0x0b, 0xff, 0xcd, 0xff,
    0xb0, 0x00, 0x00, 0x00, 0xbf, 0xfc, 0xdf, 0xfb,
    0x00, 0x00, 0x00, 0x0b, 0xff, 0xcd, 0xff, 0xb0,
    0x00, 0x00, 0x00, 0xbf, 0xfc, 0xdf, 0xfb, 0x00,
    0x00, 0x00, 0x0b, 0xff, 0xcd, 0xff, 0xb0, 0x00,
    0x00, 0x00, 0xbf, 0xfc, 0xcf, 0xfb, 0x00, 0x00,
    0x00, 0x0d, 0xff, 0xcb, 0xff, 0xd0, 0x00, 0x00,
    0x01, 0xff, 0xfc, 0x9f, 0xff, 0x40, 0x00, 0x00,
    0x9f, 0xff, 0xc4, 0xff, 0xff, 0x72, 0x13, 0xbf,
    0xff, 0xfc, 0x0c, 0xff, 0xff, 0xff, 0xff, 0xff,
    0xff, 0xc0, 0x1c, 0xff, 0xff, 0xff, 0xfb, 0x9f,
    0xfc, 0x00, 0x05, 0xbe, 0xfe, 0xb5, 0x09, 0xff,
    0xc0,

    /* U+0076 "v" */
    0x0e, 0xff, 0xb0, 0x00, 0x00, 0x00, 0x04, 0xff,
    0xf1, 0x08, 0xff, 0xf2, 0x00, 0x00, 0x00, 0x0b,
    0xff, 0xa0, 0x01, 0xff, 0xf8, 0x00, 0x00, 0x00,
    0x2f, 0xff, 0x30, 0x00, 0xaf, 0xfe, 0x00, 0x00,
    0x00, 0x9f, 0xfc, 0x00, 0x00, 0x3f, 0xff, 0x60,
    0x00, 0x00, 0xff, 0xf5, 0x00, 0x00, 0x0c, 0xff,
    0xc0, 0x00, 0x06, 0xff, 0xe0, 0x00, 0x00, 0x05,
    0xff, 0xf3, 0x00, 0x0d, 0xff, 0x80, 0x00, 0x00,
    0x00, 0xef, 0xfa, 0x00, 0x4f, 0xff, 0x10, 0x00,
    0x00, 0x00, 0x8f, 0xff, 0x10, 0xbf, 0xfa, 0x00,
    0x00, 0x00, 0x00, 0x1f, 0xff, 0x72, 0xff, 0xf3,
    0x00, 0x00, 0x00, 0x00, 0x0a, 0xff, 0xd9, 0xff,
    0xc0, 0x00, 0x00, 0x00, 0x00, 0x03, 0xff, 0xff,
    0xff, 0x60, 0x00, 0x00, 0x00, 0x00, 0x00, 0xcf,
    0xff, 0xfe, 0x00, 0x00, 0x00, 0x00, 0x00, 0x00,
    0x6f, 0xff, 0xf8, 0x00, 0x00, 0x00, 0x00, 0x00,
    0x00, 0x0e, 0xff, 0xf1, 0x00, 0x00, 0x00,

    /* U+0077 "w" */
    0xbf, 0xf9, 0x00, 0x00, 0x00, 0x0b, 0xff, 0x90,
    0x00, 0x00, 0x00, 0xaf, 0xf7, 0x5f, 0xfe, 0x00,
    0x00, 0x00, 0x1f, 0xff, 0xe0, 0x00, 0x00, 0x01,
    0xff, 0xf1, 0x0f, 0xff, 0x40, 0x00, 0x00, 0x7f,
    0xff, 0xf5, 0x00, 0x00, 0x06, 0xff, 0xb0, 0x09,
    0xff, 0xa0, 0x00, 0x00, 0xdf, 0xff, 0xfb, 0x00,
    0x00, 0x0c, 0xff, 0x50, 0x03, 0xff, 0xf0, 0x00,
    0x03, 0xff, 0xff, 0xff, 0x10, 0x00, 0x2f, 0xff,
    0x00, 0x00, 0xef, 0xf6, 0x00, 0x09, 0xff, 0x8c,
    0xff, 0x60, 0x00, 0x8f, 0xf9, 0x00, 0x00, 0x8f,
    0xfb, 0x00, 0x0e, 0xff, 0x26, 0xff, 0xc0, 0x00,
    0xdf, 0xf3, 0x00, 0x00, 0x2f, 0xff, 0x10, 0x5f,
    0xfc, 0x01, 0xff, 0xf2, 0x03, 0xff, 0xd0, 0x00,
    0x00, 0x0c, 0xff, 0x70, 0xbf, 0xf6, 0x00, 0xaf,
    0xf8, 0x09, 0xff, 0x70, 0x00, 0x00, 0x06, 0xff,
    0xc1, 0xff, 0xf1, 0x00, 0x4f, 0xfd, 0x0e, 0xff,
    0x20, 0x00, 0x00, 0x01, 0xff, 0xf9, 0xff, 0xa0,
    0x00, 0x0e, 0xff, 0x9f, 0xfc, 0x00, 0x00, 0x00,
    0x00, 0xbf, 0xff, 0xff, 0x40, 0x00, 0x09, 0xff,
    0xff, 0xf6, 0x00, 0x00, 0x00, 0x00, 0x5f, 0xff,
    0xfe, 0x00, 0x00, 0x02, 0xff, 0xff, 0xf0, 0x00,
    0x00, 0x00, 0x00, 0x0e, 0xff, 0xf8, 0x00, 0x00,
    0x00, 0xdf, 0xff, 0xa0, 0x00, 0x00, 0x00, 0x00,
    0x09, 0xff, 0xf2, 0x00, 0x00, 0x00, 0x7f, 0xff,
    0x40, 0x00, 0x00,

    /* U+0078 "x" */
    0x2f, 0xff, 0xb0, 0x00, 0x00, 0x0a, 0xff, 0xf2,
    0x05, 0xff, 0xf8, 0x00, 0x00, 0x6f, 0xff, 0x50,
    0x00, 0x9f, 0xff, 0x40, 0x03, 0xff, 0xf9, 0x00,
    0x00, 0x0c, 0xff, 0xe1, 0x0d, 0xff, 0xc0, 0x00,
    0x00, 0x02, 0xef, 0xfb, 0xaf, 0xfe, 0x20, 0x00,
    0x00, 0x00, 0x5f, 0xff, 0xff, 0xf4, 0x00, 0x00,
    0x00, 0x00, 0x08, 0xff, 0xff, 0x80, 0x00, 0x00,
    0x00, 0x00, 0x01, 0xff, 0xff, 0x20, 0x00, 0x00,
    0x00, 0x00, 0x0c, 0xff, 0xff, 0xc0, 0x00, 0x00,
    0x00, 0x00, 0x8f, 0xff, 0xff, 0xf9, 0x00, 0x00,
    0x00, 0x04, 0xff, 0xf8, 0x7f, 0xff, 0x50, 0x00,
    0x00, 0x2e, 0xff, 0xb0, 0x0b, 0xff, 0xf2, 0x00,
    0x00, 0xcf, 0xfe, 0x10, 0x01, 0xef, 0xfd, 0x00,
    0x09, 0xff, 0xf4, 0x00, 0x00, 0x4f, 0xff, 0x90,
    0x5f, 0xff, 0x70, 0x00, 0x00, 0x08, 0xff, 0xf6,

    /* U+0079 "y" */
    0x0e, 0xff, 0xb0, 0x00, 0x00, 0x00, 0x04, 0xff,
    0xf1, 0x07, 0xff, 0xf2, 0x00, 0x00, 0x00, 0x0b,
    0xff, 0xa0, 0x01, 0xff, 0xf9, 0x00, 0x00, 0x00,
    0x2f, 0xff, 0x20, 0x00, 0x9f, 0xff, 0x10, 0x00,
    0x00, 0x9f, 0xfb, 0x00, 0x00, 0x2f, 0xff, 0x70,
    0x00, 0x01, 0xff, 0xf4, 0x00, 0x00, 0x0a, 0xff,
    0xe0, 0x00, 0x07, 0xff, 0xd0, 0x00, 0x00, 0x03,
    0xff, 0xf5, 0x00, 0x0e, 0xff, 0x60, 0x00, 0x00,
    0x00, 0xcf, 0xfc, 0x00, 0x5f, 0xfe, 0x00, 0x00,
    0x00, 0x00, 0x5f, 0xff, 0x30, 0xcf, 0xf8, 0x00,
    0x00, 0x00, 0x00, 0x0d, 0xff, 0xa4, 0xff, 0xf1,
    0x00, 0x00, 0x00, 0x00, 0x06, 0xff, 0xfc, 0xff,
    0x90, 0x00, 0x00, 0x00, 0x00, 0x00, 0xef, 0xff,
    0xff, 0x20, 0x00, 0x00, 0x00, 0x00, 0x00, 0x8f,
    0xff, 0xfb, 0x00, 0x00, 0x00, 0x00, 0x00, 0x00,
    0x1f, 0xff, 0xf4, 0x00, 0x00, 0x00, 0x00, 0x00,
    0x00, 0x0b, 0xff, 0xd0, 0x00, 0x00, 0x00, 0x00,
    0x00, 0x00, 0x2f, 0xff, 0x60, 0x00, 0x00, 0x00,
    0x04, 0x81, 0x01, 0xcf, 0xfe, 0x00, 0x00, 0x00,
    0x00, 0x0d, 0xff, 0xef, 0xff, 0xf5, 0x00, 0x00,
    0x00, 0x00, 0x4f, 0xff, 0xff, 0xff, 0x80, 0x00,
    0x00, 0x00, 0x00, 0x04, 0xae, 0xfe, 0xa3, 0x00,
    0x00, 0x00, 0x00, 0x00,

    /* U+007A "z" */
    0xcf, 0xff, 0xff, 0xff, 0xff, 0xff, 0xcc, 0xff,
    0xff, 0xff, 0xff, 0xff, 0xfc, 0x9c, 0xcc, 0xcc,
    0xcc, 0xff, 0xff, 0x70, 0x00, 0x00, 0x00, 0x4f,
    0xff, 0xa0, 0x00, 0x00, 0x00, 0x2f, 0xff, 0xc0,
    0x00, 0x00, 0x00, 0x1d, 0xff, 0xe1, 0x00, 0x00,
    0x00, 0x0b, 0xff, 0xf3, 0x00, 0x00, 0x00, 0x09,
    0xff, 0xf6, 0x00, 0x00, 0x00, 0x06, 0xff, 0xf8,
    0x00, 0x00, 0x00, 0x03, 0xff, 0xfb, 0x00, 0x00,
    0x00, 0x02, 0xef, 0xfd, 0x00, 0x00, 0x00, 0x00,
    0xdf, 0xfe, 0x20, 0x00, 0x00, 0x00, 0xaf, 0xff,
    0xec, 0xcc, 0xcc, 0xcc, 0xcf, 0xff, 0xff, 0xff,
    0xff, 0xff, 0xff, 0xff, 0xff, 0xff, 0xff, 0xff,
    0xff, 0xf0,

    /* U+007B "{" */
    0x00, 0x00, 0x3b, 0xef, 0xe0, 0x00, 0x4f, 0xff,
    0xfe, 0x00, 0x0e, 0xff, 0xfe, 0xb0, 0x02, 0xff,
    0xfb, 0x00, 0x00, 0x4f, 0xff, 0x40, 0x00, 0x04,
    0xff, 0xf3, 0x00, 0x00, 0x4f, 0xff, 0x30, 0x00,
    0x04, 0xff, 0xf3, 0x00, 0x00, 0x4f, 0xff, 0x30,
    0x00, 0x04, 0xff, 0xf3, 0x00, 0x00, 0x4f, 0xff,
    0x30, 0x00, 0x09, 0xff, 0xf1, 0x00, 0x7f, 0xff,
    0xfb, 0x00, 0x07, 0xff, 0xfe, 0x20, 0x00, 0x6d,
    0xff, 0xfd, 0x00, 0x00, 0x07, 0xff, 0xf2, 0x00,
    0x00, 0x4f, 0xff, 0x30, 0x00, 0x04, 0xff, 0xf3,
    0x00, 0x00, 0x4f, 0xff, 0x30, 0x00, 0x04, 0xff,
    0xf3, 0x00, 0x00, 0x4f, 0xff, 0x30, 0x00, 0x04,
    0xff, 0xf4, 0x00, 0x00, 0x3f, 0xff, 0xa0, 0x00,
    0x00, 0xef, 0xff, 0xeb, 0x00, 0x06, 0xff, 0xff,
    0xe0, 0x00, 0x04, 0xbe, 0xfe,

    /* U+007C "|" */
    0x6f, 0xfd, 0x6f, 0xfd, 0x6f, 0xfd, 0x6f, 0xfd,
    0x6f, 0xfd, 0x6f, 0xfd, 0x6f, 0xfd, 0x6f, 0xfd,
    0x6f, 0xfd, 0x6f, 0xfd, 0x6f, 0xfd, 0x6f, 0xfd,
    0x6f, 0xfd, 0x6f, 0xfd, 0x6f, 0xfd, 0x6f, 0xfd,
    0x6f, 0xfd, 0x6f, 0xfd, 0x6f, 0xfd, 0x6f, 0xfd,
    0x6f, 0xfd, 0x6f, 0xfd, 0x6f, 0xfd, 0x6f, 0xfd,
    0x6f, 0xfd, 0x6f, 0xfd,

    /* U+007D "}" */
    0x8f, 0xfc, 0x60, 0x00, 0x08, 0xff, 0xff, 0xa0,
    0x00, 0x6d, 0xff, 0xff, 0x40, 0x00, 0x05, 0xff,
    0xf8, 0x00, 0x00, 0x0e, 0xff, 0xa0, 0x00, 0x00,
    0xdf, 0xfa, 0x00, 0x00, 0x0d, 0xff, 0xa0, 0x00,
    0x00, 0xdf, 0xfa, 0x00, 0x00, 0x0d, 0xff, 0xa0,
    0x00, 0x00, 0xdf, 0xfa, 0x00, 0x00, 0x0d, 0xff,
    0xa0, 0x00, 0x00, 0xbf, 0xfd, 0x10, 0x00, 0x05,
    0xff, 0xff, 0xd0, 0x00, 0x0a, 0xff, 0xfd, 0x00,
    0x07, 0xff, 0xfe, 0xb0, 0x00, 0xcf, 0xfd, 0x00,
    0x00, 0x0d, 0xff, 0xa0, 0x00, 0x00, 0xdf, 0xfa,
    0x00, 0x00, 0x0d, 0xff, 0xa0, 0x00, 0x00, 0xdf,
    0xfa, 0x00, 0x00, 0x0d, 0xff, 0xa0, 0x00, 0x00,
    0xef, 0xfa, 0x00, 0x00, 0x4f, 0xff, 0x90, 0x06,
    0xdf, 0xff, 0xf5, 0x00, 0x8f, 0xff, 0xfb, 0x00,
    0x08, 0xff, 0xd7, 0x00, 0x00,

    /* U+007E "~" */
    0x00, 0x7d, 0xfd, 0x70, 0x00, 0x04, 0xff, 0x00,
    0x8f, 0xff, 0xff, 0xc2, 0x00, 0xaf, 0xd0, 0x1f,
    0xfe, 0xad, 0xff, 0xfa, 0xbf, 0xf9, 0x05, 0xff,
    0x20, 0x08, 0xff, 0xff, 0xfe, 0x10, 0x7f, 0xd0,
    0x00, 0x02, 0xbf, 0xfb, 0x20, 0x00,

    /* U+00B0 "°" */
    0x00, 0x6c, 0xfe, 0xb3, 0x00, 0x0a, 0xff, 0xef,
    0xff, 0x50, 0x6f, 0xd3, 0x00, 0x5f, 0xf1, 0xcf,
    0x40, 0x00, 0x09, 0xf7, 0xef, 0x10, 0x00, 0x06,
    0xf9, 0xcf, 0x40, 0x00, 0x09, 0xf7, 0x6f, 0xd2,
    0x00, 0x5f, 0xf1, 0x0a, 0xff, 0xee, 0xff, 0x50,
    0x00, 0x6c, 0xfe, 0xb3, 0x00,

    /* U+2014 "—" */
    0x44, 0x44, 0x44, 0x44, 0x44, 0x44, 0x44, 0x44,
    0x44, 0x44, 0x44, 0x44, 0x44, 0x44, 0xff, 0xff,
    0xff, 0xff, 0xff, 0xff, 0xff, 0xff, 0xff, 0xff,
    0xff, 0xff, 0xff, 0xff, 0xff, 0xff, 0xff, 0xff,
    0xff, 0xff, 0xff, 0xff, 0xff, 0xff, 0xff, 0xff,
    0xff, 0xff,

    /* U+2022 "•" */
    0x00, 0x00, 0x00, 0x00, 0x2b, 0xfd, 0x50, 0x0d,
    0xff, 0xff, 0x43, 0xff, 0xff, 0xf9, 0x3f, 0xff,
    0xff, 0x90, 0xdf, 0xff, 0xf4, 0x02, 0xbf, 0xd5,
    0x00
};

/*---------------------
 *  GLYPH DESCRIPTION
 *--------------------*/

static const lv_font_fmt_txt_glyph_dsc_t glyph_dsc[] = {
    {.bitmap_index = 0, .adv_w = 0, .box_w = 0, .box_h = 0, .ofs_x = 0, .ofs_y = 0} /* id = 0 reserved */,
    {.bitmap_index = 0, .adv_w = 124, .box_w = 0, .box_h = 0, .ofs_x = 0, .ofs_y = 0},
    {.bitmap_index = 0, .adv_w = 125, .box_w = 6, .box_h = 19, .ofs_x = 1, .ofs_y = 0},
    {.bitmap_index = 57, .adv_w = 185, .box_w = 9, .box_h = 8, .ofs_x = 1, .ofs_y = 11},
    {.bitmap_index = 93, .adv_w = 319, .box_w = 20, .box_h = 19, .ofs_x = 0, .ofs_y = 0},
    {.bitmap_index = 283, .adv_w = 282, .box_w = 17, .box_h = 27, .ofs_x = 0, .ofs_y = -4},
    {.bitmap_index = 513, .adv_w = 385, .box_w = 24, .box_h = 19, .ofs_x = 0, .ofs_y = 0},
    {.bitmap_index = 741, .adv_w = 316, .box_w = 19, .box_h = 20, .ofs_x = 1, .ofs_y = -1},
    {.bitmap_index = 931, .adv_w = 99, .box_w = 4, .box_h = 8, .ofs_x = 1, .ofs_y = 11},
    {.bitmap_index = 947, .adv_w = 155, .box_w = 8, .box_h = 26, .ofs_x = 2, .ofs_y = -5},
    {.bitmap_index = 1051, .adv_w = 156, .box_w = 8, .box_h = 26, .ofs_x = 0, .ofs_y = -5},
    {.bitmap_index = 1155, .adv_w = 186, .box_w = 12, .box_h = 11, .ofs_x = 0, .ofs_y = 10},
    {.bitmap_index = 1221, .adv_w = 264, .box_w = 14, .box_h = 13, .ofs_x = 1, .ofs_y = 3},
    {.bitmap_index = 1312, .adv_w = 109, .box_w = 5, .box_h = 9, .ofs_x = 1, .ofs_y = -4},
    {.bitmap_index = 1335, .adv_w = 172, .box_w = 9, .box_h = 3, .ofs_x = 1, .ofs_y = 6},
    {.bitmap_index = 1349, .adv_w = 109, .box_w = 5, .box_h = 5, .ofs_x = 1, .ofs_y = 0},
    {.bitmap_index = 1362, .adv_w = 166, .box_w = 13, .box_h = 26, .ofs_x = -1, .ofs_y = -3},
    {.bitmap_index = 1531, .adv_w = 302, .box_w = 17, .box_h = 19, .ofs_x = 1, .ofs_y = 0},
    {.bitmap_index = 1693, .adv_w = 171, .box_w = 9, .box_h = 19, .ofs_x = 0, .ofs_y = 0},
    {.bitmap_index = 1779, .adv_w = 261, .box_w = 16, .box_h = 19, .ofs_x = 0, .ofs_y = 0},
    {.bitmap_index = 1931, .adv_w = 261, .box_w = 16, .box_h = 19, .ofs_x = 0, .ofs_y = 0},
    {.bitmap_index = 2083, .adv_w = 304, .box_w = 19, .box_h = 19, .ofs_x = 0, .ofs_y = 0},
    {.bitmap_index = 2264, .adv_w = 262, .box_w = 16, .box_h = 19, .ofs_x = 0, .ofs_y = 0},
    {.bitmap_index = 2416, .adv_w = 281, .box_w = 16, .box_h = 19, .ofs_x = 1, .ofs_y = 0},
    {.bitmap_index = 2568, .adv_w = 272, .box_w = 17, .box_h = 19, .ofs_x = 0, .ofs_y = 0},
    {.bitmap_index = 2730, .adv_w = 292, .box_w = 17, .box_h = 19, .ofs_x = 1, .ofs_y = 0},
    {.bitmap_index = 2892, .adv_w = 281, .box_w = 17, .box_h = 19, .ofs_x = 0, .ofs_y = 0},
    {.bitmap_index = 3054, .adv_w = 109, .box_w = 5, .box_h = 15, .ofs_x = 1, .ofs_y = 0},
    {.bitmap_index = 3092, .adv_w = 109, .box_w = 5, .box_h = 19, .ofs_x = 1, .ofs_y = -4},
    {.bitmap_index = 3140, .adv_w = 264, .box_w = 14, .box_h = 14, .ofs_x = 1, .ofs_y = 3},
    {.bitmap_index = 3238, .adv_w = 264, .box_w = 14, .box_h = 10, .ofs_x = 1, .ofs_y = 5},
    {.bitmap_index = 3308, .adv_w = 264, .box_w = 14, .box_h = 14, .ofs_x = 1, .ofs_y = 3},
    {.bitmap_index = 3406, .adv_w = 260, .box_w = 15, .box_h = 19, .ofs_x = 0, .ofs_y = 0},
    {.bitmap_index = 3549, .adv_w = 463, .box_w = 27, .box_h = 24, .ofs_x = 1, .ofs_y = -5},
    {.bitmap_index = 3873, .adv_w = 336, .box_w = 23, .box_h = 19, .ofs_x = -1, .ofs_y = 0},
    {.bitmap_index = 4092, .adv_w = 341, .box_w = 19, .box_h = 19, .ofs_x = 2, .ofs_y = 0},
    {.bitmap_index = 4273, .adv_w = 322, .box_w = 19, .box_h = 19, .ofs_x = 1, .ofs_y = 0},
    {.bitmap_index = 4454, .adv_w = 370, .box_w = 20, .box_h = 19, .ofs_x = 2, .ofs_y = 0},
    {.bitmap_index = 4644, .adv_w = 300, .box_w = 16, .box_h = 19, .ofs_x = 2, .ofs_y = 0},
    {.bitmap_index = 4796, .adv_w = 285, .box_w = 15, .box_h = 19, .ofs_x = 2, .ofs_y = 0},
    {.bitmap_index = 4939, .adv_w = 346, .box_w = 19, .box_h = 19, .ofs_x = 1, .ofs_y = 0},
    {.bitmap_index = 5120, .adv_w = 363, .box_w = 19, .box_h = 19, .ofs_x = 2, .ofs_y = 0},
    {.bitmap_index = 5301, .adv_w = 143, .box_w = 5, .box_h = 19, .ofs_x = 2, .ofs_y = 0},
    {.bitmap_index = 5349, .adv_w = 236, .box_w = 14, .box_h = 19, .ofs_x = -1, .ofs_y = 0},
    {.bitmap_index = 5482, .adv_w = 327, .box_w = 19, .box_h = 19, .ofs_x = 2, .ofs_y = 0},
    {.bitmap_index = 5663, .adv_w = 268, .box_w = 15, .box_h = 19, .ofs_x = 2, .ofs_y = 0},
    {.bitmap_index = 5806, .adv_w = 428, .box_w = 23, .box_h = 19, .ofs_x = 2, .ofs_y = 0},
    {.bitmap_index = 6025, .adv_w = 363, .box_w = 19, .box_h = 19, .ofs_x = 2, .ofs_y = 0},
    {.bitmap_index = 6206, .adv_w = 377, .box_w = 22, .box_h = 19, .ofs_x = 1, .ofs_y = 0},
    {.bitmap_index = 6415, .adv_w = 325, .box_w = 18, .box_h = 19, .ofs_x = 2, .ofs_y = 0},
    {.bitmap_index = 6586, .adv_w = 377, .box_w = 23, .box_h = 24, .ofs_x = 1, .ofs_y = -5},
    {.bitmap_index = 6862, .adv_w = 327, .box_w = 18, .box_h = 19, .ofs_x = 2, .ofs_y = 0},
    {.bitmap_index = 7033, .adv_w = 282, .box_w = 17, .box_h = 19, .ofs_x = 0, .ofs_y = 0},
    {.bitmap_index = 7195, .adv_w = 270, .box_w = 17, .box_h = 19, .ofs_x = 0, .ofs_y = 0},
    {.bitmap_index = 7357, .adv_w = 353, .box_w = 18, .box_h = 19, .ofs_x = 2, .ofs_y = 0},
    {.bitmap_index = 7528, .adv_w = 327, .box_w = 22, .box_h = 19, .ofs_x = -1, .ofs_y = 0},
    {.bitmap_index = 7737, .adv_w = 513, .box_w = 32, .box_h = 19, .ofs_x = 0, .ofs_y = 0},
    {.bitmap_index = 8041, .adv_w = 310, .box_w = 20, .box_h = 19, .ofs_x = 0, .ofs_y = 0},
    {.bitmap_index = 8231, .adv_w = 296, .box_w = 20, .box_h = 19, .ofs_x = -1, .ofs_y = 0},
    {.bitmap_index = 8421, .adv_w = 297, .box_w = 17, .box_h = 19, .ofs_x = 1, .ofs_y = 0},
    {.bitmap_index = 8583, .adv_w = 157, .box_w = 8, .box_h = 26, .ofs_x = 2, .ofs_y = -5},
    {.bitmap_index = 8687, .adv_w = 166, .box_w = 14, .box_h = 26, .ofs_x = -2, .ofs_y = -3},
    {.bitmap_index = 8869, .adv_w = 157, .box_w = 8, .box_h = 26, .ofs_x = 0, .ofs_y = -5},
    {.bitmap_index = 8973, .adv_w = 265, .box_w = 14, .box_h = 12, .ofs_x = 1, .ofs_y = 4},
    {.bitmap_index = 9057, .adv_w = 224, .box_w = 14, .box_h = 3, .ofs_x = 0, .ofs_y = -2},
    {.bitmap_index = 9078, .adv_w = 269, .box_w = 9, .box_h = 4, .ofs_x = 2, .ofs_y = 17},
    {.bitmap_index = 9096, .adv_w = 272, .box_w = 14, .box_h = 15, .ofs_x = 1, .ofs_y = 0},
    {.bitmap_index = 9201, .adv_w = 307, .box_w = 17, .box_h = 21, .ofs_x = 2, .ofs_y = 0},
    {.bitmap_index = 9380, .adv_w = 260, .box_w = 15, .box_h = 15, .ofs_x = 1, .ofs_y = 0},
    {.bitmap_index = 9493, .adv_w = 308, .box_w = 16, .box_h = 21, .ofs_x = 1, .ofs_y = 0},
    {.bitmap_index = 9661, .adv_w = 279, .box_w = 16, .box_h = 15, .ofs_x = 1, .ofs_y = 0},
    {.bitmap_index = 9781, .adv_w = 165, .box_w = 12, .box_h = 21, .ofs_x = 0, .ofs_y = 0},
    {.bitmap_index = 9907, .adv_w = 311, .box_w = 17, .box_h = 20, .ofs_x = 1, .ofs_y = -5},
    {.bitmap_index = 10077, .adv_w = 307, .box_w = 16, .box_h = 21, .ofs_x = 2, .ofs_y = 0},
    {.bitmap_index = 10245, .adv_w = 129, .box_w = 6, .box_h = 22, .ofs_x = 1, .ofs_y = 0},
    {.bitmap_index = 10311, .adv_w = 132, .box_w = 10, .box_h = 27, .ofs_x = -3, .ofs_y = -5},
    {.bitmap_index = 10446, .adv_w = 284, .box_w = 16, .box_h = 21, .ofs_x = 2, .ofs_y = 0},
    {.bitmap_index = 10614, .adv_w = 129, .box_w = 4, .box_h = 21, .ofs_x = 2, .ofs_y = 0},
    {.bitmap_index = 10656, .adv_w = 472, .box_w = 26, .box_h = 15, .ofs_x = 2, .ofs_y = 0},
    {.bitmap_index = 10851, .adv_w = 307, .box_w = 16, .box_h = 15, .ofs_x = 2, .ofs_y = 0},
    {.bitmap_index = 10971, .adv_w = 289, .box_w = 16, .box_h = 15, .ofs_x = 1, .ofs_y = 0},
    {.bitmap_index = 11091, .adv_w = 307, .box_w = 17, .box_h = 20, .ofs_x = 2, .ofs_y = -5},
    {.bitmap_index = 11261, .adv_w = 307, .box_w = 16, .box_h = 20, .ofs_x = 1, .ofs_y = -5},
    {.bitmap_index = 11421, .adv_w = 188, .box_w = 9, .box_h = 15, .ofs_x = 2, .ofs_y = 0},
    {.bitmap_index = 11489, .adv_w = 231, .box_w = 14, .box_h = 15, .ofs_x = 0, .ofs_y = 0},
    {.bitmap_index = 11594, .adv_w = 190, .box_w = 12, .box_h = 19, .ofs_x = 0, .ofs_y = 0},
    {.bitmap_index = 11708, .adv_w = 305, .box_w = 15, .box_h = 15, .ofs_x = 2, .ofs_y = 0},
    {.bitmap_index = 11821, .adv_w = 259, .box_w = 18, .box_h = 15, .ofs_x = -1, .ofs_y = 0},
    {.bitmap_index = 11956, .adv_w = 412, .box_w = 26, .box_h = 15, .ofs_x = 0, .ofs_y = 0},
    {.bitmap_index = 12151, .adv_w = 257, .box_w = 16, .box_h = 15, .ofs_x = 0, .ofs_y = 0},
    {.bitmap_index = 12271, .adv_w = 259, .box_w = 18, .box_h = 20, .ofs_x = -1, .ofs_y = -5},
    {.bitmap_index = 12451, .adv_w = 238, .box_w = 13, .box_h = 15, .ofs_x = 1, .ofs_y = 0},
    {.bitmap_index = 12549, .adv_w = 166, .box_w = 9, .box_h = 26, .ofs_x = 1, .ofs_y = -5},
    {.bitmap_index = 12666, .adv_w = 136, .box_w = 4, .box_h = 26, .ofs_x = 2, .ofs_y = -5},
    {.bitmap_index = 12718, .adv_w = 166, .box_w = 9, .box_h = 26, .ofs_x = 0, .ofs_y = -5},
    {.bitmap_index = 12835, .adv_w = 264, .box_w = 15, .box_h = 5, .ofs_x = 1, .ofs_y = 7},
    {.bitmap_index = 12873, .adv_w = 188, .box_w = 10, .box_h = 9, .ofs_x = 1, .ofs_y = 10},
    {.bitmap_index = 12918, .adv_w = 448, .box_w = 28, .box_h = 3, .ofs_x = 0, .ofs_y = 7},
    {.bitmap_index = 12960, .adv_w = 150, .box_w = 7, .box_h = 7, .ofs_x = 1, .ofs_y = 5}
};

/*---------------------
 *  CHARACTER MAPPING
 *--------------------*/

static const uint16_t unicode_list_1[] = {
    0x00, 0x1f64, 0x1f72
};

/*Collect the unicode lists and glyph_id offsets*/
static const lv_font_fmt_txt_cmap_t cmaps[] =
{
    {
        .range_start = 32, .range_length = 95, .glyph_id_start = 1,
        .unicode_list = NULL, .glyph_id_ofs_list = NULL, .list_length = 0, .type = LV_FONT_FMT_TXT_CMAP_FORMAT0_TINY
    },
    {
        .range_start = 176, .range_length = 8051, .glyph_id_start = 96,
        .unicode_list = unicode_list_1, .glyph_id_ofs_list = NULL, .list_length = 3, .type = LV_FONT_FMT_TXT_CMAP_SPARSE_TINY
    }
};

/*-----------------
 *    KERNING
 *----------------*/

/*Map glyph_ids to kern left classes*/
static const uint8_t kern_left_class_mapping[] =
{
    0, 0, 1, 2, 0, 3, 4, 5,
    2, 6, 0, 7, 8, 9, 8, 9,
    10, 11, 0, 12, 13, 14, 15, 16,
    17, 18, 11, 19, 19, 0, 0, 0,
    20, 21, 0, 0, 0, 0, 0, 0,
    0, 0, 0, 0, 0, 0, 0, 0,
    0, 0, 0, 0, 0, 0, 0, 0,
    0, 0, 0, 0, 22, 23, 0, 0,
    24, 0, 0, 0, 0, 0, 0, 0,
    0, 0, 0, 0, 0, 0, 0, 0,
    0, 0, 0, 0, 0, 0, 0, 0,
    0, 0, 0, 0, 22, 0, 0, 8,
    25, 0, 8
};

/*Map glyph_ids to kern right classes*/
static const uint8_t kern_right_class_mapping[] =
{
    0, 0, 1, 2, 0, 3, 4, 5,
    2, 0, 6, 7, 8, 9, 8, 9,
    10, 11, 12, 13, 14, 15, 16, 11,
    17, 18, 19, 20, 20, 0, 0, 0,
    21, 22, 0, 0, 0, 0, 0, 0,
    0, 0, 0, 0, 0, 0, 0, 0,
    0, 0, 0, 0, 0, 0, 0, 0,
    0, 0, 0, 0, 23, 24, 25, 0,
    26, 0, 0, 0, 0, 0, 0, 0,
    0, 0, 0, 0, 0, 0, 0, 0,
    0, 0, 0, 0, 0, 0, 0, 0,
    0, 0, 0, 0, 0, 0, 25, 8,
    27, 0, 8
};

/*Kern values between classes*/
static const int8_t kern_class_values[] =
{
    0, 0, 0, 0, 0, 0, 3, 0,
    0, 0, 0, 4, 0, 0, 0, 0,
    2, 0, 0, 0, 0, 0, 0, 0,
    0, 0, 0, 0, 20, 0, 11, -9,
    0, 9, 0, -25, -27, 2, 20, 9,
    7, -18, 2, 20, 0, 18, 4, 13,
    -7, 0, 27, 4, -2, 9, 0, -13,
    0, 0, 0, 0, -9, 7, 9, 0,
    0, -4, 0, -2, 4, 0, -4, 0,
    -4, -2, -9, 0, 0, -4, 0, -9,
    -7, 0, -11, 0, -55, 0, -9, -22,
    9, 13, 0, 0, -9, 4, 4, 15,
    9, -7, 9, 0, 0, -25, 0, 0,
    -16, 0, 0, -11, -5, -20, 0, -18,
    -2, 0, -13, 0, 0, 16, 0, -13,
    -4, 0, 0, 0, -7, 0, 0, -3,
    -31, 0, 0, -36, -4, 13, -20, 0,
    0, 0, 0, 0, 0, 0, 0, 0,
    16, 0, 4, 0, 0, -9, 0, 0,
    0, 0, 0, 0, 0, 0, 18, 4,
    0, 0, 3, 9, 4, 13, -4, 0,
    9, -4, -16, -60, 2, 11, 9, 0,
    -6, 0, 13, 0, 13, 0, 13, 0,
    0, 0, 0, -4, 13, 0, 0, -7,
    -16, 0, 0, -4, 0, -3, 0, 2,
    -9, -7, -9, 2, 0, -4, 0, 0,
    0, -18, 2, 0, -29, 0, 0, 0,
    0, -25, 4, -29, 0, 0, -16, -3,
    0, 43, -5, -7, 4, 4, -2, 0,
    -7, 4, 0, 0, -25, -9, 0, -43,
    0, 4, -29, 0, 27, -9, 0, -16,
    16, 0, -31, -43, -31, -9, 13, 0,
    0, -29, 0, 4, -11, 0, -7, 0,
    -9, 0, 9, 13, -54, 20, 0, 2,
    0, 0, 0, 0, 2, 2, -5, -9,
    0, 0, 0, -4, 0, 0, -2, 0,
    0, 0, -9, 0, 0, -9, 0, -9,
    0, 0, 0, 0, 4, -2, 0, 0,
    -2, 4, 4, 0, 0, 0, 0, -7,
    0, 0, 0, 0, 0, 0, 0, 0,
    -2, 0, 13, 0, 0, -4, 0, -4,
    0, 0, 0, 0, 0, 0, 0, 0,
    -2, -2, 0, -4, -4, 0, 0, 0,
    0, 0, 0, 0, 0, 0, -7, 0,
    -13, -2, -13, 9, 0, -9, 4, 9,
    11, 0, -11, 0, -4, 0, 0, -20,
    4, -2, 3, -25, 4, 0, -22, 0,
    9, -13, 0, 0, 0, -4, 0, 0,
    -4, 0, 0, 0, 0, 0, -2, -2,
    0, -2, -6, 0, 0, 0, 0, 0,
    0, -4, 0, 0, -4, 0, -2, 0,
    -9, 4, 0, -4, 2, 4, 4, 0,
    0, 0, 0, 0, 0, -2, 0, 0,
    0, 0, 0, 0, 0, 0, 0, -8,
    0, 13, -2, 0, -13, 0, 11, -22,
    -22, -18, -9, 4, 0, -4, -29, -8,
    0, -8, 0, -9, 7, -8, 0, 4,
    1, -13, 4, 0, 0, 0, -4, 0,
    0, 2, 0, 4, 0, 0, 0, 0,
    0, 0, 0, 0, 0, 0, 0, -4,
    0, 0, -13, 0, 0, 0, 0, 4,
    0, 0, 0, 0, 0, 0, 0, 22,
    0, 0, 0, 0, 0, 0, 2, 0,
    0, 0, -4, 0, 0, -9, 0, 4,
    0, -2, 0, 0, 0, -7, 0, 4,
    0, -22, -13, 0, 0, 0, -7, -22,
    0, 0, -4, 4, 0, -18, 0, -5,
    0, 0, -8, 4, 0, -7, 0, 0,
    0, 4, 0, 2, -9, -9, 0, -4,
    -4, -5, 0, 0, 0, 0, 0, 0,
    -13, 0, 0, -9, 4, -13, 4, 0,
    4, 0, 0, 0, 4, 0, -3, 0,
    18, 0, 9, 0, 0, -7, 0, 9,
    0, 0, 0, 4, 0, 0, 13, 0,
    13, 0, 0, -27, 0, -4, 7, 13,
    -60, 0, 43, 4, -9, -9, 4, 4,
    -2, 0, -22, 0, 0, 22, -27, -9,
    0, -31, 18, 63, -27, 0, -2, 9,
    -11, 0, 0, -4, 0, 4, 56, -9,
    -4, 13, 11, -11, 4, 0, 0, 4,
    4, -7, -13, 0, -58, 13, 0, 0,
    0, 9, 9, 11, 0, 0, 13, 0,
    -29, -25, 0, 20, 13, 8, -18, 2,
    18, 0, 16, 0, 9, 4, 0, 25,
    0, 0, 0
};

/*Collect the kern class' data in one place*/
static const lv_font_fmt_txt_kern_classes_t kern_classes =
{
    .class_pair_values   = kern_class_values,
    .left_class_mapping  = kern_left_class_mapping,
    .right_class_mapping = kern_right_class_mapping,
    .left_class_cnt      = 25,
    .right_class_cnt     = 27,
};

/*--------------------
 *  ALL CUSTOM DATA
 *--------------------*/

#if LVGL_VERSION_MAJOR == 8
/*Store all the custom data of the font*/
static  lv_font_fmt_txt_glyph_cache_t cache;
#endif

#if LVGL_VERSION_MAJOR >= 8
static const lv_font_fmt_txt_dsc_t font_dsc = {
#else
static lv_font_fmt_txt_dsc_t font_dsc = {
#endif
    .glyph_bitmap = glyph_bitmap,
    .glyph_dsc = glyph_dsc,
    .cmaps = cmaps,
    .kern_dsc = &kern_classes,
    .kern_scale = 16,
    .cmap_num = 2,
    .bpp = 4,
    .kern_classes = 1,
    .bitmap_format = 0,
#if LVGL_VERSION_MAJOR == 8
    .cache = &cache
#endif

};



/*-----------------
 *  PUBLIC FONT
 *----------------*/

/*Initialize a public general font descriptor*/
#if LVGL_VERSION_MAJOR >= 8
const lv_font_t font_h3_data = {
#else
lv_font_t font_h3_data = {
#endif
    .get_glyph_dsc = lv_font_get_glyph_dsc_fmt_txt,    /*Function pointer to get glyph's data*/
    .get_glyph_bitmap = lv_font_get_bitmap_fmt_txt,    /*Function pointer to get glyph's bitmap*/
    .line_height = 28,          /*The maximum line height required by the font*/
    .base_line = 5,             /*Baseline measured from the bottom of the line*/
#if LV_VERSION_CHECK(9, 6, 0) || LVGL_VERSION_MAJOR >= 10
    .cap_height = 20,           /*Cap height of the font*/
    .x_height = 15,               /*x-height of the font*/
#endif
#if !(LVGL_VERSION_MAJOR == 6 && LVGL_VERSION_MINOR == 0)
    .subpx = LV_FONT_SUBPX_NONE,
#endif
#if LV_VERSION_CHECK(7, 4, 0) || LVGL_VERSION_MAJOR >= 8
    .underline_position = -3,
    .underline_thickness = 1,
#endif

#if LV_VERSION_CHECK(9, 3, 0)
    .static_bitmap = 1,    /*Bitmaps are stored as const so they are always static if not compressed */
#endif

    .dsc = &font_dsc,          /*The custom font data. Will be accessed by `get_glyph_bitmap/dsc` */
#if LV_VERSION_CHECK(8, 2, 0) || LVGL_VERSION_MAJOR >= 9
    .fallback = NULL,
#endif
    .user_data = NULL,
};



#endif /*#if FONT_H3_DATA*/
